obsrad,prox,maxvel,acce_tc,wrt,svt,time,arb,num_a_s,max_jerk,ave_jerk
5.000000,1.000000,3.000000,2.000000,1.000000,0.200000,22.880000,0.125774,0.000000,541.205025,3.186321
5.000000,1.000000,3.000000,2.000000,1.000000,0.500000,22.880000,0.125774,0.000000,541.205025,3.186321
5.000000,1.000000,3.000000,2.000000,1.000000,1.000000,22.880000,0.125774,0.000000,541.205025,3.186321
5.000000,1.000000,3.000000,2.000000,3.000000,0.200000,22.210000,0.125774,0.000000,541.205025,3.282454
5.000000,1.000000,3.000000,2.000000,3.000000,0.500000,22.210000,0.125774,0.000000,541.205025,3.282454
5.000000,1.000000,3.000000,2.000000,3.000000,1.000000,22.210000,0.125774,0.000000,541.205025,3.282454
5.000000,1.000000,3.000000,1.000000,1.000000,0.200000,24.860000,0.744188,0.000000,214.265116,1.587669
5.000000,1.000000,3.000000,1.000000,1.000000,0.500000,24.860000,0.744188,0.000000,214.265116,1.587669
5.000000,1.000000,3.000000,1.000000,1.000000,1.000000,24.860000,0.744188,0.000000,214.265116,1.587669
5.000000,1.000000,3.000000,1.000000,3.000000,0.200000,24.200000,0.744188,0.000000,214.265116,1.630815
5.000000,1.000000,3.000000,1.000000,3.000000,0.500000,24.200000,0.744188,0.000000,214.265116,1.630815
5.000000,1.000000,3.000000,1.000000,3.000000,1.000000,24.200000,0.744188,0.000000,214.265116,1.630815
5.000000,1.000000,3.000000,0.200000,1.000000,0.200000,29.990000,0.850651,0.000000,42.994741,0.251957
5.000000,1.000000,3.000000,0.200000,1.000000,0.500000,29.990000,0.850651,0.000000,42.994741,0.251957
5.000000,1.000000,3.000000,0.200000,1.000000,1.000000,32.180000,0.326260,3.000000,42.994741,0.199585
5.000000,1.000000,3.000000,0.200000,3.000000,0.200000,28.990000,0.850651,0.000000,42.994741,0.249241
5.000000,1.000000,3.000000,0.200000,3.000000,0.500000,28.990000,0.850651,0.000000,42.994741,0.249241
5.000000,1.000000,3.000000,0.200000,3.000000,1.000000,27.460000,0.337274,1.000000,51.987366,0.183277
5.000000,1.000000,5.000000,2.000000,1.000000,0.200000,14.260000,0.082361,0.000000,710.732364,8.085197
5.000000,1.000000,5.000000,2.000000,1.000000,0.500000,14.260000,0.082361,0.000000,710.732364,8.085197
5.000000,1.000000,5.000000,2.000000,1.000000,1.000000,14.260000,0.082361,0.000000,710.732364,8.085197
5.000000,1.000000,5.000000,2.000000,3.000000,0.200000,13.860000,0.082361,0.000000,710.732364,8.317495
5.000000,1.000000,5.000000,2.000000,3.000000,0.500000,13.860000,0.082361,0.000000,710.732364,8.317495
5.000000,1.000000,5.000000,2.000000,3.000000,1.000000,13.860000,0.082361,0.000000,710.732364,8.317495
5.000000,1.000000,5.000000,1.000000,1.000000,0.200000,15.380000,0.121887,0.000000,356.663676,3.916685
5.000000,1.000000,5.000000,1.000000,1.000000,0.500000,15.380000,0.121887,0.000000,356.663676,3.916685
5.000000,1.000000,5.000000,1.000000,1.000000,1.000000,15.380000,0.121887,0.000000,356.663676,3.916685
5.000000,1.000000,5.000000,1.000000,3.000000,0.200000,14.980000,0.121887,0.000000,356.663676,4.018497
5.000000,1.000000,5.000000,1.000000,3.000000,0.500000,14.980000,0.121887,0.000000,356.663676,4.018497
5.000000,1.000000,5.000000,1.000000,3.000000,1.000000,14.980000,0.121887,0.000000,356.663676,4.018497
5.000000,1.000000,5.000000,0.200000,1.000000,0.200000,26.330000,0.757443,0.000000,71.609055,0.591074
5.000000,1.000000,5.000000,0.200000,1.000000,0.500000,26.330000,0.757443,0.000000,71.609055,0.591074
5.000000,1.000000,5.000000,0.200000,1.000000,1.000000,30.900000,0.757443,2.000000,71.609055,0.642704
5.000000,1.000000,5.000000,0.200000,3.000000,0.200000,18.870000,0.757443,0.000000,71.609055,0.632805
5.000000,1.000000,5.000000,0.200000,3.000000,0.500000,18.870000,0.757443,0.000000,71.609055,0.632805
5.000000,1.000000,5.000000,0.200000,3.000000,1.000000,18.870000,0.757443,0.000000,71.609055,0.632805
5.000000,1.000000,10.000000,2.000000,1.000000,0.200000,7.680000,0.118968,0.000000,1417.032725,31.042913
5.000000,1.000000,10.000000,2.000000,1.000000,0.500000,7.680000,0.118968,0.000000,1417.032725,31.042913
5.000000,1.000000,10.000000,2.000000,1.000000,1.000000,7.680000,0.118968,0.000000,1417.032725,31.042913
5.000000,1.000000,10.000000,2.000000,3.000000,0.200000,7.480000,0.118968,0.000000,1417.032725,31.851810
5.000000,1.000000,10.000000,2.000000,3.000000,0.500000,7.480000,0.118968,0.000000,1417.032725,31.851810
5.000000,1.000000,10.000000,2.000000,3.000000,1.000000,7.480000,0.118968,0.000000,1417.032725,31.851810
5.000000,1.000000,10.000000,1.000000,1.000000,0.200000,8.150000,0.331129,0.000000,713.353647,13.823780
5.000000,1.000000,10.000000,1.000000,1.000000,0.500000,8.150000,0.331129,0.000000,713.353647,13.823780
5.000000,1.000000,10.000000,1.000000,1.000000,1.000000,8.150000,0.331129,0.000000,713.353647,13.823780
5.000000,1.000000,10.000000,1.000000,3.000000,0.200000,7.920000,0.331129,0.000000,713.353647,14.125736
5.000000,1.000000,10.000000,1.000000,3.000000,0.500000,7.920000,0.331129,0.000000,713.353647,14.125736
5.000000,1.000000,10.000000,1.000000,3.000000,1.000000,7.920000,0.331129,0.000000,713.353647,14.125736
5.000000,1.000000,10.000000,0.200000,1.000000,0.200000,22.460000,0.573200,0.000000,143.045502,1.549694
5.000000,1.000000,10.000000,0.200000,1.000000,0.500000,22.460000,0.573200,0.000000,143.045502,1.549694
5.000000,1.000000,10.000000,0.200000,1.000000,1.000000,29.890000,0.573200,3.000000,154.566706,1.696767
5.000000,1.000000,10.000000,0.200000,3.000000,0.200000,17.580000,0.573200,0.000000,143.045502,1.546570
5.000000,1.000000,10.000000,0.200000,3.000000,0.500000,17.580000,0.573200,0.000000,143.045502,1.546570
5.000000,1.000000,10.000000,0.200000,3.000000,1.000000,17.580000,0.573200,0.000000,143.045502,1.546570
5.000000,3.000000,3.000000,2.000000,1.000000,0.200000,40.760000,0.530280,1.000000,582.820962,6.498414
5.000000,3.000000,3.000000,2.000000,1.000000,0.500000,40.030000,0.530242,1.000000,740.378137,4.975960
5.000000,3.000000,3.000000,2.000000,1.000000,1.000000,39.260000,0.737137,3.000000,542.504344,3.824562
5.000000,3.000000,3.000000,2.000000,3.000000,0.200000,41.090000,0.700295,2.000000,602.758029,7.263708
5.000000,3.000000,3.000000,2.000000,3.000000,0.500000,40.070000,0.703762,2.000000,740.378137,5.515318
5.000000,3.000000,3.000000,2.000000,3.000000,1.000000,38.750000,0.715519,2.000000,600.019929,4.104009
5.000000,3.000000,3.000000,1.000000,1.000000,0.200000,66.800000,0.857455,3.000000,253.716923,1.713731
5.000000,3.000000,3.000000,1.000000,1.000000,0.500000,63.150000,0.857455,3.000000,235.754358,1.506303
5.000000,3.000000,3.000000,1.000000,1.000000,1.000000,94.300000,1.836170,14.000000,252.937750,1.389398
5.000000,3.000000,3.000000,1.000000,3.000000,0.200000,83.010000,0.857455,4.000000,303.130571,2.369836
5.000000,3.000000,3.000000,1.000000,3.000000,0.500000,79.580000,0.857455,4.000000,303.146467,1.927257
5.000000,3.000000,3.000000,1.000000,3.000000,1.000000,71.310000,0.853142,6.000000,341.794542,2.027302
5.000000,3.000000,3.000000,0.200000,1.000000,0.200000,-1.000000,-1.000000,-1.000000,-1.000000,-1.000000
5.000000,3.000000,3.000000,0.200000,1.000000,0.500000,-1.000000,-1.000000,-1.000000,-1.000000,-1.000000
5.000000,3.000000,3.000000,0.200000,1.000000,1.000000,114.520000,1.900977,18.000000,87.175389,0.304436
5.000000,3.000000,3.000000,0.200000,3.000000,0.200000,-1.000000,-1.000000,-1.000000,-1.000000,-1.000000
5.000000,3.000000,3.000000,0.200000,3.000000,0.500000,-1.000000,-1.000000,-1.000000,-1.000000,-1.000000
5.000000,3.000000,3.000000,0.200000,3.000000,1.000000,-1.000000,-1.000000,-1.000000,-1.000000,-1.000000
5.000000,3.000000,5.000000,2.000000,1.000000,0.200000,27.640000,0.873077,1.000000,1309.774527,16.225751
5.000000,3.000000,5.000000,2.000000,1.000000,0.500000,27.350000,0.895927,1.000000,1309.774527,13.205471
5.000000,3.000000,5.000000,2.000000,1.000000,1.000000,26.910000,0.891030,1.000000,1197.565759,10.409928
5.000000,3.000000,5.000000,2.000000,3.000000,0.200000,28.650000,0.978192,2.000000,1309.774527,16.848764
5.000000,3.000000,5.000000,2.000000,3.000000,0.500000,27.630000,0.992222,2.000000,1309.774527,13.740476
5.000000,3.000000,5.000000,2.000000,3.000000,1.000000,26.930000,0.988940,2.000000,1211.855188,10.557060
5.000000,3.000000,5.000000,1.000000,1.000000,0.200000,-1.000000,-1.000000,-1.000000,-1.000000,-1.000000
5.000000,3.000000,5.000000,1.000000,1.000000,0.500000,-1.000000,-1.000000,-1.000000,-1.000000,-1.000000
5.000000,3.000000,5.000000,1.000000,1.000000,1.000000,-1.000000,-1.000000,-1.000000,-1.000000,-1.000000
5.000000,3.000000,5.000000,1.000000,3.000000,0.200000,65.510000,2.232491,4.000000,497.631300,4.313470
5.000000,3.000000,5.000000,1.000000,3.000000,0.500000,52.630000,2.030651,4.000000,564.100693,3.926959
5.000000,3.000000,5.000000,1.000000,3.000000,1.000000,50.790000,2.030651,4.000000,565.772599,4.076764
5.000000,3.000000,5.000000,0.200000,1.000000,0.200000,-1.000000,-1.000000,-1.000000,-1.000000,-1.000000
5.000000,3.000000,5.000000,0.200000,1.000000,0.500000,-1.000000,-1.000000,-1.000000,-1.000000,-1.000000
5.000000,3.000000,5.000000,0.200000,1.000000,1.000000,-1.000000,-1.000000,-1.000000,-1.000000,-1.000000
5.000000,3.000000,5.000000,0.200000,3.000000,0.200000,-1.000000,-1.000000,-1.000000,-1.000000,-1.000000
5.000000,3.000000,5.000000,0.200000,3.000000,0.500000,-1.000000,-1.000000,-1.000000,-1.000000,-1.000000
5.000000,3.000000,5.000000,0.200000,3.000000,1.000000,-1.000000,-1.000000,-1.000000,-1.000000,-1.000000
5.000000,3.000000,10.000000,2.000000,1.000000,0.200000,16.550000,2.291131,0.000000,1949.263045,22.726919
5.000000,3.000000,10.000000,2.000000,1.000000,0.500000,-1.000000,-1.000000,-1.000000,-1.000000,-1.000000
5.000000,3.000000,10.000000,2.000000,1.000000,1.000000,-1.000000,-1.000000,-1.000000,-1.000000,-1.000000
5.000000,3.000000,10.000000,2.000000,3.000000,0.200000,16.340000,2.291131,0.000000,1949.263045,22.962865
5.000000,3.000000,10.000000,2.000000,3.000000,0.500000,-1.000000,-1.000000,-1.000000,-1.000000,-1.000000
5.000000,3.000000,10.000000,2.000000,3.000000,1.000000,36.000000,2.313759,5.000000,2479.001572,33.803648
5.000000,3.000000,10.000000,1.000000,1.000000,0.200000,-1.000000,-1.000000,-1.000000,-1.000000,-1.000000
5.000000,3.000000,10.000000,1.000000,1.000000,0.500000,-1.000000,-1.000000,-1.000000,-1.000000,-1.000000
5.000000,3.000000,10.000000,1.000000,1.000000,1.000000,-1.000000,-1.000000,-1.000000,-1.000000,-1.000000
5.000000,3.000000,10.000000,1.000000,3.000000,0.200000,-1.000000,-1.000000,-1.000000,-1.000000,-1.000000
5.000000,3.000000,10.000000,1.000000,3.000000,0.500000,-1.000000,-1.000000,-1.000000,-1.000000,-1.000000
5.000000,3.000000,10.000000,1.000000,3.000000,1.000000,-1.000000,-1.000000,-1.000000,-1.000000,-1.000000
5.000000,3.000000,10.000000,0.200000,1.000000,0.200000,-1.000000,-1.000000,-1.000000,-1.000000,-1.000000
5.000000,3.000000,10.000000,0.200000,1.000000,0.500000,-1.000000,-1.000000,-1.000000,-1.000000,-1.000000
5.000000,3.000000,10.000000,0.200000,1.000000,1.000000,-1.000000,-1.000000,-1.000000,-1.000000,-1.000000
5.000000,3.000000,10.000000,0.200000,3.000000,0.200000,-1.000000,-1.000000,-1.000000,-1.000000,-1.000000
5.000000,3.000000,10.000000,0.200000,3.000000,0.500000,-1.000000,-1.000000,-1.000000,-1.000000,-1.000000
5.000000,3.000000,10.000000,0.200000,3.000000,1.000000,-1.000000,-1.000000,-1.000000,-1.000000,-1.000000
5.000000,5.000000,3.000000,2.000000,1.000000,0.200000,113.050000,1.631848,12.000000,799.966096,2.851414
5.000000,5.000000,3.000000,2.000000,1.000000,0.500000,-1.000000,-1.000000,-1.000000,-1.000000,-1.000000
5.000000,5.000000,3.000000,2.000000,1.000000,1.000000,-1.000000,-1.000000,-1.000000,-1.000000,-1.000000
5.000000,5.000000,3.000000,2.000000,3.000000,0.200000,114.700000,1.687072,15.000000,827.840083,3.411946
5.000000,5.000000,3.000000,2.000000,3.000000,0.500000,-1.000000,-1.000000,-1.000000,-1.000000,-1.000000
5.000000,5.000000,3.000000,2.000000,3.000000,1.000000,-1.000000,-1.000000,-1.000000,-1.000000,-1.000000
5.000000,5.000000,3.000000,1.000000,1.000000,0.200000,-1.000000,-1.000000,-1.000000,-1.000000,-1.000000
5.000000,5.000000,3.000000,1.000000,1.000000,0.500000,-1.000000,-1.000000,-1.000000,-1.000000,-1.000000
5.000000,5.000000,3.000000,1.000000,1.000000,1.000000,-1.000000,-1.000000,-1.000000,-1.000000,-1.000000
5.000000,5.000000,3.000000,1.000000,3.000000,0.200000,-1.000000,-1.000000,-1.000000,-1.000000,-1.000000
5.000000,5.000000,3.000000,1.000000,3.000000,0.500000,-1.000000,-1.000000,-1.000000,-1.000000,-1.000000
5.000000,5.000000,3.000000,1.000000,3.000000,1.000000,-1.000000,-1.000000,-1.000000,-1.000000,-1.000000
5.000000,5.000000,3.000000,0.200000,1.000000,0.200000,-1.000000,-1.000000,-1.000000,-1.000000,-1.000000
5.000000,5.000000,3.000000,0.200000,1.000000,0.500000,-1.000000,-1.000000,-1.000000,-1.000000,-1.000000
5.000000,5.000000,3.000000,0.200000,1.000000,1.000000,-1.000000,-1.000000,-1.000000,-1.000000,-1.000000
5.000000,5.000000,3.000000,0.200000,3.000000,0.200000,-1.000000,-1.000000,-1.000000,-1.000000,-1.000000
5.000000,5.000000,3.000000,0.200000,3.000000,0.500000,-1.000000,-1.000000,-1.000000,-1.000000,-1.000000
5.000000,5.000000,3.000000,0.200000,3.000000,1.000000,-1.000000,-1.000000,-1.000000,-1.000000,-1.000000
5.000000,5.000000,5.000000,2.000000,1.000000,0.200000,-1.000000,-1.000000,-1.000000,-1.000000,-1.000000
5.000000,5.000000,5.000000,2.000000,1.000000,0.500000,-1.000000,-1.000000,-1.000000,-1.000000,-1.000000
5.000000,5.000000,5.000000,2.000000,1.000000,1.000000,-1.000000,-1.000000,-1.000000,-1.000000,-1.000000
5.000000,5.000000,5.000000,2.000000,3.000000,0.200000,-1.000000,-1.000000,-1.000000,-1.000000,-1.000000
5.000000,5.000000,5.000000,2.000000,3.000000,0.500000,-1.000000,-1.000000,-1.000000,-1.000000,-1.000000
5.000000,5.000000,5.000000,2.000000,3.000000,1.000000,-1.000000,-1.000000,-1.000000,-1.000000,-1.000000
5.000000,5.000000,5.000000,1.000000,1.000000,0.200000,-1.000000,-1.000000,-1.000000,-1.000000,-1.000000
5.000000,5.000000,5.000000,1.000000,1.000000,0.500000,-1.000000,-1.000000,-1.000000,-1.000000,-1.000000
5.000000,5.000000,5.000000,1.000000,1.000000,1.000000,-1.000000,-1.000000,-1.000000,-1.000000,-1.000000
5.000000,5.000000,5.000000,1.000000,3.000000,0.200000,-1.000000,-1.000000,-1.000000,-1.000000,-1.000000
5.000000,5.000000,5.000000,1.000000,3.000000,0.500000,-1.000000,-1.000000,-1.000000,-1.000000,-1.000000
5.000000,5.000000,5.000000,1.000000,3.000000,1.000000,-1.000000,-1.000000,-1.000000,-1.000000,-1.000000
5.000000,5.000000,5.000000,0.200000,1.000000,0.200000,-1.000000,-1.000000,-1.000000,-1.000000,-1.000000
5.000000,5.000000,5.000000,0.200000,1.000000,0.500000,-1.000000,-1.000000,-1.000000,-1.000000,-1.000000
5.000000,5.000000,5.000000,0.200000,1.000000,1.000000,-1.000000,-1.000000,-1.000000,-1.000000,-1.000000
5.000000,5.000000,5.000000,0.200000,3.000000,0.200000,-1.000000,-1.000000,-1.000000,-1.000000,-1.000000
5.000000,5.000000,5.000000,0.200000,3.000000,0.500000,-1.000000,-1.000000,-1.000000,-1.000000,-1.000000
5.000000,5.000000,5.000000,0.200000,3.000000,1.000000,-1.000000,-1.000000,-1.000000,-1.000000,-1.000000
5.000000,5.000000,10.000000,2.000000,1.000000,0.200000,-1.000000,-1.000000,-1.000000,-1.000000,-1.000000
5.000000,5.000000,10.000000,2.000000,1.000000,0.500000,-1.000000,-1.000000,-1.000000,-1.000000,-1.000000
5.000000,5.000000,10.000000,2.000000,1.000000,1.000000,-1.000000,-1.000000,-1.000000,-1.000000,-1.000000
5.000000,5.000000,10.000000,2.000000,3.000000,0.200000,-1.000000,-1.000000,-1.000000,-1.000000,-1.000000
5.000000,5.000000,10.000000,2.000000,3.000000,0.500000,-1.000000,-1.000000,-1.000000,-1.000000,-1.000000
5.000000,5.000000,10.000000,2.000000,3.000000,1.000000,-1.000000,-1.000000,-1.000000,-1.000000,-1.000000
5.000000,5.000000,10.000000,1.000000,1.000000,0.200000,-1.000000,-1.000000,-1.000000,-1.000000,-1.000000
5.000000,5.000000,10.000000,1.000000,1.000000,0.500000,-1.000000,-1.000000,-1.000000,-1.000000,-1.000000
5.000000,5.000000,10.000000,1.000000,1.000000,1.000000,-1.000000,-1.000000,-1.000000,-1.000000,-1.000000
5.000000,5.000000,10.000000,1.000000,3.000000,0.200000,-1.000000,-1.000000,-1.000000,-1.000000,-1.000000
5.000000,5.000000,10.000000,1.000000,3.000000,0.500000,-1.000000,-1.000000,-1.000000,-1.000000,-1.000000
5.000000,5.000000,10.000000,1.000000,3.000000,1.000000,-1.000000,-1.000000,-1.000000,-1.000000,-1.000000
5.000000,5.000000,10.000000,0.200000,1.000000,0.200000,-1.000000,-1.000000,-1.000000,-1.000000,-1.000000
5.000000,5.000000,10.000000,0.200000,1.000000,0.500000,-1.000000,-1.000000,-1.000000,-1.000000,-1.000000
5.000000,5.000000,10.000000,0.200000,1.000000,1.000000,-1.000000,-1.000000,-1.000000,-1.000000,-1.000000
5.000000,5.000000,10.000000,0.200000,3.000000,0.200000,-1.000000,-1.000000,-1.000000,-1.000000,-1.000000
5.000000,5.000000,10.000000,0.200000,3.000000,0.500000,-1.000000,-1.000000,-1.000000,-1.000000,-1.000000
5.000000,5.000000,10.000000,0.200000,3.000000,1.000000,-1.000000,-1.000000,-1.000000,-1.000000,-1.000000
10.000000,1.000000,3.000000,2.000000,1.000000,0.200000,22.410000,0.090050,0.000000,281.848623,2.020719
10.000000,1.000000,3.000000,2.000000,1.000000,0.500000,22.410000,0.090050,0.000000,281.848623,2.020719
10.000000,1.000000,3.000000,2.000000,1.000000,1.000000,22.410000,0.090050,0.000000,281.848623,2.020719
10.000000,1.000000,3.000000,2.000000,3.000000,0.200000,21.750000,0.090050,0.000000,281.848623,2.082035
10.000000,1.000000,3.000000,2.000000,3.000000,0.500000,21.750000,0.090050,0.000000,281.848623,2.082035
10.000000,1.000000,3.000000,2.000000,3.000000,1.000000,21.750000,0.090050,0.000000,281.848623,2.082035
10.000000,1.000000,3.000000,1.000000,1.000000,0.200000,23.960000,0.285587,0.000000,180.506443,1.070339
10.000000,1.000000,3.000000,1.000000,1.000000,0.500000,23.960000,0.285587,0.000000,180.506443,1.070339
10.000000,1.000000,3.000000,1.000000,1.000000,1.000000,23.960000,0.285587,0.000000,180.506443,1.070339
10.000000,1.000000,3.000000,1.000000,3.000000,0.200000,23.300000,0.285587,0.000000,180.506443,1.100268
10.000000,1.000000,3.000000,1.000000,3.000000,0.500000,23.300000,0.285587,0.000000,180.506443,1.100268
10.000000,1.000000,3.000000,1.000000,3.000000,1.000000,23.300000,0.285587,0.000000,180.506443,1.100268
10.000000,1.000000,3.000000,0.200000,1.000000,0.200000,30.630000,0.986014,0.000000,45.714672,0.199368
10.000000,1.000000,3.000000,0.200000,1.000000,0.500000,30.630000,0.986014,0.000000,45.714672,0.199368
10.000000,1.000000,3.000000,0.200000,1.000000,1.000000,41.620000,0.416147,5.000000,51.132612,0.227779
10.000000,1.000000,3.000000,0.200000,3.000000,0.200000,29.770000,0.986014,0.000000,45.714672,0.199567
10.000000,1.000000,3.000000,0.200000,3.000000,0.500000,29.770000,0.986014,0.000000,45.714672,0.199567
10.000000,1.000000,3.000000,0.200000,3.000000,1.000000,27.870000,0.799629,1.000000,51.132612,0.151924
10.000000,1.000000,5.000000,2.000000,1.000000,0.200000,14.120000,0.071947,0.000000,612.114608,5.794078
10.000000,1.000000,5.000000,2.000000,1.000000,0.500000,14.120000,0.071947,0.000000,612.114608,5.794078
10.000000,1.000000,5.000000,2.000000,1.000000,1.000000,14.120000,0.071947,0.000000,612.114608,5.794078
10.000000,1.000000,5.000000,2.000000,3.000000,0.200000,13.720000,0.071947,0.000000,612.114608,5.961877
10.000000,1.000000,5.000000,2.000000,3.000000,0.500000,13.720000,0.071947,0.000000,612.114608,5.961877
10.000000,1.000000,5.000000,2.000000,3.000000,1.000000,13.720000,0.071947,0.000000,612.114608,5.961877
10.000000,1.000000,5.000000,1.000000,1.000000,0.200000,14.910000,0.733474,0.000000,254.749020,2.653121
10.000000,1.000000,5.000000,1.000000,1.000000,0.500000,14.910000,0.733474,0.000000,254.749020,2.653121
10.000000,1.000000,5.000000,1.000000,1.000000,1.000000,14.910000,0.733474,0.000000,254.749020,2.653121
10.000000,1.000000,5.000000,1.000000,3.000000,0.200000,14.500000,0.733474,0.000000,254.749020,2.725524
10.000000,1.000000,5.000000,1.000000,3.000000,0.500000,14.500000,0.733474,0.000000,254.749020,2.725524
10.000000,1.000000,5.000000,1.000000,3.000000,1.000000,14.500000,0.733474,0.000000,254.749020,2.725524
10.000000,1.000000,5.000000,0.200000,1.000000,0.200000,27.640000,0.987710,0.000000,105.322224,0.505737
10.000000,1.000000,5.000000,0.200000,1.000000,0.500000,27.640000,0.987710,0.000000,105.322224,0.505737
10.000000,1.000000,5.000000,0.200000,1.000000,1.000000,27.960000,0.987710,1.000000,105.322224,0.542056
10.000000,1.000000,5.000000,0.200000,3.000000,0.200000,20.210000,0.987710,0.000000,105.322224,0.511965
10.000000,1.000000,5.000000,0.200000,3.000000,0.500000,20.210000,0.987710,0.000000,105.322224,0.511965
10.000000,1.000000,5.000000,0.200000,3.000000,1.000000,20.210000,0.987710,0.000000,105.322224,0.511965
10.000000,1.000000,10.000000,2.000000,1.000000,0.200000,7.420000,0.681019,0.000000,911.326558,19.622426
10.000000,1.000000,10.000000,2.000000,1.000000,0.500000,7.420000,0.681019,0.000000,911.326558,19.622426
10.000000,1.000000,10.000000,2.000000,1.000000,1.000000,7.420000,0.681019,0.000000,911.326558,19.622426
10.000000,1.000000,10.000000,2.000000,3.000000,0.200000,7.220000,0.681019,0.000000,911.326558,20.146140
10.000000,1.000000,10.000000,2.000000,3.000000,0.500000,7.220000,0.681019,0.000000,911.326558,20.146140
10.000000,1.000000,10.000000,2.000000,3.000000,1.000000,7.220000,0.681019,0.000000,911.326558,20.146140
10.000000,1.000000,10.000000,1.000000,1.000000,0.200000,8.410000,0.552355,0.000000,413.330457,9.681965
10.000000,1.000000,10.000000,1.000000,1.000000,0.500000,8.410000,0.552355,0.000000,413.330457,9.681965
10.000000,1.000000,10.000000,1.000000,1.000000,1.000000,8.410000,0.552355,0.000000,413.330457,9.681965
10.000000,1.000000,10.000000,1.000000,3.000000,0.200000,8.200000,0.552355,0.000000,413.330457,9.912656
10.000000,1.000000,10.000000,1.000000,3.000000,0.500000,8.200000,0.552355,0.000000,413.330457,9.912656
10.000000,1.000000,10.000000,1.000000,3.000000,1.000000,8.200000,0.552355,0.000000,413.330457,9.912656
10.000000,1.000000,10.000000,0.200000,1.000000,0.200000,19.170000,0.944635,0.000000,98.614968,1.266167
10.000000,1.000000,10.000000,0.200000,1.000000,0.500000,19.170000,0.944635,0.000000,98.614968,1.266167
10.000000,1.000000,10.000000,0.200000,1.000000,1.000000,-1.000000,-1.000000,-1.000000,-1.000000,-1.000000
10.000000,1.000000,10.000000,0.200000,3.000000,0.200000,12.420000,0.610902,0.000000,98.614968,1.266054
10.000000,1.000000,10.000000,0.200000,3.000000,0.500000,12.420000,0.610902,0.000000,98.614968,1.266054
10.000000,1.000000,10.000000,0.200000,3.000000,1.000000,12.420000,0.610902,0.000000,98.614968,1.266054
10.000000,3.000000,3.000000,2.000000,1.000000,0.200000,89.390000,0.507199,3.000000,906.596046,5.446014
10.000000,3.000000,3.000000,2.000000,1.000000,0.500000,88.020000,0.527493,3.000000,906.596046,4.245896
10.000000,3.000000,3.000000,2.000000,1.000000,1.000000,85.760000,0.507234,3.000000,712.960116,3.378696
10.000000,3.000000,3.000000,2.000000,3.000000,0.200000,66.460000,0.923178,2.000000,906.596046,5.620413
10.000000,3.000000,3.000000,2.000000,3.000000,0.500000,65.460000,0.931472,2.000000,906.596046,4.608493
10.000000,3.000000,3.000000,2.000000,3.000000,1.000000,85.650000,0.934673,4.000000,495.208170,2.672402
10.000000,3.000000,3.000000,1.000000,1.000000,0.200000,98.950000,1.391337,3.000000,297.210217,1.543833
10.000000,3.000000,3.000000,1.000000,1.000000,0.500000,96.220000,1.392058,3.000000,319.613544,1.278779
10.000000,3.000000,3.000000,1.000000,1.000000,1.000000,93.170000,1.467683,4.000000,294.639930,1.215913
10.000000,3.000000,3.000000,1.000000,3.000000,0.200000,69.440000,1.576187,2.000000,289.349094,1.718716
10.000000,3.000000,3.000000,1.000000,3.000000,0.500000,67.750000,1.583005,2.000000,261.787453,1.296260
10.000000,3.000000,3.000000,1.000000,3.000000,1.000000,64.390000,1.609460,2.000000,204.379006,1.251682
10.000000,3.000000,3.000000,0.200000,1.000000,0.200000,42.570000,2.257482,0.000000,55.038268,0.230803
10.000000,3.000000,3.000000,0.200000,1.000000,0.500000,42.610000,2.257482,1.000000,55.038268,0.238495
10.000000,3.000000,3.000000,0.200000,1.000000,1.000000,-1.000000,-1.000000,-1.000000,-1.000000,-1.000000
10.000000,3.000000,3.000000,0.200000,3.000000,0.200000,34.890000,2.257482,0.000000,55.038268,0.225358
10.000000,3.000000,3.000000,0.200000,3.000000,0.500000,34.890000,2.257482,0.000000,55.038268,0.225358
10.000000,3.000000,3.000000,0.200000,3.000000,1.000000,-1.000000,-1.000000,-1.000000,-1.000000,-1.000000
10.000000,3.000000,5.000000,2.000000,1.000000,0.200000,49.890000,1.028004,3.000000,1676.183056,17.310501
10.000000,3.000000,5.000000,2.000000,1.000000,0.500000,59.490000,1.074539,3.000000,1250.360183,10.684974
10.000000,3.000000,5.000000,2.000000,1.000000,1.000000,58.560000,1.112269,3.000000,1174.870410,9.402156
10.000000,3.000000,5.000000,2.000000,3.000000,0.200000,42.890000,1.571428,2.000000,1676.183056,15.000270
10.000000,3.000000,5.000000,2.000000,3.000000,0.500000,42.310000,1.570236,2.000000,1250.360183,13.623239
10.000000,3.000000,5.000000,2.000000,3.000000,1.000000,41.210000,1.582695,2.000000,1174.870410,10.637706
10.000000,3.000000,5.000000,1.000000,1.000000,0.200000,75.950000,2.195115,3.000000,652.278026,5.035717
10.000000,3.000000,5.000000,1.000000,1.000000,0.500000,70.960000,2.144298,3.000000,496.034974,3.461010
10.000000,3.000000,5.000000,1.000000,1.000000,1.000000,75.100000,2.144468,4.000000,769.612655,3.595085
10.000000,3.000000,5.000000,1.000000,3.000000,0.200000,51.090000,1.796217,2.000000,499.160198,4.905680
10.000000,3.000000,5.000000,1.000000,3.000000,0.500000,45.540000,2.061802,2.000000,415.905519,3.145114
10.000000,3.000000,5.000000,1.000000,3.000000,1.000000,-1.000000,-1.000000,-1.000000,-1.000000,-1.000000
10.000000,3.000000,5.000000,0.200000,1.000000,0.200000,-1.000000,-1.000000,-1.000000,-1.000000,-1.000000
10.000000,3.000000,5.000000,0.200000,1.000000,0.500000,-1.000000,-1.000000,-1.000000,-1.000000,-1.000000
10.000000,3.000000,5.000000,0.200000,1.000000,1.000000,-1.000000,-1.000000,-1.000000,-1.000000,-1.000000
10.000000,3.000000,5.000000,0.200000,3.000000,0.200000,-1.000000,-1.000000,-1.000000,-1.000000,-1.000000
10.000000,3.000000,5.000000,0.200000,3.000000,0.500000,-1.000000,-1.000000,-1.000000,-1.000000,-1.000000
10.000000,3.000000,5.000000,0.200000,3.000000,1.000000,-1.000000,-1.000000,-1.000000,-1.000000,-1.000000
10.000000,3.000000,10.000000,2.000000,1.000000,0.200000,41.370000,2.274424,3.000000,2027.743610,33.351188
10.000000,3.000000,10.000000,2.000000,1.000000,0.500000,38.900000,2.025947,3.000000,2460.997004,30.558931
10.000000,3.000000,10.000000,2.000000,1.000000,1.000000,38.210000,2.022035,3.000000,2018.067467,29.154145
10.000000,3.000000,10.000000,2.000000,3.000000,0.200000,30.700000,1.818549,2.000000,3576.368209,49.090700
10.000000,3.000000,10.000000,2.000000,3.000000,0.500000,24.760000,1.818549,2.000000,1658.339511,25.414269
10.000000,3.000000,10.000000,2.000000,3.000000,1.000000,24.340000,1.818549,2.000000,1693.586723,25.235410
10.000000,3.000000,10.000000,1.000000,1.000000,0.200000,-1.000000,-1.000000,-1.000000,-1.000000,-1.000000
10.000000,3.000000,10.000000,1.000000,1.000000,0.500000,-1.000000,-1.000000,-1.000000,-1.000000,-1.000000
10.000000,3.000000,10.000000,1.000000,1.000000,1.000000,-1.000000,-1.000000,-1.000000,-1.000000,-1.000000
10.000000,3.000000,10.000000,1.000000,3.000000,0.200000,-1.000000,-1.000000,-1.000000,-1.000000,-1.000000
10.000000,3.000000,10.000000,1.000000,3.000000,0.500000,-1.000000,-1.000000,-1.000000,-1.000000,-1.000000
10.000000,3.000000,10.000000,1.000000,3.000000,1.000000,-1.000000,-1.000000,-1.000000,-1.000000,-1.000000
10.000000,3.000000,10.000000,0.200000,1.000000,0.200000,-1.000000,-1.000000,-1.000000,-1.000000,-1.000000
10.000000,3.000000,10.000000,0.200000,1.000000,0.500000,-1.000000,-1.000000,-1.000000,-1.000000,-1.000000
10.000000,3.000000,10.000000,0.200000,1.000000,1.000000,-1.000000,-1.000000,-1.000000,-1.000000,-1.000000
10.000000,3.000000,10.000000,0.200000,3.000000,0.200000,-1.000000,-1.000000,-1.000000,-1.000000,-1.000000
10.000000,3.000000,10.000000,0.200000,3.000000,0.500000,-1.000000,-1.000000,-1.000000,-1.000000,-1.000000
10.000000,3.000000,10.000000,0.200000,3.000000,1.000000,-1.000000,-1.000000,-1.000000,-1.000000,-1.000000
10.000000,5.000000,3.000000,2.000000,1.000000,0.200000,105.680000,1.615401,8.000000,713.525325,1.833881
10.000000,5.000000,3.000000,2.000000,1.000000,0.500000,-1.000000,-1.000000,-1.000000,-1.000000,-1.000000
10.000000,5.000000,3.000000,2.000000,1.000000,1.000000,-1.000000,-1.000000,-1.000000,-1.000000,-1.000000
10.000000,5.000000,3.000000,2.000000,3.000000,0.200000,109.620000,1.610781,11.000000,713.525325,1.652931
10.000000,5.000000,3.000000,2.000000,3.000000,0.500000,-1.000000,-1.000000,-1.000000,-1.000000,-1.000000
10.000000,5.000000,3.000000,2.000000,3.000000,1.000000,-1.000000,-1.000000,-1.000000,-1.000000,-1.000000
10.000000,5.000000,3.000000,1.000000,1.000000,0.200000,-1.000000,-1.000000,-1.000000,-1.000000,-1.000000
10.000000,5.000000,3.000000,1.000000,1.000000,0.500000,-1.000000,-1.000000,-1.000000,-1.000000,-1.000000
10.000000,5.000000,3.000000,1.000000,1.000000,1.000000,-1.000000,-1.000000,-1.000000,-1.000000,-1.000000
10.000000,5.000000,3.000000,1.000000,3.000000,0.200000,-1.000000,-1.000000,-1.000000,-1.000000,-1.000000
10.000000,5.000000,3.000000,1.000000,3.000000,0.500000,-1.000000,-1.000000,-1.000000,-1.000000,-1.000000
10.000000,5.000000,3.000000,1.000000,3.000000,1.000000,-1.000000,-1.000000,-1.000000,-1.000000,-1.000000
10.000000,5.000000,3.000000,0.200000,1.000000,0.200000,-1.000000,-1.000000,-1.000000,-1.000000,-1.000000
10.000000,5.000000,3.000000,0.200000,1.000000,0.500000,-1.000000,-1.000000,-1.000000,-1.000000,-1.000000
10.000000,5.000000,3.000000,0.200000,1.000000,1.000000,-1.000000,-1.000000,-1.000000,-1.000000,-1.000000
10.000000,5.000000,3.000000,0.200000,3.000000,0.200000,-1.000000,-1.000000,-1.000000,-1.000000,-1.000000
10.000000,5.000000,3.000000,0.200000,3.000000,0.500000,-1.000000,-1.000000,-1.000000,-1.000000,-1.000000
10.000000,5.000000,3.000000,0.200000,3.000000,1.000000,-1.000000,-1.000000,-1.000000,-1.000000,-1.000000
10.000000,5.000000,5.000000,2.000000,1.000000,0.200000,88.370000,1.982758,7.000000,1071.923081,6.439532
10.000000,5.000000,5.000000,2.000000,1.000000,0.500000,79.420000,1.753725,14.000000,1079.684868,3.126060
10.000000,5.000000,5.000000,2.000000,1.000000,1.000000,75.250000,1.585898,18.000000,993.798981,3.029415
10.000000,5.000000,5.000000,2.000000,3.000000,0.200000,64.810000,1.728053,2.000000,1071.923081,5.166039
10.000000,5.000000,5.000000,2.000000,3.000000,0.500000,-1.000000,-1.000000,-1.000000,-1.000000,-1.000000
10.000000,5.000000,5.000000,2.000000,3.000000,1.000000,81.290000,1.947674,18.000000,1012.944065,3.206524
10.000000,5.000000,5.000000,1.000000,1.000000,0.200000,-1.000000,-1.000000,-1.000000,-1.000000,-1.000000
10.000000,5.000000,5.000000,1.000000,1.000000,0.500000,-1.000000,-1.000000,-1.000000,-1.000000,-1.000000
10.000000,5.000000,5.000000,1.000000,1.000000,1.000000,-1.000000,-1.000000,-1.000000,-1.000000,-1.000000
10.000000,5.000000,5.000000,1.000000,3.000000,0.200000,-1.000000,-1.000000,-1.000000,-1.000000,-1.000000
10.000000,5.000000,5.000000,1.000000,3.000000,0.500000,-1.000000,-1.000000,-1.000000,-1.000000,-1.000000
10.000000,5.000000,5.000000,1.000000,3.000000,1.000000,-1.000000,-1.000000,-1.000000,-1.000000,-1.000000
10.000000,5.000000,5.000000,0.200000,1.000000,0.200000,-1.000000,-1.000000,-1.000000,-1.000000,-1.000000
10.000000,5.000000,5.000000,0.200000,1.000000,0.500000,-1.000000,-1.000000,-1.000000,-1.000000,-1.000000
10.000000,5.000000,5.000000,0.200000,1.000000,1.000000,-1.000000,-1.000000,-1.000000,-1.000000,-1.000000
10.000000,5.000000,5.000000,0.200000,3.000000,0.200000,-1.000000,-1.000000,-1.000000,-1.000000,-1.000000
10.000000,5.000000,5.000000,0.200000,3.000000,0.500000,-1.000000,-1.000000,-1.000000,-1.000000,-1.000000
10.000000,5.000000,5.000000,0.200000,3.000000,1.000000,-1.000000,-1.000000,-1.000000,-1.000000,-1.000000
10.000000,5.000000,10.000000,2.000000,1.000000,0.200000,-1.000000,-1.000000,-1.000000,-1.000000,-1.000000
10.000000,5.000000,10.000000,2.000000,1.000000,0.500000,-1.000000,-1.000000,-1.000000,-1.000000,-1.000000
10.000000,5.000000,10.000000,2.000000,1.000000,1.000000,-1.000000,-1.000000,-1.000000,-1.000000,-1.000000
10.000000,5.000000,10.000000,2.000000,3.000000,0.200000,-1.000000,-1.000000,-1.000000,-1.000000,-1.000000
10.000000,5.000000,10.000000,2.000000,3.000000,0.500000,-1.000000,-1.000000,-1.000000,-1.000000,-1.000000
10.000000,5.000000,10.000000,2.000000,3.000000,1.000000,-1.000000,-1.000000,-1.000000,-1.000000,-1.000000
10.000000,5.000000,10.000000,1.000000,1.000000,0.200000,-1.000000,-1.000000,-1.000000,-1.000000,-1.000000
10.000000,5.000000,10.000000,1.000000,1.000000,0.500000,-1.000000,-1.000000,-1.000000,-1.000000,-1.000000
10.000000,5.000000,10.000000,1.000000,1.000000,1.000000,-1.000000,-1.000000,-1.000000,-1.000000,-1.000000
10.000000,5.000000,10.000000,1.000000,3.000000,0.200000,-1.000000,-1.000000,-1.000000,-1.000000,-1.000000
10.000000,5.000000,10.000000,1.000000,3.000000,0.500000,-1.000000,-1.000000,-1.000000,-1.000000,-1.000000
10.000000,5.000000,10.000000,1.000000,3.000000,1.000000,-1.000000,-1.000000,-1.000000,-1.000000,-1.000000
10.000000,5.000000,10.000000,0.200000,1.000000,0.200000,-1.000000,-1.000000,-1.000000,-1.000000,-1.000000
10.000000,5.000000,10.000000,0.200000,1.000000,0.500000,-1.000000,-1.000000,-1.000000,-1.000000,-1.000000
10.000000,5.000000,10.000000,0.200000,1.000000,1.000000,-1.000000,-1.000000,-1.000000,-1.000000,-1.000000
10.000000,5.000000,10.000000,0.200000,3.000000,0.200000,-1.000000,-1.000000,-1.000000,-1.000000,-1.000000
10.000000,5.000000,10.000000,0.200000,3.000000,0.500000,-1.000000,-1.000000,-1.000000,-1.000000,-1.000000
10.000000,5.000000,10.000000,0.200000,3.000000,1.000000,-1.000000,-1.000000,-1.000000,-1.000000,-1.000000
20.000000,1.000000,3.000000,2.000000,1.000000,0.200000,21.810000,0.090019,0.000000,281.592770,1.907170
20.000000,1.000000,3.000000,2.000000,1.000000,0.500000,21.810000,0.090019,0.000000,281.592770,1.907170
20.000000,1.000000,3.000000,2.000000,1.000000,1.000000,21.810000,0.090019,0.000000,281.592770,1.907170
20.000000,1.000000,3.000000,2.000000,3.000000,0.200000,21.150000,0.090019,0.000000,281.592770,1.966681
20.000000,1.000000,3.000000,2.000000,3.000000,0.500000,21.150000,0.090019,0.000000,281.592770,1.966681
20.000000,1.000000,3.000000,2.000000,3.000000,1.000000,21.150000,0.090019,0.000000,281.592770,1.966681
20.000000,1.000000,3.000000,1.000000,1.000000,0.200000,23.130000,0.287340,0.000000,180.561818,1.043771
20.000000,1.000000,3.000000,1.000000,1.000000,0.500000,23.130000,0.287340,0.000000,180.561818,1.043771
20.000000,1.000000,3.000000,1.000000,1.000000,1.000000,23.130000,0.287340,0.000000,180.561818,1.043771
20.000000,1.000000,3.000000,1.000000,3.000000,0.200000,22.460000,0.287340,0.000000,180.561818,1.074497
20.000000,1.000000,3.000000,1.000000,3.000000,0.500000,22.460000,0.287340,0.000000,180.561818,1.074497
20.000000,1.000000,3.000000,1.000000,3.000000,1.000000,22.460000,0.287340,0.000000,180.561818,1.074497
20.000000,1.000000,3.000000,0.200000,1.000000,0.200000,28.380000,0.850097,0.000000,30.559391,0.250495
20.000000,1.000000,3.000000,0.200000,1.000000,0.500000,28.380000,0.850097,0.000000,30.559391,0.250495
20.000000,1.000000,3.000000,0.200000,1.000000,1.000000,34.460000,0.769201,3.000000,65.349099,0.182359
20.000000,1.000000,3.000000,0.200000,3.000000,0.200000,27.390000,0.850097,0.000000,30.559391,0.248201
20.000000,1.000000,3.000000,0.200000,3.000000,0.500000,27.390000,0.850097,0.000000,30.559391,0.248201
20.000000,1.000000,3.000000,0.200000,3.000000,1.000000,26.470000,0.405325,1.000000,25.866313,0.127683
20.000000,1.000000,5.000000,2.000000,1.000000,0.200000,13.660000,0.083073,0.000000,608.832775,5.608062
20.000000,1.000000,5.000000,2.000000,1.000000,0.500000,13.660000,0.083073,0.000000,608.832775,5.608062
20.000000,1.000000,5.000000,2.000000,1.000000,1.000000,13.660000,0.083073,0.000000,608.832775,5.608062
20.000000,1.000000,5.000000,2.000000,3.000000,0.200000,13.260000,0.083073,0.000000,608.832775,5.776045
20.000000,1.000000,5.000000,2.000000,3.000000,0.500000,13.260000,0.083073,0.000000,608.832775,5.776045
20.000000,1.000000,5.000000,2.000000,3.000000,1.000000,13.260000,0.083073,0.000000,608.832775,5.776045
20.000000,1.000000,5.000000,1.000000,1.000000,0.200000,14.340000,0.000000,0.000000,223.189351,2.193631
20.000000,1.000000,5.000000,1.000000,1.000000,0.500000,14.340000,0.000000,0.000000,223.189351,2.193631
20.000000,1.000000,5.000000,1.000000,1.000000,1.000000,14.340000,0.000000,0.000000,223.189351,2.193631
20.000000,1.000000,5.000000,1.000000,3.000000,0.200000,13.940000,0.000000,0.000000,223.189351,2.253922
20.000000,1.000000,5.000000,1.000000,3.000000,0.500000,13.940000,0.000000,0.000000,223.189351,2.253922
20.000000,1.000000,5.000000,1.000000,3.000000,1.000000,13.940000,0.000000,0.000000,223.189351,2.253922
20.000000,1.000000,5.000000,0.200000,1.000000,0.200000,25.660000,0.666068,0.000000,40.059441,0.471076
20.000000,1.000000,5.000000,0.200000,1.000000,0.500000,25.940000,0.666068,1.000000,40.627488,0.501819
20.000000,1.000000,5.000000,0.200000,1.000000,1.000000,25.920000,0.666068,1.000000,40.059441,0.492358
20.000000,1.000000,5.000000,0.200000,3.000000,0.200000,18.250000,0.666068,0.000000,40.059441,0.438728
20.000000,1.000000,5.000000,0.200000,3.000000,0.500000,18.250000,0.666068,0.000000,40.059441,0.438728
20.000000,1.000000,5.000000,0.200000,3.000000,1.000000,18.250000,0.666068,0.000000,40.059441,0.438728
20.000000,1.000000,10.000000,2.000000,1.000000,0.200000,7.170000,0.000000,0.000000,905.070980,17.524384
20.000000,1.000000,10.000000,2.000000,1.000000,0.500000,7.170000,0.000000,0.000000,905.070980,17.524384
20.000000,1.000000,10.000000,2.000000,1.000000,1.000000,7.170000,0.000000,0.000000,905.070980,17.524384
20.000000,1.000000,10.000000,2.000000,3.000000,0.200000,6.970000,0.000000,0.000000,905.070980,18.006201
20.000000,1.000000,10.000000,2.000000,3.000000,0.500000,6.970000,0.000000,0.000000,905.070980,18.006201
20.000000,1.000000,10.000000,2.000000,3.000000,1.000000,6.970000,0.000000,0.000000,905.070980,18.006201
20.000000,1.000000,10.000000,1.000000,1.000000,0.200000,7.800000,0.554705,0.000000,434.473168,9.212254
20.000000,1.000000,10.000000,1.000000,1.000000,0.500000,7.800000,0.554705,0.000000,434.473168,9.212254
20.000000,1.000000,10.000000,1.000000,1.000000,1.000000,7.800000,0.554705,0.000000,434.473168,9.212254
20.000000,1.000000,10.000000,1.000000,3.000000,0.200000,7.590000,0.554705,0.000000,434.473168,9.446873
20.000000,1.000000,10.000000,1.000000,3.000000,0.500000,7.590000,0.554705,0.000000,434.473168,9.446873
20.000000,1.000000,10.000000,1.000000,3.000000,1.000000,7.590000,0.554705,0.000000,434.473168,9.446873
20.000000,1.000000,10.000000,0.200000,1.000000,0.200000,17.760000,0.629475,0.000000,90.338804,1.419465
20.000000,1.000000,10.000000,0.200000,1.000000,0.500000,17.760000,0.629475,0.000000,90.338804,1.419465
20.000000,1.000000,10.000000,0.200000,1.000000,1.000000,-1.000000,-1.000000,-1.000000,-1.000000,-1.000000
20.000000,1.000000,10.000000,0.200000,3.000000,0.200000,11.090000,0.629475,0.000000,90.338804,1.475051
20.000000,1.000000,10.000000,0.200000,3.000000,0.500000,11.090000,0.629475,0.000000,90.338804,1.475051
20.000000,1.000000,10.000000,0.200000,3.000000,1.000000,11.090000,0.629475,0.000000,90.338804,1.475051
20.000000,3.000000,3.000000,2.000000,1.000000,0.200000,48.040000,0.365289,1.000000,577.114948,4.181804
20.000000,3.000000,3.000000,2.000000,1.000000,0.500000,47.510000,0.366302,1.000000,838.723994,3.721123
20.000000,3.000000,3.000000,2.000000,1.000000,1.000000,46.640000,0.366331,1.000000,704.457318,2.509172
20.000000,3.000000,3.000000,2.000000,3.000000,0.200000,47.760000,0.555949,1.000000,577.114948,4.145151
20.000000,3.000000,3.000000,2.000000,3.000000,0.500000,47.250000,0.556627,1.000000,838.723994,3.680954
20.000000,3.000000,3.000000,2.000000,3.000000,1.000000,46.380000,0.556799,1.000000,704.457318,2.461423
20.000000,3.000000,3.000000,1.000000,1.000000,0.200000,52.150000,0.697543,1.000000,560.727354,1.342808
20.000000,3.000000,3.000000,1.000000,1.000000,0.500000,50.480000,0.697543,1.000000,158.069880,0.881076
20.000000,3.000000,3.000000,1.000000,1.000000,1.000000,49.270000,0.697543,1.000000,217.500014,0.845394
20.000000,3.000000,3.000000,1.000000,3.000000,0.200000,51.120000,0.697543,1.000000,560.727354,1.326142
20.000000,3.000000,3.000000,1.000000,3.000000,0.500000,49.440000,0.697543,1.000000,158.069880,0.853818
20.000000,3.000000,3.000000,1.000000,3.000000,1.000000,48.190000,0.697543,1.000000,217.500014,0.796913
20.000000,3.000000,3.000000,0.200000,1.000000,0.200000,-1.000000,-1.000000,-1.000000,-1.000000,-1.000000
20.000000,3.000000,3.000000,0.200000,1.000000,0.500000,-1.000000,-1.000000,-1.000000,-1.000000,-1.000000
20.000000,3.000000,3.000000,0.200000,1.000000,1.000000,111.360000,1.671657,15.000000,43.507620,0.204692
20.000000,3.000000,3.000000,0.200000,3.000000,0.200000,-1.000000,-1.000000,-1.000000,-1.000000,-1.000000
20.000000,3.000000,3.000000,0.200000,3.000000,0.500000,-1.000000,-1.000000,-1.000000,-1.000000,-1.000000
20.000000,3.000000,3.000000,0.200000,3.000000,1.000000,-1.000000,-1.000000,-1.000000,-1.000000,-1.000000
20.000000,3.000000,5.000000,2.000000,1.000000,0.200000,31.170000,0.457223,1.000000,1272.832286,12.339023
20.000000,3.000000,5.000000,2.000000,1.000000,0.500000,30.880000,0.457223,1.000000,1201.195798,10.219507
20.000000,3.000000,5.000000,2.000000,1.000000,1.000000,30.280000,0.457223,1.000000,1150.089099,7.917099
20.000000,3.000000,5.000000,2.000000,3.000000,0.200000,30.760000,0.522159,1.000000,1272.832286,12.337475
20.000000,3.000000,5.000000,2.000000,3.000000,0.500000,30.470000,0.521646,1.000000,1201.195798,10.188102
20.000000,3.000000,5.000000,2.000000,3.000000,1.000000,29.870000,0.522621,1.000000,1150.089099,7.863188
20.000000,3.000000,5.000000,1.000000,1.000000,0.200000,29.040000,2.244885,1.000000,479.648725,2.876407
20.000000,3.000000,5.000000,1.000000,1.000000,0.500000,29.040000,2.245222,2.000000,479.679216,2.876465
20.000000,3.000000,5.000000,1.000000,1.000000,1.000000,28.150000,1.485254,1.000000,410.570792,2.391267
20.000000,3.000000,5.000000,1.000000,3.000000,0.200000,28.210000,2.244885,1.000000,479.648725,2.909274
20.000000,3.000000,5.000000,1.000000,3.000000,0.500000,28.210000,2.245222,2.000000,479.679216,2.909255
20.000000,3.000000,5.000000,1.000000,3.000000,1.000000,26.400000,1.485254,1.000000,410.570792,2.211557
20.000000,3.000000,5.000000,0.200000,1.000000,0.200000,-1.000000,-1.000000,-1.000000,-1.000000,-1.000000
20.000000,3.000000,5.000000,0.200000,1.000000,0.500000,-1.000000,-1.000000,-1.000000,-1.000000,-1.000000
20.000000,3.000000,5.000000,0.200000,1.000000,1.000000,-1.000000,-1.000000,-1.000000,-1.000000,-1.000000
20.000000,3.000000,5.000000,0.200000,3.000000,0.200000,-1.000000,-1.000000,-1.000000,-1.000000,-1.000000
20.000000,3.000000,5.000000,0.200000,3.000000,0.500000,-1.000000,-1.000000,-1.000000,-1.000000,-1.000000
20.000000,3.000000,5.000000,0.200000,3.000000,1.000000,-1.000000,-1.000000,-1.000000,-1.000000,-1.000000
20.000000,3.000000,10.000000,2.000000,1.000000,0.200000,14.420000,2.266241,0.000000,1950.744269,21.858073
20.000000,3.000000,10.000000,2.000000,1.000000,0.500000,14.420000,2.266241,0.000000,1950.744269,21.858073
20.000000,3.000000,10.000000,2.000000,1.000000,1.000000,14.730000,2.195526,1.000000,1915.639359,22.374578
20.000000,3.000000,10.000000,2.000000,3.000000,0.200000,14.200000,2.266241,0.000000,1950.744269,22.126399
20.000000,3.000000,10.000000,2.000000,3.000000,0.500000,14.200000,2.266241,0.000000,1950.744269,22.126399
20.000000,3.000000,10.000000,2.000000,3.000000,1.000000,14.320000,2.195526,1.000000,1915.639359,22.661961
20.000000,3.000000,10.000000,1.000000,1.000000,0.200000,-1.000000,-1.000000,-1.000000,-1.000000,-1.000000
20.000000,3.000000,10.000000,1.000000,1.000000,0.500000,-1.000000,-1.000000,-1.000000,-1.000000,-1.000000
20.000000,3.000000,10.000000,1.000000,1.000000,1.000000,-1.000000,-1.000000,-1.000000,-1.000000,-1.000000
20.000000,3.000000,10.000000,1.000000,3.000000,0.200000,-1.000000,-1.000000,-1.000000,-1.000000,-1.000000
20.000000,3.000000,10.000000,1.000000,3.000000,0.500000,-1.000000,-1.000000,-1.000000,-1.000000,-1.000000
20.000000,3.000000,10.000000,1.000000,3.000000,1.000000,-1.000000,-1.000000,-1.000000,-1.000000,-1.000000
20.000000,3.000000,10.000000,0.200000,1.000000,0.200000,-1.000000,-1.000000,-1.000000,-1.000000,-1.000000
20.000000,3.000000,10.000000,0.200000,1.000000,0.500000,-1.000000,-1.000000,-1.000000,-1.000000,-1.000000
20.000000,3.000000,10.000000,0.200000,1.000000,1.000000,-1.000000,-1.000000,-1.000000,-1.000000,-1.000000
20.000000,3.000000,10.000000,0.200000,3.000000,0.200000,-1.000000,-1.000000,-1.000000,-1.000000,-1.000000
20.000000,3.000000,10.000000,0.200000,3.000000,0.500000,-1.000000,-1.000000,-1.000000,-1.000000,-1.000000
20.000000,3.000000,10.000000,0.200000,3.000000,1.000000,-1.000000,-1.000000,-1.000000,-1.000000,-1.000000
20.000000,5.000000,3.000000,2.000000,1.000000,0.200000,115.060000,1.636608,11.000000,547.956564,1.232357
20.000000,5.000000,3.000000,2.000000,1.000000,0.500000,-1.000000,-1.000000,-1.000000,-1.000000,-1.000000
20.000000,5.000000,3.000000,2.000000,1.000000,1.000000,-1.000000,-1.000000,-1.000000,-1.000000,-1.000000
20.000000,5.000000,3.000000,2.000000,3.000000,0.200000,114.040000,1.636608,11.000000,547.956564,1.280177
20.000000,5.000000,3.000000,2.000000,3.000000,0.500000,-1.000000,-1.000000,-1.000000,-1.000000,-1.000000
20.000000,5.000000,3.000000,2.000000,3.000000,1.000000,-1.000000,-1.000000,-1.000000,-1.000000,-1.000000
20.000000,5.000000,3.000000,1.000000,1.000000,0.200000,136.330000,2.093809,20.000000,447.406442,0.507109
20.000000,5.000000,3.000000,1.000000,1.000000,0.500000,-1.000000,-1.000000,-1.000000,-1.000000,-1.000000
20.000000,5.000000,3.000000,1.000000,1.000000,1.000000,-1.000000,-1.000000,-1.000000,-1.000000,-1.000000
20.000000,5.000000,3.000000,1.000000,3.000000,0.200000,-1.000000,-1.000000,-1.000000,-1.000000,-1.000000
20.000000,5.000000,3.000000,1.000000,3.000000,0.500000,-1.000000,-1.000000,-1.000000,-1.000000,-1.000000
20.000000,5.000000,3.000000,1.000000,3.000000,1.000000,-1.000000,-1.000000,-1.000000,-1.000000,-1.000000
20.000000,5.000000,3.000000,0.200000,1.000000,0.200000,-1.000000,-1.000000,-1.000000,-1.000000,-1.000000
20.000000,5.000000,3.000000,0.200000,1.000000,0.500000,-1.000000,-1.000000,-1.000000,-1.000000,-1.000000
20.000000,5.000000,3.000000,0.200000,1.000000,1.000000,-1.000000,-1.000000,-1.000000,-1.000000,-1.000000
20.000000,5.000000,3.000000,0.200000,3.000000,0.200000,-1.000000,-1.000000,-1.000000,-1.000000,-1.000000
20.000000,5.000000,3.000000,0.200000,3.000000,0.500000,-1.000000,-1.000000,-1.000000,-1.000000,-1.000000
20.000000,5.000000,3.000000,0.200000,3.000000,1.000000,-1.000000,-1.000000,-1.000000,-1.000000,-1.000000
20.000000,5.000000,5.000000,2.000000,1.000000,0.200000,78.530000,1.856874,3.000000,932.667184,4.438555
20.000000,5.000000,5.000000,2.000000,1.000000,0.500000,78.290000,1.955180,14.000000,1069.281410,4.308286
20.000000,5.000000,5.000000,2.000000,1.000000,1.000000,98.200000,1.976791,20.000000,1003.447930,4.402028
20.000000,5.000000,5.000000,2.000000,3.000000,0.200000,74.380000,1.856874,2.000000,932.667184,2.996319
20.000000,5.000000,5.000000,2.000000,3.000000,0.500000,79.370000,1.616179,14.000000,1068.205521,3.084599
20.000000,5.000000,5.000000,2.000000,3.000000,1.000000,94.550000,2.039409,19.000000,955.365933,4.174331
20.000000,5.000000,5.000000,1.000000,1.000000,0.200000,-1.000000,-1.000000,-1.000000,-1.000000,-1.000000
20.000000,5.000000,5.000000,1.000000,1.000000,0.500000,-1.000000,-1.000000,-1.000000,-1.000000,-1.000000
20.000000,5.000000,5.000000,1.000000,1.000000,1.000000,90.570000,2.207139,15.000000,648.187325,3.218737
20.000000,5.000000,5.000000,1.000000,3.000000,0.200000,-1.000000,-1.000000,-1.000000,-1.000000,-1.000000
20.000000,5.000000,5.000000,1.000000,3.000000,0.500000,-1.000000,-1.000000,-1.000000,-1.000000,-1.000000
20.000000,5.000000,5.000000,1.000000,3.000000,1.000000,-1.000000,-1.000000,-1.000000,-1.000000,-1.000000
20.000000,5.000000,5.000000,0.200000,1.000000,0.200000,-1.000000,-1.000000,-1.000000,-1.000000,-1.000000
20.000000,5.000000,5.000000,0.200000,1.000000,0.500000,-1.000000,-1.000000,-1.000000,-1.000000,-1.000000
20.000000,5.000000,5.000000,0.200000,1.000000,1.000000,-1.000000,-1.000000,-1.000000,-1.000000,-1.000000
20.000000,5.000000,5.000000,0.200000,3.000000,0.200000,-1.000000,-1.000000,-1.000000,-1.000000,-1.000000
20.000000,5.000000,5.000000,0.200000,3.000000,0.500000,-1.000000,-1.000000,-1.000000,-1.000000,-1.000000
20.000000,5.000000,5.000000,0.200000,3.000000,1.000000,-1.000000,-1.000000,-1.000000,-1.000000,-1.000000
20.000000,5.000000,10.000000,2.000000,1.000000,0.200000,-1.000000,-1.000000,-1.000000,-1.000000,-1.000000
20.000000,5.000000,10.000000,2.000000,1.000000,0.500000,-1.000000,-1.000000,-1.000000,-1.000000,-1.000000
20.000000,5.000000,10.000000,2.000000,1.000000,1.000000,-1.000000,-1.000000,-1.000000,-1.000000,-1.000000
20.000000,5.000000,10.000000,2.000000,3.000000,0.200000,-1.000000,-1.000000,-1.000000,-1.000000,-1.000000
20.000000,5.000000,10.000000,2.000000,3.000000,0.500000,-1.000000,-1.000000,-1.000000,-1.000000,-1.000000
20.000000,5.000000,10.000000,2.000000,3.000000,1.000000,-1.000000,-1.000000,-1.000000,-1.000000,-1.000000
20.000000,5.000000,10.000000,1.000000,1.000000,0.200000,-1.000000,-1.000000,-1.000000,-1.000000,-1.000000
20.000000,5.000000,10.000000,1.000000,1.000000,0.500000,-1.000000,-1.000000,-1.000000,-1.000000,-1.000000
20.000000,5.000000,10.000000,1.000000,1.000000,1.000000,-1.000000,-1.000000,-1.000000,-1.000000,-1.000000
20.000000,5.000000,10.000000,1.000000,3.000000,0.200000,-1.000000,-1.000000,-1.000000,-1.000000,-1.000000
20.000000,5.000000,10.000000,1.000000,3.000000,0.500000,-1.000000,-1.000000,-1.000000,-1.000000,-1.000000
20.000000,5.000000,10.000000,1.000000,3.000000,1.000000,-1.000000,-1.000000,-1.000000,-1.000000,-1.000000
20.000000,5.000000,10.000000,0.200000,1.000000,0.200000,-1.000000,-1.000000,-1.000000,-1.000000,-1.000000
20.000000,5.000000,10.000000,0.200000,1.000000,0.500000,-1.000000,-1.000000,-1.000000,-1.000000,-1.000000
20.000000,5.000000,10.000000,0.200000,1.000000,1.000000,-1.000000,-1.000000,-1.000000,-1.000000,-1.000000
20.000000,5.000000,10.000000,0.200000,3.000000,0.200000,-1.000000,-1.000000,-1.000000,-1.000000,-1.000000
20.000000,5.000000,10.000000,0.200000,3.000000,0.500000,-1.000000,-1.000000,-1.000000,-1.000000,-1.000000
20.000000,5.000000,10.000000,0.200000,3.000000,1.000000,-1.000000,-1.000000,-1.000000,-1.000000,-1.000000
