5,1,3,0.2,1,0.2,5.74,0.308069,0,976.250538,10.426044
5,1,3,0.2,1,0.5,5.74,0.308069,0,976.250538,10.426044
5,1,3,0.2,1,1,5.74,0.308069,0,976.250538,10.426044
5,1,3,0.2,3,0.2,5.08,0.308069,0,976.250538,11.783276
5,1,3,0.2,3,0.5,5.08,0.308069,0,976.250538,11.783276
5,1,3,0.2,3,1,5.08,0.308069,0,976.250538,11.783276
5,1,3,0.2,5,0.2,4.41,0.308069,0,976.250538,13.577379
5,1,3,0.2,5,0.5,4.41,0.308069,0,976.250538,13.577379
5,1,3,0.2,5,1,4.41,0.308069,0,976.250538,13.577379
5,1,3,0.5,1,0.2,6.39,0.395684,0,416.986012,5.646106
5,1,3,0.5,1,0.5,6.39,0.395684,0,416.986012,5.646106
5,1,3,0.5,1,1,6.39,0.395684,0,416.986012,5.646106
5,1,3,0.5,3,0.2,5.73,0.395684,0,416.986012,6.295494
5,1,3,0.5,3,0.5,5.73,0.395684,0,416.986012,6.295494
5,1,3,0.5,3,1,5.73,0.395684,0,416.986012,6.295494
5,1,3,0.5,5,0.2,5.05,0.395684,0,416.986012,7.135423
5,1,3,0.5,5,0.5,5.05,0.395684,0,416.986012,7.135423
5,1,3,0.5,5,1,5.05,0.395684,0,416.986012,7.135423
5,1,3,1,1,0.2,-1,-1,-1,-1,-1
5,1,3,1,1,0.5,-1,-1,-1,-1,-1
5,1,3,1,1,1,-1,-1,-1,-1,-1
5,1,3,1,3,0.2,-1,-1,-1,-1,-1
5,1,3,1,3,0.5,-1,-1,-1,-1,-1
5,1,3,1,3,1,-1,-1,-1,-1,-1
5,1,3,1,5,0.2,-1,-1,-1,-1,-1
5,1,3,1,5,0.5,-1,-1,-1,-1,-1
5,1,3,1,5,1,-1,-1,-1,-1,-1
5,1,3,5,1,0.2,17.71,0.120817,0,67.882912,0.299112
5,1,3,5,1,0.5,17.71,0.120817,0,67.882912,0.299112
5,1,3,5,1,1,-1,-1,-1,-1,-1
5,1,3,5,3,0.2,10.34,0.120817,0,67.882912,0.339787
5,1,3,5,3,0.5,10.34,0.120817,0,67.882912,0.339787
5,1,3,5,3,1,-1,-1,-1,-1,-1
5,1,3,5,5,0.2,9.22,0.120817,0,67.882912,0.373645
5,1,3,5,5,0.5,9.22,0.120817,0,67.882912,0.373645
5,1,3,5,5,1,46.81,0.389147,8,108.645019,0.42616
5,1,5,0.2,1,0.2,3.58,0.333754,0,1661.773681,34.783148
5,1,5,0.2,1,0.5,3.58,0.333754,0,1661.773681,34.783148
5,1,5,0.2,1,1,3.58,0.333754,0,1661.773681,34.783148
5,1,5,0.2,3,0.2,3.18,0.333754,0,1661.773681,39.170639
5,1,5,0.2,3,0.5,3.18,0.333754,0,1661.773681,39.170639
5,1,5,0.2,3,1,3.18,0.333754,0,1661.773681,39.170639
5,1,5,0.2,5,0.2,2.78,0.333754,0,1661.773681,44.813254
5,1,5,0.2,5,0.5,2.78,0.333754,0,1661.773681,44.813254
5,1,5,0.2,5,1,2.78,0.333754,0,1661.773681,44.813254
5,1,5,0.5,1,0.2,4.2,0.470469,0,722.828427,12.859051
5,1,5,0.5,1,0.5,4.2,0.470469,0,722.828427,12.859051
5,1,5,0.5,1,1,4.2,0.470469,0,722.828427,12.859051
5,1,5,0.5,3,0.2,3.8,0.470469,0,722.828427,14.188655
5,1,5,0.5,3,0.5,3.8,0.470469,0,722.828427,14.188655
5,1,5,0.5,3,1,3.8,0.470469,0,722.828427,14.188655
5,1,5,0.5,5,0.2,3.39,0.470469,0,722.828427,15.838603
5,1,5,0.5,5,0.5,3.39,0.470469,0,722.828427,15.838603
5,1,5,0.5,5,1,3.39,0.470469,0,722.828427,15.838603
5,1,5,1,1,0.2,5.04,0.285283,0,471.640909,5.244139
5,1,5,1,1,0.5,5.04,0.285283,0,471.640909,5.244139
5,1,5,1,1,1,5.04,0.285283,0,471.640909,5.244139
5,1,5,1,3,0.2,4.58,0.285283,0,471.640909,5.687823
5,1,5,1,3,0.5,4.58,0.285283,0,471.640909,5.687823
5,1,5,1,3,1,4.58,0.285283,0,471.640909,5.687823
5,1,5,1,5,0.2,4.11,0.285283,0,471.640909,6.275782
5,1,5,1,5,0.5,4.11,0.285283,0,471.640909,6.275782
5,1,5,1,5,1,4.11,0.285283,0,471.640909,6.275782
5,1,5,5,1,0.2,14.17,0.19099,0,115.672954,0.615116
5,1,5,5,1,0.5,14.17,0.19099,0,115.672954,0.615116
5,1,5,5,1,1,14.15,0.19099,1,115.672954,0.636722
5,1,5,5,3,0.2,7.58,0.19099,0,115.672954,0.739407
5,1,5,5,3,0.5,7.58,0.19099,0,115.672954,0.739407
5,1,5,5,3,1,7.58,0.19099,0,115.672954,0.739407
5,1,5,5,5,0.2,6.73,0.19099,0,115.672954,0.805418
5,1,5,5,5,0.5,6.73,0.19099,0,115.672954,0.805418
5,1,5,5,5,1,6.73,0.19099,0,115.672954,0.805418
5,1,7,0.2,1,0.2,2.7,0.372613,0,2383.681345,76.737786
5,1,7,0.2,1,0.5,2.7,0.372613,0,2383.681345,76.737786
5,1,7,0.2,1,1,2.7,0.372613,0,2383.681345,76.737786
5,1,7,0.2,3,0.2,2.41,0.372613,0,2383.681345,85.989053
5,1,7,0.2,3,0.5,2.41,0.372613,0,2383.681345,85.989053
5,1,7,0.2,3,1,2.41,0.372613,0,2383.681345,85.989053
5,1,7,0.2,5,0.2,2.13,0.372613,0,2383.681345,97.24678
5,1,7,0.2,5,0.5,2.13,0.372613,0,2383.681345,97.24678
5,1,7,0.2,5,1,2.13,0.372613,0,2383.681345,97.24678
5,1,7,0.5,1,0.2,3.48,0.298866,0,1027.480037,24.104229
5,1,7,0.5,1,0.5,3.48,0.298866,0,1027.480037,24.104229
5,1,7,0.5,1,1,3.48,0.298866,0,1027.480037,24.104229
5,1,7,0.5,3,0.2,3.18,0.298866,0,1027.480037,26.251956
5,1,7,0.5,3,0.5,3.18,0.298866,0,1027.480037,26.251956
5,1,7,0.5,3,1,3.18,0.298866,0,1027.480037,26.251956
5,1,7,0.5,5,0.2,2.87,0.298866,0,1027.480037,28.868003
5,1,7,0.5,5,0.5,2.87,0.298866,0,1027.480037,28.868003
5,1,7,0.5,5,1,2.87,0.298866,0,1027.480037,28.868003
5,1,7,1,1,0.2,3.84,0.209435,0,738.668632,10.365193
5,1,7,1,1,0.5,3.84,0.209435,0,738.668632,10.365193
5,1,7,1,1,1,3.84,0.209435,0,738.668632,10.365193
5,1,7,1,3,0.2,3.46,0.209435,0,738.668632,11.026893
5,1,7,1,3,0.5,3.46,0.209435,0,738.668632,11.026893
5,1,7,1,3,1,3.46,0.209435,0,738.668632,11.026893
5,1,7,1,5,0.2,3.09,0.209435,0,738.668632,12.224415
5,1,7,1,5,0.5,3.09,0.209435,0,738.668632,12.224415
5,1,7,1,5,1,3.09,0.209435,0,738.668632,12.224415
5,1,7,5,1,0.2,15.95,0.217884,0,162.924103,0.990417
5,1,7,5,1,0.5,15.95,0.217884,0,162.924103,0.990417
5,1,7,5,1,1,15.79,0.217884,2,162.924103,1.155828
5,1,7,5,3,0.2,6.26,0.217884,0,162.924103,1.255718
5,1,7,5,3,0.5,6.26,0.217884,0,162.924103,1.255718
5,1,7,5,3,1,6.26,0.217884,0,162.924103,1.255718
5,1,7,5,5,0.2,5.53,0.217884,0,162.924103,1.358658
5,1,7,5,5,0.5,5.53,0.217884,0,162.924103,1.358658
5,1,7,5,5,1,5.53,0.217884,0,162.924103,1.358658
5,1,10,0.2,1,0.2,2,0.422958,0,3401.460884,145.085002
5,1,10,0.2,1,0.5,2,0.422958,0,3401.460884,145.085002
5,1,10,0.2,1,1,2,0.422958,0,3401.460884,145.085002
5,1,10,0.2,3,0.2,1.8,0.422958,0,3401.460884,161.141841
5,1,10,0.2,3,0.5,1.8,0.422958,0,3401.460884,161.141841
5,1,10,0.2,3,1,1.8,0.422958,0,3401.460884,161.141841
5,1,10,0.2,5,0.2,1.59,0.422958,0,3401.460884,182.036395
5,1,10,0.2,5,0.5,1.59,0.422958,0,3401.460884,182.036395
5,1,10,0.2,5,1,1.59,0.422958,0,3401.460884,182.036395
5,1,10,0.5,1,0.2,2.51,0.275122,0,1937.363196,38.126346
5,1,10,0.5,1,0.5,2.51,0.275122,0,1937.363196,38.126346
5,1,10,0.5,1,1,2.51,0.275122,0,1937.363196,38.126346
5,1,10,0.5,3,0.2,2.28,0.275122,0,1937.363196,41.351553
5,1,10,0.5,3,0.5,2.28,0.275122,0,1937.363196,41.351553
5,1,10,0.5,3,1,2.28,0.275122,0,1937.363196,41.351553
5,1,10,0.5,5,0.2,2.05,0.275122,0,1937.363196,45.505392
5,1,10,0.5,5,0.5,2.05,0.275122,0,1937.363196,45.505392
5,1,10,0.5,5,1,2.05,0.275122,0,1937.363196,45.505392
5,1,10,1,1,0.2,4.28,0.157061,0,1104.627765,20.831842
5,1,10,1,1,0.5,4.28,0.157061,0,1104.627765,20.831842
5,1,10,1,1,1,4.28,0.157061,0,1104.627765,20.831842
5,1,10,1,3,0.2,2.69,0.157061,0,1104.627765,21.6488
5,1,10,1,3,0.5,2.69,0.157061,0,1104.627765,21.6488
5,1,10,1,3,1,2.69,0.157061,0,1104.627765,21.6488
5,1,10,1,5,0.2,2.4,0.157061,0,1104.627765,23.95852
5,1,10,1,5,0.5,2.4,0.157061,0,1104.627765,23.95852
5,1,10,1,5,1,2.4,0.157061,0,1104.627765,23.95852
5,1,10,5,1,0.2,14.03,0.248931,0,234.49088,1.623571
5,1,10,5,1,0.5,14.03,0.248931,0,234.49088,1.623571
5,1,10,5,1,1,13.94,0.248931,1,234.49088,1.639991
5,1,10,5,3,0.2,5.18,0.248931,0,234.49088,2.19935
5,1,10,5,3,0.5,5.18,0.248931,0,234.49088,2.19935
5,1,10,5,3,1,5.18,0.248931,0,234.49088,2.19935
5,1,10,5,5,0.2,4.53,0.248931,0,234.49088,2.362383
5,1,10,5,5,0.5,4.53,0.248931,0,234.49088,2.362383
5,1,10,5,5,1,4.53,0.248931,0,234.49088,2.362383
5,3,3,0.2,1,0.2,-1,-1,-1,-1,-1
5,3,3,0.2,1,0.5,-1,-1,-1,-1,-1
5,3,3,0.2,1,1,-1,-1,-1,-1,-1
5,3,3,0.2,3,0.2,-1,-1,-1,-1,-1
5,3,3,0.2,3,0.5,-1,-1,-1,-1,-1
5,3,3,0.2,3,1,-1,-1,-1,-1,-1
5,3,3,0.2,5,0.2,-1,-1,-1,-1,-1
5,3,3,0.2,5,0.5,-1,-1,-1,-1,-1
5,3,3,0.2,5,1,-1,-1,-1,-1,-1
5,3,3,0.5,1,0.2,-1,-1,-1,-1,-1
5,3,3,0.5,1,0.5,97.67,0.150284,8,762.267348,7.910465
5,3,3,0.5,1,1,-1,-1,-1,-1,-1
5,3,3,0.5,3,0.2,-1,-1,-1,-1,-1
5,3,3,0.5,3,0.5,-1,-1,-1,-1,-1
5,3,3,0.5,3,1,-1,-1,-1,-1,-1
5,3,3,0.5,5,0.2,110.1,0.193798,11,605.380964,12.949206
5,3,3,0.5,5,0.5,-1,-1,-1,-1,-1
5,3,3,0.5,5,1,-1,-1,-1,-1,-1
5,3,3,1,1,0.2,-1,-1,-1,-1,-1
5,3,3,1,1,0.5,-1,-1,-1,-1,-1
5,3,3,1,1,1,-1,-1,-1,-1,-1
5,3,3,1,3,0.2,-1,-1,-1,-1,-1
5,3,3,1,3,0.5,-1,-1,-1,-1,-1
5,3,3,1,3,1,-1,-1,-1,-1,-1
5,3,3,1,5,0.2,-1,-1,-1,-1,-1
5,3,3,1,5,0.5,-1,-1,-1,-1,-1
5,3,3,1,5,1,-1,-1,-1,-1,-1
5,3,3,5,1,0.2,-1,-1,-1,-1,-1
5,3,3,5,1,0.5,-1,-1,-1,-1,-1
5,3,3,5,1,1,-1,-1,-1,-1,-1
5,3,3,5,3,0.2,-1,-1,-1,-1,-1
5,3,3,5,3,0.5,-1,-1,-1,-1,-1
5,3,3,5,3,1,-1,-1,-1,-1,-1
5,3,3,5,5,0.2,-1,-1,-1,-1,-1
5,3,3,5,5,0.5,-1,-1,-1,-1,-1
5,3,3,5,5,1,-1,-1,-1,-1,-1
5,3,5,0.2,1,0.2,70.61,0.132485,8,3754.640585,238.24479
5,3,5,0.2,1,0.5,66.48,0.175031,8,3156.195119,209.725813
5,3,5,0.2,1,1,-1,-1,-1,-1,-1
5,3,5,0.2,3,0.2,-1,-1,-1,-1,-1
5,3,5,0.2,3,0.5,-1,-1,-1,-1,-1
5,3,5,0.2,3,1,-1,-1,-1,-1,-1
5,3,5,0.2,5,0.2,-1,-1,-1,-1,-1
5,3,5,0.2,5,0.5,-1,-1,-1,-1,-1
5,3,5,0.2,5,1,-1,-1,-1,-1,-1
5,3,5,0.5,1,0.2,76.65,0.360676,8,1518.202599,23.909379
5,3,5,0.5,1,0.5,72.62,0.321783,8,1735.95222,19.248716
5,3,5,0.5,1,1,66.32,0.264924,8,1386.024286,14.855466
5,3,5,0.5,3,0.2,-1,-1,-1,-1,-1
5,3,5,0.5,3,0.5,-1,-1,-1,-1,-1
5,3,5,0.5,3,1,-1,-1,-1,-1,-1
5,3,5,0.5,5,0.2,-1,-1,-1,-1,-1
5,3,5,0.5,5,0.5,-1,-1,-1,-1,-1
5,3,5,0.5,5,1,68.94,0.415425,10,1306.914284,19.370454
5,3,5,1,1,0.2,-1,-1,-1,-1,-1
5,3,5,1,1,0.5,-1,-1,-1,-1,-1
5,3,5,1,1,1,-1,-1,-1,-1,-1
5,3,5,1,3,0.2,-1,-1,-1,-1,-1
5,3,5,1,3,0.5,-1,-1,-1,-1,-1
5,3,5,1,3,1,84.16,0.498762,12,562.365802,5.645807
5,3,5,1,5,0.2,-1,-1,-1,-1,-1
5,3,5,1,5,0.5,-1,-1,-1,-1,-1
5,3,5,1,5,1,-1,-1,-1,-1,-1
5,3,5,5,1,0.2,-1,-1,-1,-1,-1
5,3,5,5,1,0.5,-1,-1,-1,-1,-1
5,3,5,5,1,1,-1,-1,-1,-1,-1
5,3,5,5,3,0.2,-1,-1,-1,-1,-1
5,3,5,5,3,0.5,-1,-1,-1,-1,-1
5,3,5,5,3,1,-1,-1,-1,-1,-1
5,3,5,5,5,0.2,-1,-1,-1,-1,-1
5,3,5,5,5,0.5,-1,-1,-1,-1,-1
5,3,5,5,5,1,-1,-1,-1,-1,-1
5,3,7,0.2,1,0.2,-1,-1,-1,-1,-1
5,3,7,0.2,1,0.5,-1,-1,-1,-1,-1
5,3,7,0.2,1,1,51.84,0.204229,8,4411.137046,276.015809
5,3,7,0.2,3,0.2,-1,-1,-1,-1,-1
5,3,7,0.2,3,0.5,-1,-1,-1,-1,-1
5,3,7,0.2,3,1,-1,-1,-1,-1,-1
5,3,7,0.2,5,0.2,-1,-1,-1,-1,-1
5,3,7,0.2,5,0.5,-1,-1,-1,-1,-1
5,3,7,0.2,5,1,-1,-1,-1,-1,-1
5,3,7,0.5,1,0.2,-1,-1,-1,-1,-1
5,3,7,0.5,1,0.5,-1,-1,-1,-1,-1
5,3,7,0.5,1,1,-1,-1,-1,-1,-1
5,3,7,0.5,3,0.2,-1,-1,-1,-1,-1
5,3,7,0.5,3,0.5,-1,-1,-1,-1,-1
5,3,7,0.5,3,1,-1,-1,-1,-1,-1
5,3,7,0.5,5,0.2,-1,-1,-1,-1,-1
5,3,7,0.5,5,0.5,-1,-1,-1,-1,-1
5,3,7,0.5,5,1,-1,-1,-1,-1,-1
5,3,7,1,1,0.2,-1,-1,-1,-1,-1
5,3,7,1,1,0.5,-1,-1,-1,-1,-1
5,3,7,1,1,1,-1,-1,-1,-1,-1
5,3,7,1,3,0.2,-1,-1,-1,-1,-1
5,3,7,1,3,0.5,-1,-1,-1,-1,-1
5,3,7,1,3,1,-1,-1,-1,-1,-1
5,3,7,1,5,0.2,-1,-1,-1,-1,-1
5,3,7,1,5,0.5,-1,-1,-1,-1,-1
5,3,7,1,5,1,-1,-1,-1,-1,-1
5,3,7,5,1,0.2,-1,-1,-1,-1,-1
5,3,7,5,1,0.5,-1,-1,-1,-1,-1
5,3,7,5,1,1,-1,-1,-1,-1,-1
5,3,7,5,3,0.2,-1,-1,-1,-1,-1
5,3,7,5,3,0.5,-1,-1,-1,-1,-1
5,3,7,5,3,1,-1,-1,-1,-1,-1
5,3,7,5,5,0.2,-1,-1,-1,-1,-1
5,3,7,5,5,0.5,-1,-1,-1,-1,-1
5,3,7,5,5,1,-1,-1,-1,-1,-1
5,3,10,0.2,1,0.2,-1,-1,-1,-1,-1
5,3,10,0.2,1,0.5,-1,-1,-1,-1,-1
5,3,10,0.2,1,1,43.92,0.207201,8,6937.887822,615.954589
5,3,10,0.2,3,0.2,-1,-1,-1,-1,-1
5,3,10,0.2,3,0.5,-1,-1,-1,-1,-1
5,3,10,0.2,3,1,-1,-1,-1,-1,-1
5,3,10,0.2,5,0.2,-1,-1,-1,-1,-1
5,3,10,0.2,5,0.5,-1,-1,-1,-1,-1
5,3,10,0.2,5,1,-1,-1,-1,-1,-1
5,3,10,0.5,1,0.2,-1,-1,-1,-1,-1
5,3,10,0.5,1,0.5,-1,-1,-1,-1,-1
5,3,10,0.5,1,1,-1,-1,-1,-1,-1
5,3,10,0.5,3,0.2,-1,-1,-1,-1,-1
5,3,10,0.5,3,0.5,-1,-1,-1,-1,-1
5,3,10,0.5,3,1,-1,-1,-1,-1,-1
5,3,10,0.5,5,0.2,-1,-1,-1,-1,-1
5,3,10,0.5,5,0.5,-1,-1,-1,-1,-1
5,3,10,0.5,5,1,-1,-1,-1,-1,-1
5,3,10,1,1,0.2,-1,-1,-1,-1,-1
5,3,10,1,1,0.5,-1,-1,-1,-1,-1
5,3,10,1,1,1,-1,-1,-1,-1,-1
5,3,10,1,3,0.2,-1,-1,-1,-1,-1
5,3,10,1,3,0.5,-1,-1,-1,-1,-1
5,3,10,1,3,1,-1,-1,-1,-1,-1
5,3,10,1,5,0.2,-1,-1,-1,-1,-1
5,3,10,1,5,0.5,-1,-1,-1,-1,-1
5,3,10,1,5,1,-1,-1,-1,-1,-1
5,3,10,5,1,0.2,-1,-1,-1,-1,-1
5,3,10,5,1,0.5,-1,-1,-1,-1,-1
5,3,10,5,1,1,-1,-1,-1,-1,-1
5,3,10,5,3,0.2,-1,-1,-1,-1,-1
5,3,10,5,3,0.5,-1,-1,-1,-1,-1
5,3,10,5,3,1,-1,-1,-1,-1,-1
5,3,10,5,5,0.2,-1,-1,-1,-1,-1
5,3,10,5,5,0.5,-1,-1,-1,-1,-1
5,3,10,5,5,1,-1,-1,-1,-1,-1
5,5,3,0.2,1,0.2,-1,-1,-1,-1,-1
5,5,3,0.2,1,0.5,-1,-1,-1,-1,-1
5,5,3,0.2,1,1,-1,-1,-1,-1,-1
5,5,3,0.2,3,0.2,-1,-1,-1,-1,-1
5,5,3,0.2,3,0.5,-1,-1,-1,-1,-1
5,5,3,0.2,3,1,-1,-1,-1,-1,-1
5,5,3,0.2,5,0.2,-1,-1,-1,-1,-1
5,5,3,0.2,5,0.5,-1,-1,-1,-1,-1
5,5,3,0.2,5,1,-1,-1,-1,-1,-1
5,5,3,0.5,1,0.2,-1,-1,-1,-1,-1
5,5,3,0.5,1,0.5,-1,-1,-1,-1,-1
5,5,3,0.5,1,1,-1,-1,-1,-1,-1
5,5,3,0.5,3,0.2,-1,-1,-1,-1,-1
5,5,3,0.5,3,0.5,-1,-1,-1,-1,-1
5,5,3,0.5,3,1,-1,-1,-1,-1,-1
5,5,3,0.5,5,0.2,-1,-1,-1,-1,-1
5,5,3,0.5,5,0.5,-1,-1,-1,-1,-1
5,5,3,0.5,5,1,-1,-1,-1,-1,-1
5,5,3,1,1,0.2,-1,-1,-1,-1,-1
5,5,3,1,1,0.5,-1,-1,-1,-1,-1
5,5,3,1,1,1,-1,-1,-1,-1,-1
5,5,3,1,3,0.2,-1,-1,-1,-1,-1
5,5,3,1,3,0.5,-1,-1,-1,-1,-1
5,5,3,1,3,1,-1,-1,-1,-1,-1
5,5,3,1,5,0.2,-1,-1,-1,-1,-1
5,5,3,1,5,0.5,-1,-1,-1,-1,-1
5,5,3,1,5,1,-1,-1,-1,-1,-1
5,5,3,5,1,0.2,-1,-1,-1,-1,-1
5,5,3,5,1,0.5,-1,-1,-1,-1,-1
5,5,3,5,1,1,-1,-1,-1,-1,-1
5,5,3,5,3,0.2,-1,-1,-1,-1,-1
5,5,3,5,3,0.5,-1,-1,-1,-1,-1
5,5,3,5,3,1,-1,-1,-1,-1,-1
5,5,3,5,5,0.2,-1,-1,-1,-1,-1
5,5,3,5,5,0.5,-1,-1,-1,-1,-1
5,5,3,5,5,1,-1,-1,-1,-1,-1
5,5,5,0.2,1,0.2,-1,-1,-1,-1,-1
5,5,5,0.2,1,0.5,-1,-1,-1,-1,-1
5,5,5,0.2,1,1,-1,-1,-1,-1,-1
5,5,5,0.2,3,0.2,-1,-1,-1,-1,-1
5,5,5,0.2,3,0.5,-1,-1,-1,-1,-1
5,5,5,0.2,3,1,-1,-1,-1,-1,-1
5,5,5,0.2,5,0.2,-1,-1,-1,-1,-1
5,5,5,0.2,5,0.5,-1,-1,-1,-1,-1
5,5,5,0.2,5,1,-1,-1,-1,-1,-1
5,5,5,0.5,1,0.2,-1,-1,-1,-1,-1
5,5,5,0.5,1,0.5,-1,-1,-1,-1,-1
5,5,5,0.5,1,1,-1,-1,-1,-1,-1
5,5,5,0.5,3,0.2,-1,-1,-1,-1,-1
5,5,5,0.5,3,0.5,-1,-1,-1,-1,-1
5,5,5,0.5,3,1,-1,-1,-1,-1,-1
5,5,5,0.5,5,0.2,-1,-1,-1,-1,-1
5,5,5,0.5,5,0.5,-1,-1,-1,-1,-1
5,5,5,0.5,5,1,-1,-1,-1,-1,-1
5,5,5,1,1,0.2,-1,-1,-1,-1,-1
5,5,5,1,1,0.5,-1,-1,-1,-1,-1
5,5,5,1,1,1,-1,-1,-1,-1,-1
5,5,5,1,3,0.2,-1,-1,-1,-1,-1
5,5,5,1,3,0.5,-1,-1,-1,-1,-1
5,5,5,1,3,1,-1,-1,-1,-1,-1
5,5,5,1,5,0.2,-1,-1,-1,-1,-1
5,5,5,1,5,0.5,-1,-1,-1,-1,-1
5,5,5,1,5,1,-1,-1,-1,-1,-1
5,5,5,5,1,0.2,-1,-1,-1,-1,-1
5,5,5,5,1,0.5,-1,-1,-1,-1,-1
5,5,5,5,1,1,-1,-1,-1,-1,-1
5,5,5,5,3,0.2,-1,-1,-1,-1,-1
5,5,5,5,3,0.5,-1,-1,-1,-1,-1
5,5,5,5,3,1,-1,-1,-1,-1,-1
5,5,5,5,5,0.2,-1,-1,-1,-1,-1
5,5,5,5,5,0.5,-1,-1,-1,-1,-1
5,5,5,5,5,1,-1,-1,-1,-1,-1
5,5,7,0.2,1,0.2,-1,-1,-1,-1,-1
5,5,7,0.2,1,0.5,-1,-1,-1,-1,-1
5,5,7,0.2,1,1,-1,-1,-1,-1,-1
5,5,7,0.2,3,0.2,-1,-1,-1,-1,-1
5,5,7,0.2,3,0.5,-1,-1,-1,-1,-1
5,5,7,0.2,3,1,-1,-1,-1,-1,-1
5,5,7,0.2,5,0.2,-1,-1,-1,-1,-1
5,5,7,0.2,5,0.5,-1,-1,-1,-1,-1
5,5,7,0.2,5,1,-1,-1,-1,-1,-1
5,5,7,0.5,1,0.2,-1,-1,-1,-1,-1
5,5,7,0.5,1,0.5,-1,-1,-1,-1,-1
5,5,7,0.5,1,1,-1,-1,-1,-1,-1
5,5,7,0.5,3,0.2,-1,-1,-1,-1,-1
5,5,7,0.5,3,0.5,-1,-1,-1,-1,-1
5,5,7,0.5,3,1,-1,-1,-1,-1,-1
5,5,7,0.5,5,0.2,-1,-1,-1,-1,-1
5,5,7,0.5,5,0.5,-1,-1,-1,-1,-1
5,5,7,0.5,5,1,-1,-1,-1,-1,-1
5,5,7,1,1,0.2,-1,-1,-1,-1,-1
5,5,7,1,1,0.5,-1,-1,-1,-1,-1
5,5,7,1,1,1,-1,-1,-1,-1,-1
5,5,7,1,3,0.2,-1,-1,-1,-1,-1
5,5,7,1,3,0.5,-1,-1,-1,-1,-1
5,5,7,1,3,1,-1,-1,-1,-1,-1
5,5,7,1,5,0.2,-1,-1,-1,-1,-1
5,5,7,1,5,0.5,-1,-1,-1,-1,-1
5,5,7,1,5,1,-1,-1,-1,-1,-1
5,5,7,5,1,0.2,-1,-1,-1,-1,-1
5,5,7,5,1,0.5,-1,-1,-1,-1,-1
5,5,7,5,1,1,-1,-1,-1,-1,-1
5,5,7,5,3,0.2,-1,-1,-1,-1,-1
5,5,7,5,3,0.5,-1,-1,-1,-1,-1
5,5,7,5,3,1,-1,-1,-1,-1,-1
5,5,7,5,5,0.2,-1,-1,-1,-1,-1
5,5,7,5,5,0.5,-1,-1,-1,-1,-1
5,5,7,5,5,1,-1,-1,-1,-1,-1
5,5,10,0.2,1,0.2,-1,-1,-1,-1,-1
5,5,10,0.2,1,0.5,-1,-1,-1,-1,-1
5,5,10,0.2,1,1,-1,-1,-1,-1,-1
5,5,10,0.2,3,0.2,-1,-1,-1,-1,-1
5,5,10,0.2,3,0.5,-1,-1,-1,-1,-1
5,5,10,0.2,3,1,-1,-1,-1,-1,-1
5,5,10,0.2,5,0.2,-1,-1,-1,-1,-1
5,5,10,0.2,5,0.5,-1,-1,-1,-1,-1
5,5,10,0.2,5,1,-1,-1,-1,-1,-1
5,5,10,0.5,1,0.2,-1,-1,-1,-1,-1
5,5,10,0.5,1,0.5,-1,-1,-1,-1,-1
5,5,10,0.5,1,1,-1,-1,-1,-1,-1
5,5,10,0.5,3,0.2,-1,-1,-1,-1,-1
5,5,10,0.5,3,0.5,-1,-1,-1,-1,-1
5,5,10,0.5,3,1,-1,-1,-1,-1,-1
5,5,10,0.5,5,0.2,-1,-1,-1,-1,-1
5,5,10,0.5,5,0.5,-1,-1,-1,-1,-1
5,5,10,0.5,5,1,-1,-1,-1,-1,-1
5,5,10,1,1,0.2,-1,-1,-1,-1,-1
5,5,10,1,1,0.5,-1,-1,-1,-1,-1
5,5,10,1,1,1,-1,-1,-1,-1,-1
5,5,10,1,3,0.2,-1,-1,-1,-1,-1
5,5,10,1,3,0.5,-1,-1,-1,-1,-1
5,5,10,1,3,1,-1,-1,-1,-1,-1
5,5,10,1,5,0.2,-1,-1,-1,-1,-1
5,5,10,1,5,0.5,-1,-1,-1,-1,-1
5,5,10,1,5,1,-1,-1,-1,-1,-1
5,5,10,5,1,0.2,-1,-1,-1,-1,-1
5,5,10,5,1,0.5,-1,-1,-1,-1,-1
5,5,10,5,1,1,-1,-1,-1,-1,-1
5,5,10,5,3,0.2,-1,-1,-1,-1,-1
5,5,10,5,3,0.5,-1,-1,-1,-1,-1
5,5,10,5,3,1,-1,-1,-1,-1,-1
5,5,10,5,5,0.2,-1,-1,-1,-1,-1
5,5,10,5,5,0.5,-1,-1,-1,-1,-1
5,5,10,5,5,1,-1,-1,-1,-1,-1
10,1,3,0.2,1,0.2,5.74,0.308069,0,976.250538,10.426044
10,1,3,0.2,1,0.5,5.74,0.308069,0,976.250538,10.426044
10,1,3,0.2,1,1,5.74,0.308069,0,976.250538,10.426044
10,1,3,0.2,3,0.2,5.08,0.308069,0,976.250538,11.783276
10,1,3,0.2,3,0.5,5.08,0.308069,0,976.250538,11.783276
10,1,3,0.2,3,1,5.08,0.308069,0,976.250538,11.783276
10,1,3,0.2,5,0.2,4.41,0.308069,0,976.250538,13.577379
10,1,3,0.2,5,0.5,4.41,0.308069,0,976.250538,13.577379
10,1,3,0.2,5,1,4.41,0.308069,0,976.250538,13.577379
10,1,3,0.5,1,0.2,6.39,0.395684,0,416.986012,5.646106
10,1,3,0.5,1,0.5,6.39,0.395684,0,416.986012,5.646106
10,1,3,0.5,1,1,6.39,0.395684,0,416.986012,5.646106
10,1,3,0.5,3,0.2,5.73,0.395684,0,416.986012,6.295494
10,1,3,0.5,3,0.5,5.73,0.395684,0,416.986012,6.295494
10,1,3,0.5,3,1,5.73,0.395684,0,416.986012,6.295494
10,1,3,0.5,5,0.2,5.05,0.395684,0,416.986012,7.135423
10,1,3,0.5,5,0.5,5.05,0.395684,0,416.986012,7.135423
10,1,3,0.5,5,1,5.05,0.395684,0,416.986012,7.135423
10,1,3,1,1,0.2,-1,-1,-1,-1,-1
10,1,3,1,1,0.5,-1,-1,-1,-1,-1
10,1,3,1,1,1,-1,-1,-1,-1,-1
10,1,3,1,3,0.2,-1,-1,-1,-1,-1
10,1,3,1,3,0.5,-1,-1,-1,-1,-1
10,1,3,1,3,1,-1,-1,-1,-1,-1
10,1,3,1,5,0.2,-1,-1,-1,-1,-1
10,1,3,1,5,0.5,-1,-1,-1,-1,-1
10,1,3,1,5,1,-1,-1,-1,-1,-1
10,1,3,5,1,0.2,17.71,0.120817,0,67.882912,0.299112
10,1,3,5,1,0.5,17.71,0.120817,0,67.882912,0.299112
10,1,3,5,1,1,-1,-1,-1,-1,-1
10,1,3,5,3,0.2,10.34,0.120817,0,67.882912,0.339787
10,1,3,5,3,0.5,10.34,0.120817,0,67.882912,0.339787
10,1,3,5,3,1,-1,-1,-1,-1,-1
10,1,3,5,5,0.2,9.22,0.120817,0,67.882912,0.373645
10,1,3,5,5,0.5,9.22,0.120817,0,67.882912,0.373645
10,1,3,5,5,1,-1,-1,-1,-1,-1
10,1,5,0.2,1,0.2,3.58,0.333754,0,1661.773681,34.783148
10,1,5,0.2,1,0.5,3.58,0.333754,0,1661.773681,34.783148
10,1,5,0.2,1,1,3.58,0.333754,0,1661.773681,34.783148
10,1,5,0.2,3,0.2,3.18,0.333754,0,1661.773681,39.170639
10,1,5,0.2,3,0.5,3.18,0.333754,0,1661.773681,39.170639
10,1,5,0.2,3,1,3.18,0.333754,0,1661.773681,39.170639
10,1,5,0.2,5,0.2,2.78,0.333754,0,1661.773681,44.813254
10,1,5,0.2,5,0.5,2.78,0.333754,0,1661.773681,44.813254
10,1,5,0.2,5,1,2.78,0.333754,0,1661.773681,44.813254
10,1,5,0.5,1,0.2,4.2,0.470469,0,722.828427,12.859051
10,1,5,0.5,1,0.5,4.2,0.470469,0,722.828427,12.859051
10,1,5,0.5,1,1,4.2,0.470469,0,722.828427,12.859051
10,1,5,0.5,3,0.2,3.8,0.470469,0,722.828427,14.188655
10,1,5,0.5,3,0.5,3.8,0.470469,0,722.828427,14.188655
10,1,5,0.5,3,1,3.8,0.470469,0,722.828427,14.188655
10,1,5,0.5,5,0.2,3.39,0.470469,0,722.828427,15.838603
10,1,5,0.5,5,0.5,3.39,0.470469,0,722.828427,15.838603
10,1,5,0.5,5,1,3.39,0.470469,0,722.828427,15.838603
10,1,5,1,1,0.2,5.04,0.285283,0,471.640909,5.244139
10,1,5,1,1,0.5,5.04,0.285283,0,471.640909,5.244139
10,1,5,1,1,1,5.04,0.285283,0,471.640909,5.244139
10,1,5,1,3,0.2,4.58,0.285283,0,471.640909,5.687823
10,1,5,1,3,0.5,4.58,0.285283,0,471.640909,5.687823
10,1,5,1,3,1,4.58,0.285283,0,471.640909,5.687823
10,1,5,1,5,0.2,4.11,0.285283,0,471.640909,6.275782
10,1,5,1,5,0.5,4.11,0.285283,0,471.640909,6.275782
10,1,5,1,5,1,4.11,0.285283,0,471.640909,6.275782
10,1,5,5,1,0.2,14.17,0.19099,0,115.672954,0.615116
10,1,5,5,1,0.5,14.17,0.19099,0,115.672954,0.615116
10,1,5,5,1,1,14.15,0.19099,1,115.672954,0.636722
10,1,5,5,3,0.2,7.58,0.19099,0,115.672954,0.739407
10,1,5,5,3,0.5,7.58,0.19099,0,115.672954,0.739407
10,1,5,5,3,1,7.58,0.19099,0,115.672954,0.739407
10,1,5,5,5,0.2,6.73,0.19099,0,115.672954,0.805418
10,1,5,5,5,0.5,6.73,0.19099,0,115.672954,0.805418
10,1,5,5,5,1,6.73,0.19099,0,115.672954,0.805418
10,1,7,0.2,1,0.2,2.7,0.372613,0,2383.681345,76.737786
10,1,7,0.2,1,0.5,2.7,0.372613,0,2383.681345,76.737786
10,1,7,0.2,1,1,2.7,0.372613,0,2383.681345,76.737786
10,1,7,0.2,3,0.2,2.41,0.372613,0,2383.681345,85.989053
10,1,7,0.2,3,0.5,2.41,0.372613,0,2383.681345,85.989053
10,1,7,0.2,3,1,2.41,0.372613,0,2383.681345,85.989053
10,1,7,0.2,5,0.2,2.13,0.372613,0,2383.681345,97.24678
10,1,7,0.2,5,0.5,2.13,0.372613,0,2383.681345,97.24678
10,1,7,0.2,5,1,2.13,0.372613,0,2383.681345,97.24678
10,1,7,0.5,1,0.2,3.48,0.298866,0,1027.480037,24.104229
10,1,7,0.5,1,0.5,3.48,0.298866,0,1027.480037,24.104229
10,1,7,0.5,1,1,3.48,0.298866,0,1027.480037,24.104229
10,1,7,0.5,3,0.2,3.18,0.298866,0,1027.480037,26.251956
10,1,7,0.5,3,0.5,3.18,0.298866,0,1027.480037,26.251956
10,1,7,0.5,3,1,3.18,0.298866,0,1027.480037,26.251956
10,1,7,0.5,5,0.2,2.87,0.298866,0,1027.480037,28.868003
10,1,7,0.5,5,0.5,2.87,0.298866,0,1027.480037,28.868003
10,1,7,0.5,5,1,2.87,0.298866,0,1027.480037,28.868003
10,1,7,1,1,0.2,3.84,0.209435,0,738.668632,10.365193
10,1,7,1,1,0.5,3.84,0.209435,0,738.668632,10.365193
10,1,7,1,1,1,3.84,0.209435,0,738.668632,10.365193
10,1,7,1,3,0.2,3.46,0.209435,0,738.668632,11.026893
10,1,7,1,3,0.5,3.46,0.209435,0,738.668632,11.026893
10,1,7,1,3,1,3.46,0.209435,0,738.668632,11.026893
10,1,7,1,5,0.2,3.09,0.209435,0,738.668632,12.224415
10,1,7,1,5,0.5,3.09,0.209435,0,738.668632,12.224415
10,1,7,1,5,1,3.09,0.209435,0,738.668632,12.224415
10,1,7,5,1,0.2,15.95,0.217884,0,162.924103,0.990417
10,1,7,5,1,0.5,15.95,0.217884,0,162.924103,0.990417
10,1,7,5,1,1,15.79,0.217884,2,162.924103,1.155828
10,1,7,5,3,0.2,6.26,0.217884,0,162.924103,1.255718
10,1,7,5,3,0.5,6.26,0.217884,0,162.924103,1.255718
10,1,7,5,3,1,6.26,0.217884,0,162.924103,1.255718
10,1,7,5,5,0.2,5.53,0.217884,0,162.924103,1.358658
10,1,7,5,5,0.5,5.53,0.217884,0,162.924103,1.358658
10,1,7,5,5,1,5.53,0.217884,0,162.924103,1.358658
10,1,10,0.2,1,0.2,2,0.422958,0,3401.460884,145.085002
10,1,10,0.2,1,0.5,2,0.422958,0,3401.460884,145.085002
10,1,10,0.2,1,1,2,0.422958,0,3401.460884,145.085002
10,1,10,0.2,3,0.2,1.8,0.422958,0,3401.460884,161.141841
10,1,10,0.2,3,0.5,1.8,0.422958,0,3401.460884,161.141841
10,1,10,0.2,3,1,1.8,0.422958,0,3401.460884,161.141841
10,1,10,0.2,5,0.2,1.59,0.422958,0,3401.460884,182.036395
10,1,10,0.2,5,0.5,1.59,0.422958,0,3401.460884,182.036395
10,1,10,0.2,5,1,1.59,0.422958,0,3401.460884,182.036395
10,1,10,0.5,1,0.2,2.51,0.275122,0,1937.363196,38.126346
10,1,10,0.5,1,0.5,2.51,0.275122,0,1937.363196,38.126346
10,1,10,0.5,1,1,2.51,0.275122,0,1937.363196,38.126346
10,1,10,0.5,3,0.2,2.28,0.275122,0,1937.363196,41.351553
10,1,10,0.5,3,0.5,2.28,0.275122,0,1937.363196,41.351553
10,1,10,0.5,3,1,2.28,0.275122,0,1937.363196,41.351553
10,1,10,0.5,5,0.2,2.05,0.275122,0,1937.363196,45.505392
10,1,10,0.5,5,0.5,2.05,0.275122,0,1937.363196,45.505392
10,1,10,0.5,5,1,2.05,0.275122,0,1937.363196,45.505392
10,1,10,1,1,0.2,4.28,0.157061,0,1104.627765,20.831842
10,1,10,1,1,0.5,4.28,0.157061,0,1104.627765,20.831842
10,1,10,1,1,1,4.28,0.157061,0,1104.627765,20.831842
10,1,10,1,3,0.2,2.69,0.157061,0,1104.627765,21.6488
10,1,10,1,3,0.5,2.69,0.157061,0,1104.627765,21.6488
10,1,10,1,3,1,2.69,0.157061,0,1104.627765,21.6488
10,1,10,1,5,0.2,2.4,0.157061,0,1104.627765,23.95852
10,1,10,1,5,0.5,2.4,0.157061,0,1104.627765,23.95852
10,1,10,1,5,1,2.4,0.157061,0,1104.627765,23.95852
10,1,10,5,1,0.2,14.03,0.248931,0,234.49088,1.623571
10,1,10,5,1,0.5,14.03,0.248931,0,234.49088,1.623571
10,1,10,5,1,1,13.94,0.248931,1,234.49088,1.639991
10,1,10,5,3,0.2,5.18,0.248931,0,234.49088,2.19935
10,1,10,5,3,0.5,5.18,0.248931,0,234.49088,2.19935
10,1,10,5,3,1,5.18,0.248931,0,234.49088,2.19935
10,1,10,5,5,0.2,4.53,0.248931,0,234.49088,2.362383
10,1,10,5,5,0.5,4.53,0.248931,0,234.49088,2.362383
10,1,10,5,5,1,4.53,0.248931,0,234.49088,2.362383
10,3,3,0.2,1,0.2,63.89,0.136893,4,2179.348499,89.356797
10,3,3,0.2,1,0.5,62.13,0.149463,4,1537.602857,57.157172
10,3,3,0.2,1,1,56.95,0.138027,4,2170.930319,23.868029
10,3,3,0.2,3,0.2,66.68,0.143199,4,2284.399681,89.48741
10,3,3,0.2,3,0.5,63.32,0.143235,4,1712.486689,57.948437
10,3,3,0.2,3,1,54.56,0.120755,4,1534.093563,31.409098
10,3,3,0.2,5,0.2,59.65,0.099524,4,2179.348499,122.719344
10,3,3,0.2,5,0.5,57.64,0.100469,4,1536.01272,80.184019
10,3,3,0.2,5,1,54.67,0.100613,4,1825.682452,43.132718
10,3,3,0.5,1,0.2,70.87,0.17434,5,605.575498,11.194092
10,3,3,0.5,1,0.5,67.05,0.173838,5,657.495307,7.695673
10,3,3,0.5,1,1,60.49,0.175073,5,570.352225,5.181712
10,3,3,0.5,3,0.2,64.14,0.173543,4,829.417229,10.230185
10,3,3,0.5,3,0.5,61.36,0.176223,4,885.64307,6.844375
10,3,3,0.5,3,1,55.86,0.190411,4,600.053765,5.498798
10,3,3,0.5,5,0.2,61.79,0.1221,4,850.052298,9.173936
10,3,3,0.5,5,0.5,59.18,0.136993,4,602.010162,6.368055
10,3,3,0.5,5,1,55.67,0.125046,4,534.680845,4.709424
10,3,3,1,1,0.2,76.92,0.357012,5,350.622757,2.55279
10,3,3,1,1,0.5,69.82,0.351417,5,294.885342,1.896101
10,3,3,1,1,1,63.61,0.351765,5,286.691009,1.861099
10,3,3,1,3,0.2,73.36,0.255563,4,296.458536,2.629508
10,3,3,1,3,0.5,65.22,0.256875,4,398.853909,2.01963
10,3,3,1,3,1,60.19,0.216956,4,265.384786,2.097727
10,3,3,1,5,0.2,69.45,0.227484,4,300.858145,2.712763
10,3,3,1,5,0.5,65.28,0.227484,4,415.523226,2.434695
10,3,3,1,5,1,59.49,0.315252,5,460.997792,2.032697
10,3,3,5,1,0.2,-1,-1,-1,-1,-1
10,3,3,5,1,0.5,-1,-1,-1,-1,-1
10,3,3,5,1,1,-1,-1,-1,-1,-1
10,3,3,5,3,0.2,-1,-1,-1,-1,-1
10,3,3,5,3,0.5,-1,-1,-1,-1,-1
10,3,3,5,3,1,-1,-1,-1,-1,-1
10,3,3,5,5,0.2,-1,-1,-1,-1,-1
10,3,3,5,5,0.5,-1,-1,-1,-1,-1
10,3,3,5,5,1,-1,-1,-1,-1,-1
10,3,5,0.2,1,0.2,43.64,0.157443,4,3747.471742,211.764924
10,3,5,0.2,1,0.5,41.83,0.159838,4,3143.860785,164.467115
10,3,5,0.2,1,1,39.26,0.157773,4,2972.469674,122.515047
10,3,5,0.2,3,0.2,44.68,0.145705,4,3747.471742,245.907651
10,3,5,0.2,3,0.5,42.95,0.145799,4,3385.767864,195.353887
10,3,5,0.2,3,1,39.28,0.145834,4,3600.648953,126.579804
10,3,5,0.2,5,0.2,41.18,0.139818,4,3747.471742,249.802381
10,3,5,0.2,5,0.5,39.95,0.137053,4,3548.60625,218.752819
10,3,5,0.2,5,1,38.13,0.138833,4,2972.469674,173.618302
10,3,5,0.5,1,0.2,50.52,0.305055,5,1462.716443,21.397619
10,3,5,0.5,1,0.5,47.18,0.341657,5,1059.220752,16.751974
10,3,5,0.5,1,1,43.54,0.309482,5,1254.737985,14.712687
10,3,5,0.5,3,0.2,45.7,0.195997,4,1258.007701,31.649973
10,3,5,0.5,3,0.5,43.37,0.195997,4,1364.846985,22.138436
10,3,5,0.5,3,1,40.4,0.195997,4,1254.737985,16.679482
10,3,5,0.5,5,0.2,45.97,0.195997,4,1258.007701,30.758542
10,3,5,0.5,5,0.5,44.03,0.195997,4,1080.170276,22.196769
10,3,5,0.5,5,1,41.55,0.195997,4,1254.737985,18.580569
10,3,5,1,1,0.2,-1,-1,-1,-1,-1
10,3,5,1,1,0.5,-1,-1,-1,-1,-1
10,3,5,1,1,1,-1,-1,-1,-1,-1
10,3,5,1,3,0.2,-1,-1,-1,-1,-1
10,3,5,1,3,0.5,-1,-1,-1,-1,-1
10,3,5,1,3,1,-1,-1,-1,-1,-1
10,3,5,1,5,0.2,-1,-1,-1,-1,-1
10,3,5,1,5,0.5,49.38,0.324806,4,501.448763,5.840065
10,3,5,1,5,1,-1,-1,-1,-1,-1
10,3,5,5,1,0.2,-1,-1,-1,-1,-1
10,3,5,5,1,0.5,-1,-1,-1,-1,-1
10,3,5,5,1,1,-1,-1,-1,-1,-1
10,3,5,5,3,0.2,-1,-1,-1,-1,-1
10,3,5,5,3,0.5,-1,-1,-1,-1,-1
10,3,5,5,3,1,-1,-1,-1,-1,-1
10,3,5,5,5,0.2,-1,-1,-1,-1,-1
10,3,5,5,5,0.5,-1,-1,-1,-1,-1
10,3,5,5,5,1,-1,-1,-1,-1,-1
10,3,7,0.2,1,0.2,35.39,0.151515,4,3589.478562,339.532374
10,3,7,0.2,1,0.5,34.12,0.159373,4,3790.740192,303.101121
10,3,7,0.2,1,1,31.98,0.158406,4,5249.677868,238.792236
10,3,7,0.2,3,0.2,35.54,0.156954,4,3588.720399,437.796449
10,3,7,0.2,3,0.5,34.24,0.156722,4,3588.720399,363.42046
10,3,7,0.2,3,1,31.58,0.157822,4,3584.64801,230.633162
10,3,7,0.2,5,0.2,33.13,0.125427,4,3701.074985,445.469637
10,3,7,0.2,5,0.5,32.05,0.119776,4,4723.719468,372.65987
10,3,7,0.2,5,1,30.95,0.177182,4,5000.935022,300.959519
10,3,7,0.5,1,0.2,41.76,0.358248,5,2005.831201,56.901291
10,3,7,0.5,1,0.5,39.19,0.346912,5,1710.345988,40.798164
10,3,7,0.5,1,1,36.39,0.349896,5,2057.1368,31.30069
10,3,7,0.5,3,0.2,36.98,0.308508,4,1689.656596,42.661686
10,3,7,0.5,3,0.5,35.38,0.314492,4,1651.123493,33.398133
10,3,7,0.5,3,1,36.22,0.466176,5,1872.511324,27.70283
10,3,7,0.5,5,0.2,38.23,0.30652,4,1805.967324,48.691138
10,3,7,0.5,5,0.5,35.35,0.247753,4,1651.123493,44.233031
10,3,7,0.5,5,1,33.19,0.31008,4,1392.766425,31.694286
10,3,7,1,1,0.2,-1,-1,-1,-1,-1
10,3,7,1,1,0.5,-1,-1,-1,-1,-1
10,3,7,1,1,1,-1,-1,-1,-1,-1
10,3,7,1,3,0.2,-1,-1,-1,-1,-1
10,3,7,1,3,0.5,-1,-1,-1,-1,-1
10,3,7,1,3,1,-1,-1,-1,-1,-1
10,3,7,1,5,0.2,-1,-1,-1,-1,-1
10,3,7,1,5,0.5,-1,-1,-1,-1,-1
10,3,7,1,5,1,-1,-1,-1,-1,-1
10,3,7,5,1,0.2,-1,-1,-1,-1,-1
10,3,7,5,1,0.5,-1,-1,-1,-1,-1
10,3,7,5,1,1,-1,-1,-1,-1,-1
10,3,7,5,3,0.2,-1,-1,-1,-1,-1
10,3,7,5,3,0.5,-1,-1,-1,-1,-1
10,3,7,5,3,1,-1,-1,-1,-1,-1
10,3,7,5,5,0.2,-1,-1,-1,-1,-1
10,3,7,5,5,0.5,-1,-1,-1,-1,-1
10,3,7,5,5,1,-1,-1,-1,-1,-1
10,3,10,0.2,1,0.2,32.37,0.237389,5,8518.257581,828.072663
10,3,10,0.2,1,0.5,31.07,0.241005,5,6965.949782,703.349741
10,3,10,0.2,1,1,29.12,0.239481,5,5130.025694,620.564539
10,3,10,0.2,3,0.2,28.5,0.151017,4,5128.845807,778.871608
10,3,10,0.2,3,0.5,27.46,0.151017,4,7494.553259,756.969198
10,3,10,0.2,3,1,25.93,0.151017,4,9100.160312,639.862282
10,3,10,0.2,5,0.2,27.07,0.178976,4,7163.923269,803.736156
10,3,10,0.2,5,0.5,26.39,0.179146,4,5128.730435,769.750314
10,3,10,0.2,5,1,25.26,0.18099,4,5127.310338,668.049673
10,3,10,0.5,1,0.2,-1,-1,-1,-1,-1
10,3,10,0.5,1,0.5,-1,-1,-1,-1,-1
10,3,10,0.5,1,1,-1,-1,-1,-1,-1
10,3,10,0.5,3,0.2,-1,-1,-1,-1,-1
10,3,10,0.5,3,0.5,-1,-1,-1,-1,-1
10,3,10,0.5,3,1,-1,-1,-1,-1,-1
10,3,10,0.5,5,0.2,-1,-1,-1,-1,-1
10,3,10,0.5,5,0.5,29.04,0.324978,4,3090.609029,77.702443
10,3,10,0.5,5,1,-1,-1,-1,-1,-1
10,3,10,1,1,0.2,-1,-1,-1,-1,-1
10,3,10,1,1,0.5,-1,-1,-1,-1,-1
10,3,10,1,1,1,-1,-1,-1,-1,-1
10,3,10,1,3,0.2,-1,-1,-1,-1,-1
10,3,10,1,3,0.5,-1,-1,-1,-1,-1
10,3,10,1,3,1,-1,-1,-1,-1,-1
10,3,10,1,5,0.2,-1,-1,-1,-1,-1
10,3,10,1,5,0.5,-1,-1,-1,-1,-1
10,3,10,1,5,1,-1,-1,-1,-1,-1
10,3,10,5,1,0.2,-1,-1,-1,-1,-1
10,3,10,5,1,0.5,-1,-1,-1,-1,-1
10,3,10,5,1,1,-1,-1,-1,-1,-1
10,3,10,5,3,0.2,-1,-1,-1,-1,-1
10,3,10,5,3,0.5,-1,-1,-1,-1,-1
10,3,10,5,3,1,-1,-1,-1,-1,-1
10,3,10,5,5,0.2,-1,-1,-1,-1,-1
10,3,10,5,5,0.5,-1,-1,-1,-1,-1
10,3,10,5,5,1,-1,-1,-1,-1,-1
10,5,3,0.2,1,0.2,-1,-1,-1,-1,-1
10,5,3,0.2,1,0.5,-1,-1,-1,-1,-1
10,5,3,0.2,1,1,-1,-1,-1,-1,-1
10,5,3,0.2,3,0.2,-1,-1,-1,-1,-1
10,5,3,0.2,3,0.5,-1,-1,-1,-1,-1
10,5,3,0.2,3,1,-1,-1,-1,-1,-1
10,5,3,0.2,5,0.2,-1,-1,-1,-1,-1
10,5,3,0.2,5,0.5,-1,-1,-1,-1,-1
10,5,3,0.2,5,1,-1,-1,-1,-1,-1
10,5,3,0.5,1,0.2,-1,-1,-1,-1,-1
10,5,3,0.5,1,0.5,-1,-1,-1,-1,-1
10,5,3,0.5,1,1,-1,-1,-1,-1,-1
10,5,3,0.5,3,0.2,-1,-1,-1,-1,-1
10,5,3,0.5,3,0.5,-1,-1,-1,-1,-1
10,5,3,0.5,3,1,-1,-1,-1,-1,-1
10,5,3,0.5,5,0.2,-1,-1,-1,-1,-1
10,5,3,0.5,5,0.5,-1,-1,-1,-1,-1
10,5,3,0.5,5,1,-1,-1,-1,-1,-1
10,5,3,1,1,0.2,-1,-1,-1,-1,-1
10,5,3,1,1,0.5,-1,-1,-1,-1,-1
10,5,3,1,1,1,-1,-1,-1,-1,-1
10,5,3,1,3,0.2,-1,-1,-1,-1,-1
10,5,3,1,3,0.5,-1,-1,-1,-1,-1
10,5,3,1,3,1,-1,-1,-1,-1,-1
10,5,3,1,5,0.2,-1,-1,-1,-1,-1
10,5,3,1,5,0.5,-1,-1,-1,-1,-1
10,5,3,1,5,1,-1,-1,-1,-1,-1
10,5,3,5,1,0.2,-1,-1,-1,-1,-1
10,5,3,5,1,0.5,-1,-1,-1,-1,-1
10,5,3,5,1,1,-1,-1,-1,-1,-1
10,5,3,5,3,0.2,-1,-1,-1,-1,-1
10,5,3,5,3,0.5,-1,-1,-1,-1,-1
10,5,3,5,3,1,-1,-1,-1,-1,-1
10,5,3,5,5,0.2,-1,-1,-1,-1,-1
10,5,3,5,5,0.5,-1,-1,-1,-1,-1
10,5,3,5,5,1,-1,-1,-1,-1,-1
10,5,5,0.2,1,0.2,-1,-1,-1,-1,-1
10,5,5,0.2,1,0.5,-1,-1,-1,-1,-1
10,5,5,0.2,1,1,-1,-1,-1,-1,-1
10,5,5,0.2,3,0.2,-1,-1,-1,-1,-1
10,5,5,0.2,3,0.5,-1,-1,-1,-1,-1
10,5,5,0.2,3,1,-1,-1,-1,-1,-1
10,5,5,0.2,5,0.2,-1,-1,-1,-1,-1
10,5,5,0.2,5,0.5,-1,-1,-1,-1,-1
10,5,5,0.2,5,1,-1,-1,-1,-1,-1
10,5,5,0.5,1,0.2,-1,-1,-1,-1,-1
10,5,5,0.5,1,0.5,-1,-1,-1,-1,-1
10,5,5,0.5,1,1,-1,-1,-1,-1,-1
10,5,5,0.5,3,0.2,-1,-1,-1,-1,-1
10,5,5,0.5,3,0.5,-1,-1,-1,-1,-1
10,5,5,0.5,3,1,-1,-1,-1,-1,-1
10,5,5,0.5,5,0.2,-1,-1,-1,-1,-1
10,5,5,0.5,5,0.5,-1,-1,-1,-1,-1
10,5,5,0.5,5,1,-1,-1,-1,-1,-1
10,5,5,1,1,0.2,-1,-1,-1,-1,-1
10,5,5,1,1,0.5,-1,-1,-1,-1,-1
10,5,5,1,1,1,-1,-1,-1,-1,-1
10,5,5,1,3,0.2,-1,-1,-1,-1,-1
10,5,5,1,3,0.5,-1,-1,-1,-1,-1
10,5,5,1,3,1,-1,-1,-1,-1,-1
10,5,5,1,5,0.2,-1,-1,-1,-1,-1
10,5,5,1,5,0.5,-1,-1,-1,-1,-1
10,5,5,1,5,1,-1,-1,-1,-1,-1
10,5,5,5,1,0.2,-1,-1,-1,-1,-1
10,5,5,5,1,0.5,-1,-1,-1,-1,-1
10,5,5,5,1,1,-1,-1,-1,-1,-1
10,5,5,5,3,0.2,-1,-1,-1,-1,-1
10,5,5,5,3,0.5,-1,-1,-1,-1,-1
10,5,5,5,3,1,-1,-1,-1,-1,-1
10,5,5,5,5,0.2,-1,-1,-1,-1,-1
10,5,5,5,5,0.5,-1,-1,-1,-1,-1
10,5,5,5,5,1,-1,-1,-1,-1,-1
10,5,7,0.2,1,0.2,-1,-1,-1,-1,-1
10,5,7,0.2,1,0.5,-1,-1,-1,-1,-1
10,5,7,0.2,1,1,-1,-1,-1,-1,-1
10,5,7,0.2,3,0.2,-1,-1,-1,-1,-1
10,5,7,0.2,3,0.5,-1,-1,-1,-1,-1
10,5,7,0.2,3,1,-1,-1,-1,-1,-1
10,5,7,0.2,5,0.2,-1,-1,-1,-1,-1
10,5,7,0.2,5,0.5,-1,-1,-1,-1,-1
10,5,7,0.2,5,1,-1,-1,-1,-1,-1
10,5,7,0.5,1,0.2,-1,-1,-1,-1,-1
10,5,7,0.5,1,0.5,-1,-1,-1,-1,-1
10,5,7,0.5,1,1,-1,-1,-1,-1,-1
10,5,7,0.5,3,0.2,-1,-1,-1,-1,-1
10,5,7,0.5,3,0.5,-1,-1,-1,-1,-1
10,5,7,0.5,3,1,-1,-1,-1,-1,-1
10,5,7,0.5,5,0.2,-1,-1,-1,-1,-1
10,5,7,0.5,5,0.5,-1,-1,-1,-1,-1
10,5,7,0.5,5,1,-1,-1,-1,-1,-1
10,5,7,1,1,0.2,-1,-1,-1,-1,-1
10,5,7,1,1,0.5,-1,-1,-1,-1,-1
10,5,7,1,1,1,-1,-1,-1,-1,-1
10,5,7,1,3,0.2,-1,-1,-1,-1,-1
10,5,7,1,3,0.5,-1,-1,-1,-1,-1
10,5,7,1,3,1,-1,-1,-1,-1,-1
10,5,7,1,5,0.2,-1,-1,-1,-1,-1
10,5,7,1,5,0.5,-1,-1,-1,-1,-1
10,5,7,1,5,1,-1,-1,-1,-1,-1
10,5,7,5,1,0.2,-1,-1,-1,-1,-1
10,5,7,5,1,0.5,-1,-1,-1,-1,-1
10,5,7,5,1,1,-1,-1,-1,-1,-1
10,5,7,5,3,0.2,-1,-1,-1,-1,-1
10,5,7,5,3,0.5,-1,-1,-1,-1,-1
10,5,7,5,3,1,-1,-1,-1,-1,-1
10,5,7,5,5,0.2,-1,-1,-1,-1,-1
10,5,7,5,5,0.5,-1,-1,-1,-1,-1
10,5,7,5,5,1,-1,-1,-1,-1,-1
10,5,10,0.2,1,0.2,-1,-1,-1,-1,-1
10,5,10,0.2,1,0.5,-1,-1,-1,-1,-1
10,5,10,0.2,1,1,-1,-1,-1,-1,-1
10,5,10,0.2,3,0.2,-1,-1,-1,-1,-1
10,5,10,0.2,3,0.5,-1,-1,-1,-1,-1
10,5,10,0.2,3,1,-1,-1,-1,-1,-1
10,5,10,0.2,5,0.2,-1,-1,-1,-1,-1
10,5,10,0.2,5,0.5,-1,-1,-1,-1,-1
10,5,10,0.2,5,1,-1,-1,-1,-1,-1
10,5,10,0.5,1,0.2,-1,-1,-1,-1,-1
10,5,10,0.5,1,0.5,-1,-1,-1,-1,-1
10,5,10,0.5,1,1,-1,-1,-1,-1,-1
10,5,10,0.5,3,0.2,-1,-1,-1,-1,-1
10,5,10,0.5,3,0.5,-1,-1,-1,-1,-1
10,5,10,0.5,3,1,-1,-1,-1,-1,-1
10,5,10,0.5,5,0.2,-1,-1,-1,-1,-1
10,5,10,0.5,5,0.5,-1,-1,-1,-1,-1
10,5,10,0.5,5,1,-1,-1,-1,-1,-1
10,5,10,1,1,0.2,-1,-1,-1,-1,-1
10,5,10,1,1,0.5,-1,-1,-1,-1,-1
10,5,10,1,1,1,-1,-1,-1,-1,-1
10,5,10,1,3,0.2,-1,-1,-1,-1,-1
10,5,10,1,3,0.5,-1,-1,-1,-1,-1
10,5,10,1,3,1,-1,-1,-1,-1,-1
10,5,10,1,5,0.2,-1,-1,-1,-1,-1
10,5,10,1,5,0.5,-1,-1,-1,-1,-1
10,5,10,1,5,1,-1,-1,-1,-1,-1
10,5,10,5,1,0.2,-1,-1,-1,-1,-1
10,5,10,5,1,0.5,-1,-1,-1,-1,-1
10,5,10,5,1,1,-1,-1,-1,-1,-1
10,5,10,5,3,0.2,-1,-1,-1,-1,-1
10,5,10,5,3,0.5,-1,-1,-1,-1,-1
10,5,10,5,3,1,-1,-1,-1,-1,-1
10,5,10,5,5,0.2,-1,-1,-1,-1,-1
10,5,10,5,5,0.5,-1,-1,-1,-1,-1
10,5,10,5,5,1,-1,-1,-1,-1,-1
15,1,3,0.2,1,0.2,5.74,0.308069,0,976.250538,10.426044
15,1,3,0.2,1,0.5,5.74,0.308069,0,976.250538,10.426044
15,1,3,0.2,1,1,5.74,0.308069,0,976.250538,10.426044
15,1,3,0.2,3,0.2,5.08,0.308069,0,976.250538,11.783276
15,1,3,0.2,3,0.5,5.08,0.308069,0,976.250538,11.783276
15,1,3,0.2,3,1,5.08,0.308069,0,976.250538,11.783276
15,1,3,0.2,5,0.2,4.41,0.308069,0,976.250538,13.577379
15,1,3,0.2,5,0.5,4.41,0.308069,0,976.250538,13.577379
15,1,3,0.2,5,1,4.41,0.308069,0,976.250538,13.577379
15,1,3,0.5,1,0.2,6.39,0.395684,0,416.986012,5.646106
15,1,3,0.5,1,0.5,6.39,0.395684,0,416.986012,5.646106
15,1,3,0.5,1,1,6.39,0.395684,0,416.986012,5.646106
15,1,3,0.5,3,0.2,5.73,0.395684,0,416.986012,6.295494
15,1,3,0.5,3,0.5,5.73,0.395684,0,416.986012,6.295494
15,1,3,0.5,3,1,5.73,0.395684,0,416.986012,6.295494
15,1,3,0.5,5,0.2,5.05,0.395684,0,416.986012,7.135423
15,1,3,0.5,5,0.5,5.05,0.395684,0,416.986012,7.135423
15,1,3,0.5,5,1,5.05,0.395684,0,416.986012,7.135423
15,1,3,1,1,0.2,-1,-1,-1,-1,-1
15,1,3,1,1,0.5,-1,-1,-1,-1,-1
15,1,3,1,1,1,-1,-1,-1,-1,-1
15,1,3,1,3,0.2,-1,-1,-1,-1,-1
15,1,3,1,3,0.5,-1,-1,-1,-1,-1
15,1,3,1,3,1,-1,-1,-1,-1,-1
15,1,3,1,5,0.2,-1,-1,-1,-1,-1
15,1,3,1,5,0.5,-1,-1,-1,-1,-1
15,1,3,1,5,1,-1,-1,-1,-1,-1
15,1,3,5,1,0.2,17.71,0.120817,0,67.882912,0.299112
15,1,3,5,1,0.5,17.71,0.120817,0,67.882912,0.299112
15,1,3,5,1,1,-1,-1,-1,-1,-1
15,1,3,5,3,0.2,10.34,0.120817,0,67.882912,0.339787
15,1,3,5,3,0.5,10.34,0.120817,0,67.882912,0.339787
15,1,3,5,3,1,-1,-1,-1,-1,-1
15,1,3,5,5,0.2,9.22,0.120817,0,67.882912,0.373645
15,1,3,5,5,0.5,9.22,0.120817,0,67.882912,0.373645
15,1,3,5,5,1,-1,-1,-1,-1,-1
15,1,5,0.2,1,0.2,3.58,0.333754,0,1661.773681,34.783148
15,1,5,0.2,1,0.5,3.58,0.333754,0,1661.773681,34.783148
15,1,5,0.2,1,1,3.58,0.333754,0,1661.773681,34.783148
15,1,5,0.2,3,0.2,3.18,0.333754,0,1661.773681,39.170639
15,1,5,0.2,3,0.5,3.18,0.333754,0,1661.773681,39.170639
15,1,5,0.2,3,1,3.18,0.333754,0,1661.773681,39.170639
15,1,5,0.2,5,0.2,2.78,0.333754,0,1661.773681,44.813254
15,1,5,0.2,5,0.5,2.78,0.333754,0,1661.773681,44.813254
15,1,5,0.2,5,1,2.78,0.333754,0,1661.773681,44.813254
15,1,5,0.5,1,0.2,4.2,0.470469,0,722.828427,12.859051
15,1,5,0.5,1,0.5,4.2,0.470469,0,722.828427,12.859051
15,1,5,0.5,1,1,4.2,0.470469,0,722.828427,12.859051
15,1,5,0.5,3,0.2,3.8,0.470469,0,722.828427,14.188655
15,1,5,0.5,3,0.5,3.8,0.470469,0,722.828427,14.188655
15,1,5,0.5,3,1,3.8,0.470469,0,722.828427,14.188655
15,1,5,0.5,5,0.2,3.39,0.470469,0,722.828427,15.838603
15,1,5,0.5,5,0.5,3.39,0.470469,0,722.828427,15.838603
15,1,5,0.5,5,1,3.39,0.470469,0,722.828427,15.838603
15,1,5,1,1,0.2,5.04,0.285283,0,471.640909,5.244139
15,1,5,1,1,0.5,5.04,0.285283,0,471.640909,5.244139
15,1,5,1,1,1,5.04,0.285283,0,471.640909,5.244139
15,1,5,1,3,0.2,4.58,0.285283,0,471.640909,5.687823
15,1,5,1,3,0.5,4.58,0.285283,0,471.640909,5.687823
15,1,5,1,3,1,4.58,0.285283,0,471.640909,5.687823
15,1,5,1,5,0.2,4.11,0.285283,0,471.640909,6.275782
15,1,5,1,5,0.5,4.11,0.285283,0,471.640909,6.275782
15,1,5,1,5,1,4.11,0.285283,0,471.640909,6.275782
15,1,5,5,1,0.2,14.17,0.19099,0,115.672954,0.615116
15,1,5,5,1,0.5,14.17,0.19099,0,115.672954,0.615116
15,1,5,5,1,1,14.15,0.19099,1,115.672954,0.636722
15,1,5,5,3,0.2,7.58,0.19099,0,115.672954,0.739407
15,1,5,5,3,0.5,7.58,0.19099,0,115.672954,0.739407
15,1,5,5,3,1,7.58,0.19099,0,115.672954,0.739407
15,1,5,5,5,0.2,6.73,0.19099,0,115.672954,0.805418
15,1,5,5,5,0.5,6.73,0.19099,0,115.672954,0.805418
15,1,5,5,5,1,6.73,0.19099,0,115.672954,0.805418
15,1,7,0.2,1,0.2,2.7,0.372613,0,2383.681345,76.737786
15,1,7,0.2,1,0.5,2.7,0.372613,0,2383.681345,76.737786
15,1,7,0.2,1,1,2.7,0.372613,0,2383.681345,76.737786
15,1,7,0.2,3,0.2,2.41,0.372613,0,2383.681345,85.989053
15,1,7,0.2,3,0.5,2.41,0.372613,0,2383.681345,85.989053
15,1,7,0.2,3,1,2.41,0.372613,0,2383.681345,85.989053
15,1,7,0.2,5,0.2,2.13,0.372613,0,2383.681345,97.24678
15,1,7,0.2,5,0.5,2.13,0.372613,0,2383.681345,97.24678
15,1,7,0.2,5,1,2.13,0.372613,0,2383.681345,97.24678
15,1,7,0.5,1,0.2,3.48,0.298866,0,1027.480037,24.104229
15,1,7,0.5,1,0.5,3.48,0.298866,0,1027.480037,24.104229
15,1,7,0.5,1,1,3.48,0.298866,0,1027.480037,24.104229
15,1,7,0.5,3,0.2,3.18,0.298866,0,1027.480037,26.251956
15,1,7,0.5,3,0.5,3.18,0.298866,0,1027.480037,26.251956
15,1,7,0.5,3,1,3.18,0.298866,0,1027.480037,26.251956
15,1,7,0.5,5,0.2,2.87,0.298866,0,1027.480037,28.868003
15,1,7,0.5,5,0.5,2.87,0.298866,0,1027.480037,28.868003
15,1,7,0.5,5,1,2.87,0.298866,0,1027.480037,28.868003
15,1,7,1,1,0.2,3.84,0.209435,0,738.668632,10.365193
15,1,7,1,1,0.5,3.84,0.209435,0,738.668632,10.365193
15,1,7,1,1,1,3.84,0.209435,0,738.668632,10.365193
15,1,7,1,3,0.2,3.46,0.209435,0,738.668632,11.026893
15,1,7,1,3,0.5,3.46,0.209435,0,738.668632,11.026893
15,1,7,1,3,1,3.46,0.209435,0,738.668632,11.026893
15,1,7,1,5,0.2,3.09,0.209435,0,738.668632,12.224415
15,1,7,1,5,0.5,3.09,0.209435,0,738.668632,12.224415
15,1,7,1,5,1,3.09,0.209435,0,738.668632,12.224415
15,1,7,5,1,0.2,15.95,0.217884,0,162.924103,0.990417
15,1,7,5,1,0.5,15.95,0.217884,0,162.924103,0.990417
15,1,7,5,1,1,15.79,0.217884,2,162.924103,1.155828
15,1,7,5,3,0.2,6.26,0.217884,0,162.924103,1.255718
15,1,7,5,3,0.5,6.26,0.217884,0,162.924103,1.255718
15,1,7,5,3,1,6.26,0.217884,0,162.924103,1.255718
15,1,7,5,5,0.2,5.53,0.217884,0,162.924103,1.358658
15,1,7,5,5,0.5,5.53,0.217884,0,162.924103,1.358658
15,1,7,5,5,1,5.53,0.217884,0,162.924103,1.358658
15,1,10,0.2,1,0.2,2,0.422958,0,3401.460884,145.085002
15,1,10,0.2,1,0.5,2,0.422958,0,3401.460884,145.085002
15,1,10,0.2,1,1,2,0.422958,0,3401.460884,145.085002
15,1,10,0.2,3,0.2,1.8,0.422958,0,3401.460884,161.141841
15,1,10,0.2,3,0.5,1.8,0.422958,0,3401.460884,161.141841
15,1,10,0.2,3,1,1.8,0.422958,0,3401.460884,161.141841
15,1,10,0.2,5,0.2,1.59,0.422958,0,3401.460884,182.036395
15,1,10,0.2,5,0.5,1.59,0.422958,0,3401.460884,182.036395
15,1,10,0.2,5,1,1.59,0.422958,0,3401.460884,182.036395
15,1,10,0.5,1,0.2,2.51,0.275122,0,1937.363196,38.126346
15,1,10,0.5,1,0.5,2.51,0.275122,0,1937.363196,38.126346
15,1,10,0.5,1,1,2.51,0.275122,0,1937.363196,38.126346
15,1,10,0.5,3,0.2,2.28,0.275122,0,1937.363196,41.351553
15,1,10,0.5,3,0.5,2.28,0.275122,0,1937.363196,41.351553
15,1,10,0.5,3,1,2.28,0.275122,0,1937.363196,41.351553
15,1,10,0.5,5,0.2,2.05,0.275122,0,1937.363196,45.505392
15,1,10,0.5,5,0.5,2.05,0.275122,0,1937.363196,45.505392
15,1,10,0.5,5,1,2.05,0.275122,0,1937.363196,45.505392
15,1,10,1,1,0.2,4.28,0.157061,0,1104.627765,20.831842
15,1,10,1,1,0.5,4.28,0.157061,0,1104.627765,20.831842
15,1,10,1,1,1,4.28,0.157061,0,1104.627765,20.831842
15,1,10,1,3,0.2,2.69,0.157061,0,1104.627765,21.6488
15,1,10,1,3,0.5,2.69,0.157061,0,1104.627765,21.6488
15,1,10,1,3,1,2.69,0.157061,0,1104.627765,21.6488
15,1,10,1,5,0.2,2.4,0.157061,0,1104.627765,23.95852
15,1,10,1,5,0.5,2.4,0.157061,0,1104.627765,23.95852
15,1,10,1,5,1,2.4,0.157061,0,1104.627765,23.95852
15,1,10,5,1,0.2,14.03,0.248931,0,234.49088,1.623571
15,1,10,5,1,0.5,14.03,0.248931,0,234.49088,1.623571
15,1,10,5,1,1,13.94,0.248931,1,234.49088,1.639991
15,1,10,5,3,0.2,5.18,0.248931,0,234.49088,2.19935
15,1,10,5,3,0.5,5.18,0.248931,0,234.49088,2.19935
15,1,10,5,3,1,5.18,0.248931,0,234.49088,2.19935
15,1,10,5,5,0.2,4.53,0.248931,0,234.49088,2.362383
15,1,10,5,5,0.5,4.53,0.248931,0,234.49088,2.362383
15,1,10,5,5,1,4.53,0.248931,0,234.49088,2.362383
15,3,3,0.2,1,0.2,57.14,0.060745,3,2179.363904,92.473259
15,3,3,0.2,1,0.5,54.89,0.061033,3,1537.381826,55.930559
15,3,3,0.2,1,1,52.16,0.056028,3,2062.784519,31.138428
15,3,3,0.2,3,0.2,-1,-1,-1,-1,-1
15,3,3,0.2,3,0.5,-1,-1,-1,-1,-1
15,3,3,0.2,3,1,-1,-1,-1,-1,-1
15,3,3,0.2,5,0.2,-1,-1,-1,-1,-1
15,3,3,0.2,5,0.5,-1,-1,-1,-1,-1
15,3,3,0.2,5,1,-1,-1,-1,-1,-1
15,3,3,0.5,1,0.2,58.24,0.203945,3,605.213189,7.442765
15,3,3,0.5,1,0.5,55.9,0.204051,3,708.00313,5.421471
15,3,3,0.5,1,1,53.39,0.202623,3,525.718179,4.053144
15,3,3,0.5,3,0.2,-1,-1,-1,-1,-1
15,3,3,0.5,3,0.5,-1,-1,-1,-1,-1
15,3,3,0.5,3,1,-1,-1,-1,-1,-1
15,3,3,0.5,5,0.2,-1,-1,-1,-1,-1
15,3,3,0.5,5,0.5,-1,-1,-1,-1,-1
15,3,3,0.5,5,1,-1,-1,-1,-1,-1
15,3,3,1,1,0.2,-1,-1,-1,-1,-1
15,3,3,1,1,0.5,-1,-1,-1,-1,-1
15,3,3,1,1,1,-1,-1,-1,-1,-1
15,3,3,1,3,0.2,-1,-1,-1,-1,-1
15,3,3,1,3,0.5,-1,-1,-1,-1,-1
15,3,3,1,3,1,-1,-1,-1,-1,-1
15,3,3,1,5,0.2,-1,-1,-1,-1,-1
15,3,3,1,5,0.5,-1,-1,-1,-1,-1
15,3,3,1,5,1,-1,-1,-1,-1,-1
15,3,3,5,1,0.2,-1,-1,-1,-1,-1
15,3,3,5,1,0.5,-1,-1,-1,-1,-1
15,3,3,5,1,1,-1,-1,-1,-1,-1
15,3,3,5,3,0.2,-1,-1,-1,-1,-1
15,3,3,5,3,0.5,-1,-1,-1,-1,-1
15,3,3,5,3,1,-1,-1,-1,-1,-1
15,3,3,5,5,0.2,-1,-1,-1,-1,-1
15,3,3,5,5,0.5,-1,-1,-1,-1,-1
15,3,3,5,5,1,-1,-1,-1,-1,-1
15,3,5,0.2,1,0.2,38,0.109768,3,3747.453622,252.899752
15,3,5,0.2,1,0.5,36.64,0.116389,3,3102.420409,166.988077
15,3,5,0.2,1,1,35.12,0.115925,3,2971.731827,143.00276
15,3,5,0.2,3,0.2,-1,-1,-1,-1,-1
15,3,5,0.2,3,0.5,-1,-1,-1,-1,-1
15,3,5,0.2,3,1,-1,-1,-1,-1,-1
15,3,5,0.2,5,0.2,-1,-1,-1,-1,-1
15,3,5,0.2,5,0.5,-1,-1,-1,-1,-1
15,3,5,0.2,5,1,-1,-1,-1,-1,-1
15,3,5,0.5,1,0.2,43.07,0.436106,3,1257.69126,20.659248
15,3,5,0.5,1,0.5,39.13,0.44238,3,1009.187068,13.434125
15,3,5,0.5,1,1,37.41,0.44625,3,1254.869319,10.759644
15,3,5,0.5,3,0.2,-1,-1,-1,-1,-1
15,3,5,0.5,3,0.5,-1,-1,-1,-1,-1
15,3,5,0.5,3,1,-1,-1,-1,-1,-1
15,3,5,0.5,5,0.2,-1,-1,-1,-1,-1
15,3,5,0.5,5,0.5,-1,-1,-1,-1,-1
15,3,5,0.5,5,1,-1,-1,-1,-1,-1
15,3,5,1,1,0.2,-1,-1,-1,-1,-1
15,3,5,1,1,0.5,-1,-1,-1,-1,-1
15,3,5,1,1,1,-1,-1,-1,-1,-1
15,3,5,1,3,0.2,-1,-1,-1,-1,-1
15,3,5,1,3,0.5,-1,-1,-1,-1,-1
15,3,5,1,3,1,-1,-1,-1,-1,-1
15,3,5,1,5,0.2,-1,-1,-1,-1,-1
15,3,5,1,5,0.5,-1,-1,-1,-1,-1
15,3,5,1,5,1,-1,-1,-1,-1,-1
15,3,5,5,1,0.2,-1,-1,-1,-1,-1
15,3,5,5,1,0.5,-1,-1,-1,-1,-1
15,3,5,5,1,1,-1,-1,-1,-1,-1
15,3,5,5,3,0.2,-1,-1,-1,-1,-1
15,3,5,5,3,0.5,-1,-1,-1,-1,-1
15,3,5,5,3,1,-1,-1,-1,-1,-1
15,3,5,5,5,0.2,-1,-1,-1,-1,-1
15,3,5,5,5,0.5,-1,-1,-1,-1,-1
15,3,5,5,5,1,-1,-1,-1,-1,-1
15,3,7,0.2,1,0.2,29.98,0.172207,3,3589.93721,389.666485
15,3,7,0.2,1,0.5,28.95,0.175532,3,3588.720399,312.789138
15,3,7,0.2,1,1,27.9,0.176808,3,3585.319125,247.964634
15,3,7,0.2,3,0.2,-1,-1,-1,-1,-1
15,3,7,0.2,3,0.5,-1,-1,-1,-1,-1
15,3,7,0.2,3,1,-1,-1,-1,-1,-1
15,3,7,0.2,5,0.2,-1,-1,-1,-1,-1
15,3,7,0.2,5,0.5,-1,-1,-1,-1,-1
15,3,7,0.2,5,1,-1,-1,-1,-1,-1
15,3,7,0.5,1,0.2,-1,-1,-1,-1,-1
15,3,7,0.5,1,0.5,-1,-1,-1,-1,-1
15,3,7,0.5,1,1,-1,-1,-1,-1,-1
15,3,7,0.5,3,0.2,-1,-1,-1,-1,-1
15,3,7,0.5,3,0.5,-1,-1,-1,-1,-1
15,3,7,0.5,3,1,-1,-1,-1,-1,-1
15,3,7,0.5,5,0.2,-1,-1,-1,-1,-1
15,3,7,0.5,5,0.5,-1,-1,-1,-1,-1
15,3,7,0.5,5,1,-1,-1,-1,-1,-1
15,3,7,1,1,0.2,-1,-1,-1,-1,-1
15,3,7,1,1,0.5,-1,-1,-1,-1,-1
15,3,7,1,1,1,-1,-1,-1,-1,-1
15,3,7,1,3,0.2,-1,-1,-1,-1,-1
15,3,7,1,3,0.5,-1,-1,-1,-1,-1
15,3,7,1,3,1,-1,-1,-1,-1,-1
15,3,7,1,5,0.2,-1,-1,-1,-1,-1
15,3,7,1,5,0.5,-1,-1,-1,-1,-1
15,3,7,1,5,1,-1,-1,-1,-1,-1
15,3,7,5,1,0.2,-1,-1,-1,-1,-1
15,3,7,5,1,0.5,-1,-1,-1,-1,-1
15,3,7,5,1,1,-1,-1,-1,-1,-1
15,3,7,5,3,0.2,-1,-1,-1,-1,-1
15,3,7,5,3,0.5,-1,-1,-1,-1,-1
15,3,7,5,3,1,-1,-1,-1,-1,-1
15,3,7,5,5,0.2,-1,-1,-1,-1,-1
15,3,7,5,5,0.5,-1,-1,-1,-1,-1
15,3,7,5,5,1,-1,-1,-1,-1,-1
15,3,10,0.2,1,0.2,23.93,0.295908,3,6895.84907,698.972808
15,3,10,0.2,1,0.5,23.33,0.290439,3,5130.626773,656.847834
15,3,10,0.2,1,1,22.56,0.294385,3,7010.473979,560.465458
15,3,10,0.2,3,0.2,-1,-1,-1,-1,-1
15,3,10,0.2,3,0.5,-1,-1,-1,-1,-1
15,3,10,0.2,3,1,-1,-1,-1,-1,-1
15,3,10,0.2,5,0.2,-1,-1,-1,-1,-1
15,3,10,0.2,5,0.5,-1,-1,-1,-1,-1
15,3,10,0.2,5,1,-1,-1,-1,-1,-1
15,3,10,0.5,1,0.2,-1,-1,-1,-1,-1
15,3,10,0.5,1,0.5,-1,-1,-1,-1,-1
15,3,10,0.5,1,1,-1,-1,-1,-1,-1
15,3,10,0.5,3,0.2,-1,-1,-1,-1,-1
15,3,10,0.5,3,0.5,-1,-1,-1,-1,-1
15,3,10,0.5,3,1,-1,-1,-1,-1,-1
15,3,10,0.5,5,0.2,-1,-1,-1,-1,-1
15,3,10,0.5,5,0.5,-1,-1,-1,-1,-1
15,3,10,0.5,5,1,-1,-1,-1,-1,-1
15,3,10,1,1,0.2,-1,-1,-1,-1,-1
15,3,10,1,1,0.5,-1,-1,-1,-1,-1
15,3,10,1,1,1,-1,-1,-1,-1,-1
15,3,10,1,3,0.2,-1,-1,-1,-1,-1
15,3,10,1,3,0.5,-1,-1,-1,-1,-1
15,3,10,1,3,1,-1,-1,-1,-1,-1
15,3,10,1,5,0.2,-1,-1,-1,-1,-1
15,3,10,1,5,0.5,-1,-1,-1,-1,-1
15,3,10,1,5,1,-1,-1,-1,-1,-1
15,3,10,5,1,0.2,-1,-1,-1,-1,-1
15,3,10,5,1,0.5,-1,-1,-1,-1,-1
15,3,10,5,1,1,-1,-1,-1,-1,-1
15,3,10,5,3,0.2,-1,-1,-1,-1,-1
15,3,10,5,3,0.5,-1,-1,-1,-1,-1
15,3,10,5,3,1,-1,-1,-1,-1,-1
15,3,10,5,5,0.2,-1,-1,-1,-1,-1
15,3,10,5,5,0.5,-1,-1,-1,-1,-1
15,3,10,5,5,1,-1,-1,-1,-1,-1
15,5,3,0.2,1,0.2,-1,-1,-1,-1,-1
15,5,3,0.2,1,0.5,-1,-1,-1,-1,-1
15,5,3,0.2,1,1,-1,-1,-1,-1,-1
15,5,3,0.2,3,0.2,-1,-1,-1,-1,-1
15,5,3,0.2,3,0.5,-1,-1,-1,-1,-1
15,5,3,0.2,3,1,-1,-1,-1,-1,-1
15,5,3,0.2,5,0.2,-1,-1,-1,-1,-1
15,5,3,0.2,5,0.5,-1,-1,-1,-1,-1
15,5,3,0.2,5,1,-1,-1,-1,-1,-1
15,5,3,0.5,1,0.2,-1,-1,-1,-1,-1
15,5,3,0.5,1,0.5,-1,-1,-1,-1,-1
15,5,3,0.5,1,1,-1,-1,-1,-1,-1
15,5,3,0.5,3,0.2,-1,-1,-1,-1,-1
15,5,3,0.5,3,0.5,-1,-1,-1,-1,-1
15,5,3,0.5,3,1,-1,-1,-1,-1,-1
15,5,3,0.5,5,0.2,-1,-1,-1,-1,-1
15,5,3,0.5,5,0.5,-1,-1,-1,-1,-1
15,5,3,0.5,5,1,-1,-1,-1,-1,-1
15,5,3,1,1,0.2,-1,-1,-1,-1,-1
15,5,3,1,1,0.5,-1,-1,-1,-1,-1
15,5,3,1,1,1,-1,-1,-1,-1,-1
15,5,3,1,3,0.2,-1,-1,-1,-1,-1
15,5,3,1,3,0.5,-1,-1,-1,-1,-1
15,5,3,1,3,1,-1,-1,-1,-1,-1
15,5,3,1,5,0.2,-1,-1,-1,-1,-1
15,5,3,1,5,0.5,-1,-1,-1,-1,-1
15,5,3,1,5,1,-1,-1,-1,-1,-1
15,5,3,5,1,0.2,-1,-1,-1,-1,-1
15,5,3,5,1,0.5,-1,-1,-1,-1,-1
15,5,3,5,1,1,-1,-1,-1,-1,-1
15,5,3,5,3,0.2,-1,-1,-1,-1,-1
15,5,3,5,3,0.5,-1,-1,-1,-1,-1
15,5,3,5,3,1,-1,-1,-1,-1,-1
15,5,3,5,5,0.2,-1,-1,-1,-1,-1
15,5,3,5,5,0.5,-1,-1,-1,-1,-1
15,5,3,5,5,1,-1,-1,-1,-1,-1
15,5,5,0.2,1,0.2,-1,-1,-1,-1,-1
15,5,5,0.2,1,0.5,-1,-1,-1,-1,-1
15,5,5,0.2,1,1,-1,-1,-1,-1,-1
15,5,5,0.2,3,0.2,-1,-1,-1,-1,-1
15,5,5,0.2,3,0.5,-1,-1,-1,-1,-1
15,5,5,0.2,3,1,-1,-1,-1,-1,-1
15,5,5,0.2,5,0.2,-1,-1,-1,-1,-1
15,5,5,0.2,5,0.5,-1,-1,-1,-1,-1
15,5,5,0.2,5,1,-1,-1,-1,-1,-1
15,5,5,0.5,1,0.2,-1,-1,-1,-1,-1
15,5,5,0.5,1,0.5,-1,-1,-1,-1,-1
15,5,5,0.5,1,1,-1,-1,-1,-1,-1
15,5,5,0.5,3,0.2,-1,-1,-1,-1,-1
15,5,5,0.5,3,0.5,-1,-1,-1,-1,-1
15,5,5,0.5,3,1,-1,-1,-1,-1,-1
15,5,5,0.5,5,0.2,-1,-1,-1,-1,-1
15,5,5,0.5,5,0.5,-1,-1,-1,-1,-1
15,5,5,0.5,5,1,-1,-1,-1,-1,-1
15,5,5,1,1,0.2,-1,-1,-1,-1,-1
15,5,5,1,1,0.5,-1,-1,-1,-1,-1
15,5,5,1,1,1,-1,-1,-1,-1,-1
15,5,5,1,3,0.2,-1,-1,-1,-1,-1
15,5,5,1,3,0.5,-1,-1,-1,-1,-1
15,5,5,1,3,1,-1,-1,-1,-1,-1
15,5,5,1,5,0.2,-1,-1,-1,-1,-1
15,5,5,1,5,0.5,-1,-1,-1,-1,-1
15,5,5,1,5,1,-1,-1,-1,-1,-1
15,5,5,5,1,0.2,-1,-1,-1,-1,-1
15,5,5,5,1,0.5,-1,-1,-1,-1,-1
15,5,5,5,1,1,-1,-1,-1,-1,-1
15,5,5,5,3,0.2,-1,-1,-1,-1,-1
15,5,5,5,3,0.5,-1,-1,-1,-1,-1
15,5,5,5,3,1,-1,-1,-1,-1,-1
15,5,5,5,5,0.2,-1,-1,-1,-1,-1
15,5,5,5,5,0.5,-1,-1,-1,-1,-1
15,5,5,5,5,1,-1,-1,-1,-1,-1
15,5,7,0.2,1,0.2,-1,-1,-1,-1,-1
15,5,7,0.2,1,0.5,-1,-1,-1,-1,-1
15,5,7,0.2,1,1,-1,-1,-1,-1,-1
15,5,7,0.2,3,0.2,-1,-1,-1,-1,-1
15,5,7,0.2,3,0.5,-1,-1,-1,-1,-1
15,5,7,0.2,3,1,-1,-1,-1,-1,-1
15,5,7,0.2,5,0.2,-1,-1,-1,-1,-1
15,5,7,0.2,5,0.5,-1,-1,-1,-1,-1
15,5,7,0.2,5,1,-1,-1,-1,-1,-1
15,5,7,0.5,1,0.2,-1,-1,-1,-1,-1
15,5,7,0.5,1,0.5,-1,-1,-1,-1,-1
15,5,7,0.5,1,1,-1,-1,-1,-1,-1
15,5,7,0.5,3,0.2,-1,-1,-1,-1,-1
15,5,7,0.5,3,0.5,-1,-1,-1,-1,-1
15,5,7,0.5,3,1,-1,-1,-1,-1,-1
15,5,7,0.5,5,0.2,-1,-1,-1,-1,-1
15,5,7,0.5,5,0.5,-1,-1,-1,-1,-1
15,5,7,0.5,5,1,-1,-1,-1,-1,-1
15,5,7,1,1,0.2,-1,-1,-1,-1,-1
15,5,7,1,1,0.5,-1,-1,-1,-1,-1
15,5,7,1,1,1,-1,-1,-1,-1,-1
15,5,7,1,3,0.2,-1,-1,-1,-1,-1
15,5,7,1,3,0.5,-1,-1,-1,-1,-1
15,5,7,1,3,1,-1,-1,-1,-1,-1
15,5,7,1,5,0.2,-1,-1,-1,-1,-1
15,5,7,1,5,0.5,-1,-1,-1,-1,-1
15,5,7,1,5,1,-1,-1,-1,-1,-1
15,5,7,5,1,0.2,-1,-1,-1,-1,-1
15,5,7,5,1,0.5,-1,-1,-1,-1,-1
15,5,7,5,1,1,-1,-1,-1,-1,-1
15,5,7,5,3,0.2,-1,-1,-1,-1,-1
15,5,7,5,3,0.5,-1,-1,-1,-1,-1
15,5,7,5,3,1,-1,-1,-1,-1,-1
15,5,7,5,5,0.2,-1,-1,-1,-1,-1
15,5,7,5,5,0.5,-1,-1,-1,-1,-1
15,5,7,5,5,1,-1,-1,-1,-1,-1
15,5,10,0.2,1,0.2,-1,-1,-1,-1,-1
15,5,10,0.2,1,0.5,-1,-1,-1,-1,-1
15,5,10,0.2,1,1,-1,-1,-1,-1,-1
15,5,10,0.2,3,0.2,-1,-1,-1,-1,-1
15,5,10,0.2,3,0.5,-1,-1,-1,-1,-1
15,5,10,0.2,3,1,-1,-1,-1,-1,-1
15,5,10,0.2,5,0.2,-1,-1,-1,-1,-1
15,5,10,0.2,5,0.5,-1,-1,-1,-1,-1
15,5,10,0.2,5,1,-1,-1,-1,-1,-1
15,5,10,0.5,1,0.2,-1,-1,-1,-1,-1
15,5,10,0.5,1,0.5,-1,-1,-1,-1,-1
15,5,10,0.5,1,1,-1,-1,-1,-1,-1
15,5,10,0.5,3,0.2,-1,-1,-1,-1,-1
15,5,10,0.5,3,0.5,-1,-1,-1,-1,-1
15,5,10,0.5,3,1,-1,-1,-1,-1,-1
15,5,10,0.5,5,0.2,-1,-1,-1,-1,-1
15,5,10,0.5,5,0.5,-1,-1,-1,-1,-1
15,5,10,0.5,5,1,-1,-1,-1,-1,-1
15,5,10,1,1,0.2,-1,-1,-1,-1,-1
15,5,10,1,1,0.5,-1,-1,-1,-1,-1
15,5,10,1,1,1,-1,-1,-1,-1,-1
15,5,10,1,3,0.2,-1,-1,-1,-1,-1
15,5,10,1,3,0.5,-1,-1,-1,-1,-1
15,5,10,1,3,1,-1,-1,-1,-1,-1
15,5,10,1,5,0.2,-1,-1,-1,-1,-1
15,5,10,1,5,0.5,-1,-1,-1,-1,-1
15,5,10,1,5,1,-1,-1,-1,-1,-1
15,5,10,5,1,0.2,-1,-1,-1,-1,-1
15,5,10,5,1,0.5,-1,-1,-1,-1,-1
15,5,10,5,1,1,-1,-1,-1,-1,-1
15,5,10,5,3,0.2,-1,-1,-1,-1,-1
15,5,10,5,3,0.5,-1,-1,-1,-1,-1
15,5,10,5,3,1,-1,-1,-1,-1,-1
15,5,10,5,5,0.2,-1,-1,-1,-1,-1
15,5,10,5,5,0.5,-1,-1,-1,-1,-1
15,5,10,5,5,1,-1,-1,-1,-1,-1
20,1,3,0.2,1,0.2,5.74,0.308069,0,976.250538,10.426044
20,1,3,0.2,1,0.5,5.74,0.308069,0,976.250538,10.426044
20,1,3,0.2,1,1,5.74,0.308069,0,976.250538,10.426044
20,1,3,0.2,3,0.2,5.08,0.308069,0,976.250538,11.783276
20,1,3,0.2,3,0.5,5.08,0.308069,0,976.250538,11.783276
20,1,3,0.2,3,1,5.08,0.308069,0,976.250538,11.783276
20,1,3,0.2,5,0.2,4.41,0.308069,0,976.250538,13.577379
20,1,3,0.2,5,0.5,4.41,0.308069,0,976.250538,13.577379
20,1,3,0.2,5,1,4.41,0.308069,0,976.250538,13.577379
20,1,3,0.5,1,0.2,6.39,0.395684,0,416.986012,5.646106
20,1,3,0.5,1,0.5,6.39,0.395684,0,416.986012,5.646106
20,1,3,0.5,1,1,6.39,0.395684,0,416.986012,5.646106
20,1,3,0.5,3,0.2,5.73,0.395684,0,416.986012,6.295494
20,1,3,0.5,3,0.5,5.73,0.395684,0,416.986012,6.295494
20,1,3,0.5,3,1,5.73,0.395684,0,416.986012,6.295494
20,1,3,0.5,5,0.2,5.05,0.395684,0,416.986012,7.135423
20,1,3,0.5,5,0.5,5.05,0.395684,0,416.986012,7.135423
20,1,3,0.5,5,1,5.05,0.395684,0,416.986012,7.135423
20,1,3,1,1,0.2,-1,-1,-1,-1,-1
20,1,3,1,1,0.5,-1,-1,-1,-1,-1
20,1,3,1,1,1,-1,-1,-1,-1,-1
20,1,3,1,3,0.2,-1,-1,-1,-1,-1
20,1,3,1,3,0.5,-1,-1,-1,-1,-1
20,1,3,1,3,1,-1,-1,-1,-1,-1
20,1,3,1,5,0.2,-1,-1,-1,-1,-1
20,1,3,1,5,0.5,-1,-1,-1,-1,-1
20,1,3,1,5,1,-1,-1,-1,-1,-1
20,1,3,5,1,0.2,17.71,0.120817,0,67.882912,0.299112
20,1,3,5,1,0.5,17.71,0.120817,0,67.882912,0.299112
20,1,3,5,1,1,-1,-1,-1,-1,-1
20,1,3,5,3,0.2,10.34,0.120817,0,67.882912,0.339787
20,1,3,5,3,0.5,10.34,0.120817,0,67.882912,0.339787
20,1,3,5,3,1,-1,-1,-1,-1,-1
20,1,3,5,5,0.2,9.22,0.120817,0,67.882912,0.373645
20,1,3,5,5,0.5,9.22,0.120817,0,67.882912,0.373645
20,1,3,5,5,1,-1,-1,-1,-1,-1
20,1,5,0.2,1,0.2,3.58,0.333754,0,1661.773681,34.783148
20,1,5,0.2,1,0.5,3.58,0.333754,0,1661.773681,34.783148
20,1,5,0.2,1,1,3.58,0.333754,0,1661.773681,34.783148
20,1,5,0.2,3,0.2,3.18,0.333754,0,1661.773681,39.170639
20,1,5,0.2,3,0.5,3.18,0.333754,0,1661.773681,39.170639
20,1,5,0.2,3,1,3.18,0.333754,0,1661.773681,39.170639
20,1,5,0.2,5,0.2,2.78,0.333754,0,1661.773681,44.813254
20,1,5,0.2,5,0.5,2.78,0.333754,0,1661.773681,44.813254
20,1,5,0.2,5,1,2.78,0.333754,0,1661.773681,44.813254
20,1,5,0.5,1,0.2,4.2,0.470469,0,722.828427,12.859051
20,1,5,0.5,1,0.5,4.2,0.470469,0,722.828427,12.859051
20,1,5,0.5,1,1,4.2,0.470469,0,722.828427,12.859051
20,1,5,0.5,3,0.2,3.8,0.470469,0,722.828427,14.188655
20,1,5,0.5,3,0.5,3.8,0.470469,0,722.828427,14.188655
20,1,5,0.5,3,1,3.8,0.470469,0,722.828427,14.188655
20,1,5,0.5,5,0.2,3.39,0.470469,0,722.828427,15.838603
20,1,5,0.5,5,0.5,3.39,0.470469,0,722.828427,15.838603
20,1,5,0.5,5,1,3.39,0.470469,0,722.828427,15.838603
20,1,5,1,1,0.2,5.04,0.285283,0,471.640909,5.244139
20,1,5,1,1,0.5,5.04,0.285283,0,471.640909,5.244139
20,1,5,1,1,1,5.04,0.285283,0,471.640909,5.244139
20,1,5,1,3,0.2,4.58,0.285283,0,471.640909,5.687823
20,1,5,1,3,0.5,4.58,0.285283,0,471.640909,5.687823
20,1,5,1,3,1,4.58,0.285283,0,471.640909,5.687823
20,1,5,1,5,0.2,4.11,0.285283,0,471.640909,6.275782
20,1,5,1,5,0.5,4.11,0.285283,0,471.640909,6.275782
20,1,5,1,5,1,4.11,0.285283,0,471.640909,6.275782
20,1,5,5,1,0.2,14.17,0.19099,0,115.672954,0.615116
20,1,5,5,1,0.5,14.17,0.19099,0,115.672954,0.615116
20,1,5,5,1,1,14.15,0.19099,1,115.672954,0.636722
20,1,5,5,3,0.2,7.58,0.19099,0,115.672954,0.739407
20,1,5,5,3,0.5,7.58,0.19099,0,115.672954,0.739407
20,1,5,5,3,1,7.58,0.19099,0,115.672954,0.739407
20,1,5,5,5,0.2,6.73,0.19099,0,115.672954,0.805418
20,1,5,5,5,0.5,6.73,0.19099,0,115.672954,0.805418
20,1,5,5,5,1,6.73,0.19099,0,115.672954,0.805418
20,1,7,0.2,1,0.2,2.7,0.372613,0,2383.681345,76.737786
20,1,7,0.2,1,0.5,2.7,0.372613,0,2383.681345,76.737786
20,1,7,0.2,1,1,2.7,0.372613,0,2383.681345,76.737786
20,1,7,0.2,3,0.2,2.41,0.372613,0,2383.681345,85.989053
20,1,7,0.2,3,0.5,2.41,0.372613,0,2383.681345,85.989053
20,1,7,0.2,3,1,2.41,0.372613,0,2383.681345,85.989053
20,1,7,0.2,5,0.2,2.13,0.372613,0,2383.681345,97.24678
20,1,7,0.2,5,0.5,2.13,0.372613,0,2383.681345,97.24678
20,1,7,0.2,5,1,2.13,0.372613,0,2383.681345,97.24678
20,1,7,0.5,1,0.2,3.48,0.298866,0,1027.480037,24.104229
20,1,7,0.5,1,0.5,3.48,0.298866,0,1027.480037,24.104229
20,1,7,0.5,1,1,3.48,0.298866,0,1027.480037,24.104229
20,1,7,0.5,3,0.2,3.18,0.298866,0,1027.480037,26.251956
20,1,7,0.5,3,0.5,3.18,0.298866,0,1027.480037,26.251956
20,1,7,0.5,3,1,3.18,0.298866,0,1027.480037,26.251956
20,1,7,0.5,5,0.2,2.87,0.298866,0,1027.480037,28.868003
20,1,7,0.5,5,0.5,2.87,0.298866,0,1027.480037,28.868003
20,1,7,0.5,5,1,2.87,0.298866,0,1027.480037,28.868003
20,1,7,1,1,0.2,3.84,0.209435,0,738.668632,10.365193
20,1,7,1,1,0.5,3.84,0.209435,0,738.668632,10.365193
20,1,7,1,1,1,3.84,0.209435,0,738.668632,10.365193
20,1,7,1,3,0.2,3.46,0.209435,0,738.668632,11.026893
20,1,7,1,3,0.5,3.46,0.209435,0,738.668632,11.026893
20,1,7,1,3,1,3.46,0.209435,0,738.668632,11.026893
20,1,7,1,5,0.2,3.09,0.209435,0,738.668632,12.224415
20,1,7,1,5,0.5,3.09,0.209435,0,738.668632,12.224415
20,1,7,1,5,1,3.09,0.209435,0,738.668632,12.224415
20,1,7,5,1,0.2,15.95,0.217884,0,162.924103,0.990417
20,1,7,5,1,0.5,15.95,0.217884,0,162.924103,0.990417
20,1,7,5,1,1,15.79,0.217884,2,162.924103,1.155828
20,1,7,5,3,0.2,6.26,0.217884,0,162.924103,1.255718
20,1,7,5,3,0.5,6.26,0.217884,0,162.924103,1.255718
20,1,7,5,3,1,6.26,0.217884,0,162.924103,1.255718
20,1,7,5,5,0.2,5.53,0.217884,0,162.924103,1.358658
20,1,7,5,5,0.5,5.53,0.217884,0,162.924103,1.358658
20,1,7,5,5,1,5.53,0.217884,0,162.924103,1.358658
20,1,10,0.2,1,0.2,2,0.422958,0,3401.460884,145.085002
20,1,10,0.2,1,0.5,2,0.422958,0,3401.460884,145.085002
20,1,10,0.2,1,1,2,0.422958,0,3401.460884,145.085002
20,1,10,0.2,3,0.2,1.8,0.422958,0,3401.460884,161.141841
20,1,10,0.2,3,0.5,1.8,0.422958,0,3401.460884,161.141841
20,1,10,0.2,3,1,1.8,0.422958,0,3401.460884,161.141841
20,1,10,0.2,5,0.2,1.59,0.422958,0,3401.460884,182.036395
20,1,10,0.2,5,0.5,1.59,0.422958,0,3401.460884,182.036395
20,1,10,0.2,5,1,1.59,0.422958,0,3401.460884,182.036395
20,1,10,0.5,1,0.2,2.51,0.275122,0,1937.363196,38.126346
20,1,10,0.5,1,0.5,2.51,0.275122,0,1937.363196,38.126346
20,1,10,0.5,1,1,2.51,0.275122,0,1937.363196,38.126346
20,1,10,0.5,3,0.2,2.28,0.275122,0,1937.363196,41.351553
20,1,10,0.5,3,0.5,2.28,0.275122,0,1937.363196,41.351553
20,1,10,0.5,3,1,2.28,0.275122,0,1937.363196,41.351553
20,1,10,0.5,5,0.2,2.05,0.275122,0,1937.363196,45.505392
20,1,10,0.5,5,0.5,2.05,0.275122,0,1937.363196,45.505392
20,1,10,0.5,5,1,2.05,0.275122,0,1937.363196,45.505392
20,1,10,1,1,0.2,4.28,0.157061,0,1104.627765,20.831842
20,1,10,1,1,0.5,4.28,0.157061,0,1104.627765,20.831842
20,1,10,1,1,1,4.28,0.157061,0,1104.627765,20.831842
20,1,10,1,3,0.2,2.69,0.157061,0,1104.627765,21.6488
20,1,10,1,3,0.5,2.69,0.157061,0,1104.627765,21.6488
20,1,10,1,3,1,2.69,0.157061,0,1104.627765,21.6488
20,1,10,1,5,0.2,2.4,0.157061,0,1104.627765,23.95852
20,1,10,1,5,0.5,2.4,0.157061,0,1104.627765,23.95852
20,1,10,1,5,1,2.4,0.157061,0,1104.627765,23.95852
20,1,10,5,1,0.2,14.03,0.248931,0,234.49088,1.623571
20,1,10,5,1,0.5,14.03,0.248931,0,234.49088,1.623571
20,1,10,5,1,1,13.94,0.248931,1,234.49088,1.639991
20,1,10,5,3,0.2,5.18,0.248931,0,234.49088,2.19935
20,1,10,5,3,0.5,5.18,0.248931,0,234.49088,2.19935
20,1,10,5,3,1,5.18,0.248931,0,234.49088,2.19935
20,1,10,5,5,0.2,4.53,0.248931,0,234.49088,2.362383
20,1,10,5,5,0.5,4.53,0.248931,0,234.49088,2.362383
20,1,10,5,5,1,4.53,0.248931,0,234.49088,2.362383
20,3,3,0.2,1,0.2,51.91,0.045035,2,2179.348499,67.454761
20,3,3,0.2,1,0.5,50.91,0.044651,2,1536.01272,51.210564
20,3,3,0.2,1,1,49.5,0.044778,2,1531.236508,24.785
20,3,3,0.2,3,0.2,52.62,0.054538,2,2179.348499,72.676597
20,3,3,0.2,3,0.5,51.67,0.054714,2,1536.01272,44.812694
20,3,3,0.2,3,1,50.25,0.054613,2,1533.687451,25.132355
20,3,3,0.2,5,0.2,54.28,0.041164,2,2179.348499,64.386058
20,3,3,0.2,5,0.5,53.33,0.040211,2,1536.01272,40.578454
20,3,3,0.2,5,1,51.88,0.039962,2,1531.241121,21.916635
20,3,3,0.5,1,0.2,54.42,0.134588,2,605.217853,6.722173
20,3,3,0.5,1,0.5,52.27,0.134907,2,563.234846,4.409144
20,3,3,0.5,1,1,50.89,0.135884,2,543.164544,3.790688
20,3,3,0.5,3,0.2,53.69,0.135219,2,641.069598,5.612831
20,3,3,0.5,3,0.5,52.36,0.121408,2,758.777869,4.804824
20,3,3,0.5,3,1,50.46,0.143266,2,525.718179,3.454949
20,3,3,0.5,5,0.2,54.21,0.113135,2,600.461551,4.857034
20,3,3,0.5,5,0.5,53.13,0.113041,2,576.910039,3.934911
20,3,3,0.5,5,1,51.74,0.116363,2,534.10057,3.351718
20,3,3,1,1,0.2,58.15,0.227484,2,298.986824,1.645921
20,3,3,1,1,0.5,56.22,0.227484,2,219.395849,1.455957
20,3,3,1,1,1,53.83,0.211298,2,336.75422,1.749882
20,3,3,1,3,0.2,57.92,0.345521,2,162.977747,1.512291
20,3,3,1,3,0.5,57.04,0.338888,2,213.606092,1.526993
20,3,3,1,3,1,51.81,0.338463,2,240.668788,1.53175
20,3,3,1,5,0.2,57.82,0.248499,2,293.569992,1.729029
20,3,3,1,5,0.5,56.75,0.240132,2,213.606092,1.604505
20,3,3,1,5,1,52.35,0.244454,2,175.451801,1.558786
20,3,3,5,1,0.2,-1,-1,-1,-1,-1
20,3,3,5,1,0.5,-1,-1,-1,-1,-1
20,3,3,5,1,1,-1,-1,-1,-1,-1
20,3,3,5,3,0.2,-1,-1,-1,-1,-1
20,3,3,5,3,0.5,-1,-1,-1,-1,-1
20,3,3,5,3,1,-1,-1,-1,-1,-1
20,3,3,5,5,0.2,-1,-1,-1,-1,-1
20,3,3,5,5,0.5,-1,-1,-1,-1,-1
20,3,3,5,5,1,-1,-1,-1,-1,-1
20,3,5,0.2,1,0.2,33.96,0.082235,2,3747.471742,169.773788
20,3,5,0.2,1,0.5,33.26,0.076169,2,3102.450623,130.95578
20,3,5,0.2,1,1,32.41,0.084951,2,2972.469674,96.001361
20,3,5,0.2,3,0.2,34.02,0.075919,2,3747.471742,168.278695
20,3,5,0.2,3,0.5,33.38,0.081693,2,3102.450623,122.178015
20,3,5,0.2,3,1,32.53,0.072362,2,3353.236793,100.910651
20,3,5,0.2,5,0.2,34.88,0.07117,2,3747.471742,145.681614
20,3,5,0.2,5,0.5,34.27,0.071143,2,3102.450623,125.403299
20,3,5,0.2,5,1,33.35,0.072733,2,2972.469674,85.473049
20,3,5,0.5,1,0.2,37.86,0.327173,2,1258.007701,18.578418
20,3,5,0.5,1,0.5,36.31,0.328119,2,972.962907,12.639224
20,3,5,0.5,1,1,33.91,0.331248,2,1254.737985,8.934709
20,3,5,0.5,3,0.2,36.95,0.27696,2,1258.007701,22.726776
20,3,5,0.5,3,0.5,35.36,0.280479,2,1767.768644,15.64761
20,3,5,0.5,3,1,33.14,0.289443,2,1254.737985,9.946526
20,3,5,0.5,5,0.2,36.85,0.195997,2,1258.007701,20.313722
20,3,5,0.5,5,0.5,35.41,0.195997,2,1195.228625,14.648663
20,3,5,0.5,5,1,33.52,0.195997,2,1254.737985,10.632925
20,3,5,1,1,0.2,38.75,0.255525,2,632.076828,3.886745
20,3,5,1,1,0.5,38.15,0.255525,2,373.644439,3.476359
20,3,5,1,1,1,40.21,0.255525,3,520.266486,4.532814
20,3,5,1,3,0.2,39.38,0.255525,2,632.076828,5.20009
20,3,5,1,3,0.5,36.94,0.255525,2,641.901716,4.4174
20,3,5,1,3,1,38.96,0.255525,3,520.266486,5.014626
20,3,5,1,5,0.2,39.76,0.255525,2,632.076828,5.697574
20,3,5,1,5,0.5,37.24,0.255525,2,641.362437,4.947185
20,3,5,1,5,1,39.19,0.255525,3,520.266486,5.471725
20,3,5,5,1,0.2,-1,-1,-1,-1,-1
20,3,5,5,1,0.5,-1,-1,-1,-1,-1
20,3,5,5,1,1,-1,-1,-1,-1,-1
20,3,5,5,3,0.2,-1,-1,-1,-1,-1
20,3,5,5,3,0.5,-1,-1,-1,-1,-1
20,3,5,5,3,1,-1,-1,-1,-1,-1
20,3,5,5,5,0.2,-1,-1,-1,-1,-1
20,3,5,5,5,0.5,-1,-1,-1,-1,-1
20,3,5,5,5,1,-1,-1,-1,-1,-1
20,3,7,0.2,1,0.2,26.56,0.120817,2,3588.720399,266.100496
20,3,7,0.2,1,0.5,25.76,0.12028,2,3588.720399,234.593427
20,3,7,0.2,1,1,25.11,0.12041,2,3588.934068,213.483041
20,3,7,0.2,3,0.2,26.53,0.126158,2,3589.229007,299.832838
20,3,7,0.2,3,0.5,25.7,0.123291,2,5202.43223,239.445134
20,3,7,0.2,3,1,25.01,0.122628,2,3586.067745,172.193246
20,3,7,0.2,5,0.2,26.67,0.105181,2,3588.720399,252.714022
20,3,7,0.2,5,0.5,26.26,0.104465,2,3588.720399,210.351131
20,3,7,0.2,5,1,25.59,0.09977,2,5144.42924,203.890123
20,3,7,0.5,1,0.2,29.11,0.247753,2,1407.108616,33.753684
20,3,7,0.5,1,0.5,27.4,0.247753,2,1651.123493,23.605518
20,3,7,0.5,1,1,26.33,0.247753,2,1401.89304,19.248551
20,3,7,0.5,3,0.2,28.13,0.302441,2,1879.970085,23.225462
20,3,7,0.5,3,0.5,27.49,0.332619,2,1651.123493,20.870119
20,3,7,0.5,3,1,26.07,0.344661,2,1855.128273,18.141124
20,3,7,0.5,5,0.2,28.68,0.32149,2,1407.108616,25.037504
20,3,7,0.5,5,0.5,27.89,0.346282,2,1651.123493,22.77902
20,3,7,0.5,5,1,26.58,0.258096,2,1655.597977,19.711103
20,3,7,1,1,0.2,35.57,0.310912,2,1115.219263,8.758037
20,3,7,1,1,0.5,34.8,0.377875,2,1104.955765,8.17376
20,3,7,1,1,1,37.02,0.378135,3,1117.283222,9.731881
20,3,7,1,3,0.2,30.23,0.313252,2,562.603152,7.547847
20,3,7,1,3,0.5,30.14,0.32055,2,562.144415,7.210797
20,3,7,1,3,1,32.21,0.310912,3,902.630856,8.886365
20,3,7,1,5,0.2,32.91,0.310912,2,689.755972,7.860019
20,3,7,1,5,0.5,30.34,0.310912,2,886.25467,7.852317
20,3,7,1,5,1,32.56,0.310912,3,902.630856,9.712687
20,3,7,5,1,0.2,-1,-1,-1,-1,-1
20,3,7,5,1,0.5,-1,-1,-1,-1,-1
20,3,7,5,1,1,-1,-1,-1,-1,-1
20,3,7,5,3,0.2,-1,-1,-1,-1,-1
20,3,7,5,3,0.5,-1,-1,-1,-1,-1
20,3,7,5,3,1,-1,-1,-1,-1,-1
20,3,7,5,5,0.2,-1,-1,-1,-1,-1
20,3,7,5,5,0.5,-1,-1,-1,-1,-1
20,3,7,5,5,1,-1,-1,-1,-1,-1
20,3,10,0.2,1,0.2,21.34,0.278154,2,6642.279523,510.861422
20,3,10,0.2,1,0.5,21.02,0.288649,2,6499.385921,501.426523
20,3,10,0.2,1,1,20.09,0.306369,2,5126.993116,389.915561
20,3,10,0.2,3,0.2,20.84,0.239303,2,5129.133537,555.423085
20,3,10,0.2,3,0.5,20.32,0.215211,2,5128.699673,531.454359
20,3,10,0.2,3,1,19.5,0.227629,2,5773.472899,405.114329
20,3,10,0.2,5,0.2,21.5,0.262625,2,6571.514992,513.221318
20,3,10,0.2,5,0.5,21.1,0.231892,2,6766.222102,504.87788
20,3,10,0.2,5,1,20.3,0.240862,2,5128.626594,419.836104
20,3,10,0.5,1,0.2,22.44,0.253606,2,2511.730971,49.239381
20,3,10,0.5,1,0.5,21.95,0.253606,2,3090.609029,46.862593
20,3,10,0.5,1,1,21.14,0.253606,2,2021.532708,42.231399
20,3,10,0.5,3,0.2,22.81,0.253606,2,2511.730971,69.125987
20,3,10,0.5,3,0.5,21.43,0.253606,2,3090.609029,54.83314
20,3,10,0.5,3,1,20.64,0.253606,2,2005.549678,46.656011
20,3,10,0.5,5,0.2,22.96,0.253606,2,2511.730971,78.64437
20,3,10,0.5,5,0.5,21.61,0.253606,2,3090.609029,60.065788
20,3,10,0.5,5,1,20.8,0.253606,2,2012.92702,52.18992
20,3,10,1,1,0.2,-1,-1,-1,-1,-1
20,3,10,1,1,0.5,37.44,0.473916,3,1424.387911,17.640576
20,3,10,1,1,1,-1,-1,-1,-1,-1
20,3,10,1,3,0.2,-1,-1,-1,-1,-1
20,3,10,1,3,0.5,-1,-1,-1,-1,-1
20,3,10,1,3,1,-1,-1,-1,-1,-1
20,3,10,1,5,0.2,-1,-1,-1,-1,-1
20,3,10,1,5,0.5,-1,-1,-1,-1,-1
20,3,10,1,5,1,-1,-1,-1,-1,-1
20,3,10,5,1,0.2,-1,-1,-1,-1,-1
20,3,10,5,1,0.5,-1,-1,-1,-1,-1
20,3,10,5,1,1,-1,-1,-1,-1,-1
20,3,10,5,3,0.2,-1,-1,-1,-1,-1
20,3,10,5,3,0.5,-1,-1,-1,-1,-1
20,3,10,5,3,1,-1,-1,-1,-1,-1
20,3,10,5,5,0.2,-1,-1,-1,-1,-1
20,3,10,5,5,0.5,-1,-1,-1,-1,-1
20,3,10,5,5,1,-1,-1,-1,-1,-1
20,5,3,0.2,1,0.2,-1,-1,-1,-1,-1
20,5,3,0.2,1,0.5,-1,-1,-1,-1,-1
20,5,3,0.2,1,1,-1,-1,-1,-1,-1
20,5,3,0.2,3,0.2,-1,-1,-1,-1,-1
20,5,3,0.2,3,0.5,-1,-1,-1,-1,-1
20,5,3,0.2,3,1,-1,-1,-1,-1,-1
20,5,3,0.2,5,0.2,-1,-1,-1,-1,-1
20,5,3,0.2,5,0.5,-1,-1,-1,-1,-1
20,5,3,0.2,5,1,-1,-1,-1,-1,-1
20,5,3,0.5,1,0.2,-1,-1,-1,-1,-1
20,5,3,0.5,1,0.5,-1,-1,-1,-1,-1
20,5,3,0.5,1,1,-1,-1,-1,-1,-1
20,5,3,0.5,3,0.2,-1,-1,-1,-1,-1
20,5,3,0.5,3,0.5,-1,-1,-1,-1,-1
20,5,3,0.5,3,1,-1,-1,-1,-1,-1
20,5,3,0.5,5,0.2,-1,-1,-1,-1,-1
20,5,3,0.5,5,0.5,-1,-1,-1,-1,-1
20,5,3,0.5,5,1,-1,-1,-1,-1,-1
20,5,3,1,1,0.2,-1,-1,-1,-1,-1
20,5,3,1,1,0.5,-1,-1,-1,-1,-1
20,5,3,1,1,1,-1,-1,-1,-1,-1
20,5,3,1,3,0.2,-1,-1,-1,-1,-1
20,5,3,1,3,0.5,-1,-1,-1,-1,-1
20,5,3,1,3,1,-1,-1,-1,-1,-1
20,5,3,1,5,0.2,-1,-1,-1,-1,-1
20,5,3,1,5,0.5,-1,-1,-1,-1,-1
20,5,3,1,5,1,-1,-1,-1,-1,-1
20,5,3,5,1,0.2,-1,-1,-1,-1,-1
20,5,3,5,1,0.5,-1,-1,-1,-1,-1
20,5,3,5,1,1,-1,-1,-1,-1,-1
20,5,3,5,3,0.2,-1,-1,-1,-1,-1
20,5,3,5,3,0.5,-1,-1,-1,-1,-1
20,5,3,5,3,1,-1,-1,-1,-1,-1
20,5,3,5,5,0.2,-1,-1,-1,-1,-1
20,5,3,5,5,0.5,-1,-1,-1,-1,-1
20,5,3,5,5,1,-1,-1,-1,-1,-1
20,5,5,0.2,1,0.2,-1,-1,-1,-1,-1
20,5,5,0.2,1,0.5,-1,-1,-1,-1,-1
20,5,5,0.2,1,1,-1,-1,-1,-1,-1
20,5,5,0.2,3,0.2,-1,-1,-1,-1,-1
20,5,5,0.2,3,0.5,-1,-1,-1,-1,-1
20,5,5,0.2,3,1,-1,-1,-1,-1,-1
20,5,5,0.2,5,0.2,-1,-1,-1,-1,-1
20,5,5,0.2,5,0.5,-1,-1,-1,-1,-1
20,5,5,0.2,5,1,-1,-1,-1,-1,-1
20,5,5,0.5,1,0.2,-1,-1,-1,-1,-1
20,5,5,0.5,1,0.5,-1,-1,-1,-1,-1
20,5,5,0.5,1,1,-1,-1,-1,-1,-1
20,5,5,0.5,3,0.2,-1,-1,-1,-1,-1
20,5,5,0.5,3,0.5,-1,-1,-1,-1,-1
20,5,5,0.5,3,1,-1,-1,-1,-1,-1
20,5,5,0.5,5,0.2,-1,-1,-1,-1,-1
20,5,5,0.5,5,0.5,-1,-1,-1,-1,-1
20,5,5,0.5,5,1,-1,-1,-1,-1,-1
20,5,5,1,1,0.2,-1,-1,-1,-1,-1
20,5,5,1,1,0.5,-1,-1,-1,-1,-1
20,5,5,1,1,1,-1,-1,-1,-1,-1
20,5,5,1,3,0.2,-1,-1,-1,-1,-1
20,5,5,1,3,0.5,-1,-1,-1,-1,-1
20,5,5,1,3,1,-1,-1,-1,-1,-1
20,5,5,1,5,0.2,-1,-1,-1,-1,-1
20,5,5,1,5,0.5,-1,-1,-1,-1,-1
20,5,5,1,5,1,-1,-1,-1,-1,-1
20,5,5,5,1,0.2,-1,-1,-1,-1,-1
20,5,5,5,1,0.5,-1,-1,-1,-1,-1
20,5,5,5,1,1,-1,-1,-1,-1,-1
20,5,5,5,3,0.2,-1,-1,-1,-1,-1
20,5,5,5,3,0.5,-1,-1,-1,-1,-1
20,5,5,5,3,1,-1,-1,-1,-1,-1
20,5,5,5,5,0.2,-1,-1,-1,-1,-1
20,5,5,5,5,0.5,-1,-1,-1,-1,-1
20,5,5,5,5,1,-1,-1,-1,-1,-1
20,5,7,0.2,1,0.2,-1,-1,-1,-1,-1
20,5,7,0.2,1,0.5,-1,-1,-1,-1,-1
20,5,7,0.2,1,1,-1,-1,-1,-1,-1
20,5,7,0.2,3,0.2,-1,-1,-1,-1,-1
20,5,7,0.2,3,0.5,-1,-1,-1,-1,-1
20,5,7,0.2,3,1,-1,-1,-1,-1,-1
20,5,7,0.2,5,0.2,-1,-1,-1,-1,-1
20,5,7,0.2,5,0.5,-1,-1,-1,-1,-1
20,5,7,0.2,5,1,-1,-1,-1,-1,-1
20,5,7,0.5,1,0.2,-1,-1,-1,-1,-1
20,5,7,0.5,1,0.5,-1,-1,-1,-1,-1
20,5,7,0.5,1,1,-1,-1,-1,-1,-1
20,5,7,0.5,3,0.2,-1,-1,-1,-1,-1
20,5,7,0.5,3,0.5,-1,-1,-1,-1,-1
20,5,7,0.5,3,1,-1,-1,-1,-1,-1
20,5,7,0.5,5,0.2,-1,-1,-1,-1,-1
20,5,7,0.5,5,0.5,-1,-1,-1,-1,-1
20,5,7,0.5,5,1,-1,-1,-1,-1,-1
20,5,7,1,1,0.2,-1,-1,-1,-1,-1
20,5,7,1,1,0.5,-1,-1,-1,-1,-1
20,5,7,1,1,1,-1,-1,-1,-1,-1
20,5,7,1,3,0.2,-1,-1,-1,-1,-1
20,5,7,1,3,0.5,-1,-1,-1,-1,-1
20,5,7,1,3,1,-1,-1,-1,-1,-1
20,5,7,1,5,0.2,-1,-1,-1,-1,-1
20,5,7,1,5,0.5,-1,-1,-1,-1,-1
20,5,7,1,5,1,-1,-1,-1,-1,-1
20,5,7,5,1,0.2,-1,-1,-1,-1,-1
20,5,7,5,1,0.5,-1,-1,-1,-1,-1
20,5,7,5,1,1,-1,-1,-1,-1,-1
20,5,7,5,3,0.2,-1,-1,-1,-1,-1
20,5,7,5,3,0.5,-1,-1,-1,-1,-1
20,5,7,5,3,1,-1,-1,-1,-1,-1
20,5,7,5,5,0.2,-1,-1,-1,-1,-1
20,5,7,5,5,0.5,-1,-1,-1,-1,-1
20,5,7,5,5,1,-1,-1,-1,-1,-1
20,5,10,0.2,1,0.2,-1,-1,-1,-1,-1
20,5,10,0.2,1,0.5,-1,-1,-1,-1,-1
20,5,10,0.2,1,1,-1,-1,-1,-1,-1
20,5,10,0.2,3,0.2,-1,-1,-1,-1,-1
20,5,10,0.2,3,0.5,-1,-1,-1,-1,-1
20,5,10,0.2,3,1,-1,-1,-1,-1,-1
20,5,10,0.2,5,0.2,-1,-1,-1,-1,-1
20,5,10,0.2,5,0.5,-1,-1,-1,-1,-1
20,5,10,0.2,5,1,-1,-1,-1,-1,-1
20,5,10,0.5,1,0.2,-1,-1,-1,-1,-1
20,5,10,0.5,1,0.5,-1,-1,-1,-1,-1
20,5,10,0.5,1,1,-1,-1,-1,-1,-1
20,5,10,0.5,3,0.2,-1,-1,-1,-1,-1
20,5,10,0.5,3,0.5,-1,-1,-1,-1,-1
20,5,10,0.5,3,1,-1,-1,-1,-1,-1
20,5,10,0.5,5,0.2,-1,-1,-1,-1,-1
20,5,10,0.5,5,0.5,-1,-1,-1,-1,-1
20,5,10,0.5,5,1,-1,-1,-1,-1,-1
20,5,10,1,1,0.2,-1,-1,-1,-1,-1
20,5,10,1,1,0.5,-1,-1,-1,-1,-1
20,5,10,1,1,1,-1,-1,-1,-1,-1
20,5,10,1,3,0.2,-1,-1,-1,-1,-1
20,5,10,1,3,0.5,-1,-1,-1,-1,-1
20,5,10,1,3,1,-1,-1,-1,-1,-1
20,5,10,1,5,0.2,-1,-1,-1,-1,-1
20,5,10,1,5,0.5,-1,-1,-1,-1,-1
20,5,10,1,5,1,-1,-1,-1,-1,-1
20,5,10,5,1,0.2,-1,-1,-1,-1,-1
20,5,10,5,1,0.5,-1,-1,-1,-1,-1
20,5,10,5,1,1,-1,-1,-1,-1,-1
20,5,10,5,3,0.2,-1,-1,-1,-1,-1
20,5,10,5,3,0.5,-1,-1,-1,-1,-1
20,5,10,5,3,1,-1,-1,-1,-1,-1
20,5,10,5,5,0.2,-1,-1,-1,-1,-1
20,5,10,5,5,0.5,-1,-1,-1,-1,-1
20,5,10,5,5,1,-1,-1,-1,-1,-1
