5,1,3,0.2,1,0.2,21.78,0,0,1387.422962,7.798133
5,1,3,0.2,1,0.5,21.78,0,0,1387.422962,7.798133
5,1,3,0.2,1,1,21.78,0,0,1387.422962,7.798133
5,1,3,0.2,3,0.2,21.12,0,0,1387.422962,8.041941
5,1,3,0.2,3,0.5,21.12,0,0,1387.422962,8.041941
5,1,3,0.2,3,1,21.12,0,0,1387.422962,8.041941
5,1,3,0.2,5,0.2,20.45,0,0,1387.422962,8.305546
5,1,3,0.2,5,0.5,20.45,0,0,1387.422962,8.305546
5,1,3,0.2,5,1,20.45,0,0,1387.422962,8.305546
5,1,3,0.5,1,0.2,22.88,0.125774,0,541.205025,3.186321
5,1,3,0.5,1,0.5,22.88,0.125774,0,541.205025,3.186321
5,1,3,0.5,1,1,22.88,0.125774,0,541.205025,3.186321
5,1,3,0.5,3,0.2,22.21,0.125774,0,541.205025,3.282454
5,1,3,0.5,3,0.5,22.21,0.125774,0,541.205025,3.282454
5,1,3,0.5,3,1,22.21,0.125774,0,541.205025,3.282454
5,1,3,0.5,5,0.2,21.55,0.125774,0,541.205025,3.382911
5,1,3,0.5,5,0.5,21.55,0.125774,0,541.205025,3.382911
5,1,3,0.5,5,1,21.55,0.125774,0,541.205025,3.382911
5,1,3,1,1,0.2,-1,-1,-1,-1,-1
5,1,3,1,1,0.5,-1,-1,-1,-1,-1
5,1,3,1,1,1,-1,-1,-1,-1,-1
5,1,3,1,3,0.2,-1,-1,-1,-1,-1
5,1,3,1,3,0.5,-1,-1,-1,-1,-1
5,1,3,1,3,1,-1,-1,-1,-1,-1
5,1,3,1,5,0.2,-1,-1,-1,-1,-1
5,1,3,1,5,0.5,-1,-1,-1,-1,-1
5,1,3,1,5,1,-1,-1,-1,-1,-1
5,1,3,5,1,0.2,-1,-1,-1,-1,-1
5,1,3,5,1,0.5,-1,-1,-1,-1,-1
5,1,3,5,1,1,32.18,0.32626,3,42.994741,0.199585
5,1,3,5,3,0.2,-1,-1,-1,-1,-1
5,1,3,5,3,0.5,-1,-1,-1,-1,-1
5,1,3,5,3,1,27.46,0.337274,1,51.987366,0.183277
5,1,3,5,5,0.2,-1,-1,-1,-1,-1
5,1,3,5,5,0.5,-1,-1,-1,-1,-1
5,1,3,5,5,1,-1,-1,-1,-1,-1
5,1,5,0.2,1,0.2,13.39,0.034306,0,2271.958382,22.222164
5,1,5,0.2,1,0.5,13.39,0.034306,0,2271.958382,22.222164
5,1,5,0.2,1,1,13.39,0.034306,0,2271.958382,22.222164
5,1,5,0.2,3,0.2,12.99,0.034306,0,2271.958382,22.906972
5,1,5,0.2,3,0.5,12.99,0.034306,0,2271.958382,22.906972
5,1,5,0.2,3,1,12.99,0.034306,0,2271.958382,22.906972
5,1,5,0.2,5,0.2,12.59,0.034306,0,2271.958382,23.635298
5,1,5,0.2,5,0.5,12.59,0.034306,0,2271.958382,23.635298
5,1,5,0.2,5,1,12.59,0.034306,0,2271.958382,23.635298
5,1,5,0.5,1,0.2,14.26,0.082361,0,710.732364,8.085197
5,1,5,0.5,1,0.5,14.26,0.082361,0,710.732364,8.085197
5,1,5,0.5,1,1,14.26,0.082361,0,710.732364,8.085197
5,1,5,0.5,3,0.2,13.86,0.082361,0,710.732364,8.317495
5,1,5,0.5,3,0.5,13.86,0.082361,0,710.732364,8.317495
5,1,5,0.5,3,1,13.86,0.082361,0,710.732364,8.317495
5,1,5,0.5,5,0.2,13.46,0.082361,0,710.732364,8.562095
5,1,5,0.5,5,0.5,13.46,0.082361,0,710.732364,8.562095
5,1,5,0.5,5,1,13.46,0.082361,0,710.732364,8.562095
5,1,5,1,1,0.2,15.38,0.121887,0,356.663676,3.916685
5,1,5,1,1,0.5,15.38,0.121887,0,356.663676,3.916685
5,1,5,1,1,1,15.38,0.121887,0,356.663676,3.916685
5,1,5,1,3,0.2,14.98,0.121887,0,356.663676,4.018497
5,1,5,1,3,0.5,14.98,0.121887,0,356.663676,4.018497
5,1,5,1,3,1,14.98,0.121887,0,356.663676,4.018497
5,1,5,1,5,0.2,14.56,0.121887,0,356.663676,4.130349
5,1,5,1,5,0.5,14.56,0.121887,0,356.663676,4.130349
5,1,5,1,5,1,14.56,0.121887,0,356.663676,4.130349
5,1,5,5,1,0.2,-1,-1,-1,-1,-1
5,1,5,5,1,0.5,-1,-1,-1,-1,-1
5,1,5,5,1,1,-1,-1,-1,-1,-1
5,1,5,5,3,0.2,-1,-1,-1,-1,-1
5,1,5,5,3,0.5,-1,-1,-1,-1,-1
5,1,5,5,3,1,-1,-1,-1,-1,-1
5,1,5,5,5,0.2,-1,-1,-1,-1,-1
5,1,5,5,5,0.5,-1,-1,-1,-1,-1
5,1,5,5,5,1,-1,-1,-1,-1,-1
5,1,7,0.2,1,0.2,9.73,0.09255,0,3114.270242,42.178794
5,1,7,0.2,1,0.5,9.73,0.09255,0,3114.270242,42.178794
5,1,7,0.2,1,1,9.73,0.09255,0,3114.270242,42.178794
5,1,7,0.2,3,0.2,9.44,0.09255,0,3114.270242,43.475682
5,1,7,0.2,3,0.5,9.44,0.09255,0,3114.270242,43.475682
5,1,7,0.2,3,1,9.44,0.09255,0,3114.270242,43.475682
5,1,7,0.2,5,0.2,9.16,0.09255,0,3114.270242,44.805093
5,1,7,0.2,5,0.5,9.16,0.09255,0,3114.270242,44.805093
5,1,7,0.2,5,1,9.16,0.09255,0,3114.270242,44.805093
5,1,7,0.5,1,0.2,10.48,0.338281,0,995.264011,18.021795
5,1,7,0.5,1,0.5,10.48,0.338281,0,995.264011,18.021795
5,1,7,0.5,1,1,10.48,0.338281,0,995.264011,18.021795
5,1,7,0.5,3,0.2,10.19,0.338281,0,995.264011,18.531887
5,1,7,0.5,3,0.5,10.19,0.338281,0,995.264011,18.531887
5,1,7,0.5,3,1,10.19,0.338281,0,995.264011,18.531887
5,1,7,0.5,5,0.2,9.9,0.338281,0,995.264011,19.069755
5,1,7,0.5,5,0.5,9.9,0.338281,0,995.264011,19.069755
5,1,7,0.5,5,1,9.9,0.338281,0,995.264011,19.069755
5,1,7,1,1,0.2,11.07,0,0,499.648394,6.462032
5,1,7,1,1,0.5,11.07,0,0,499.648394,6.462032
5,1,7,1,1,1,11.07,0,0,499.648394,6.462032
5,1,7,1,3,0.2,10.77,0,0,499.648394,6.621152
5,1,7,1,3,0.5,10.77,0,0,499.648394,6.621152
5,1,7,1,3,1,10.77,0,0,499.648394,6.621152
5,1,7,1,5,0.2,10.47,0,0,499.648394,6.79997
5,1,7,1,5,0.5,10.47,0,0,499.648394,6.79997
5,1,7,1,5,1,10.47,0,0,499.648394,6.79997
5,1,7,5,1,0.2,-1,-1,-1,-1,-1
5,1,7,5,1,0.5,-1,-1,-1,-1,-1
5,1,7,5,1,1,-1,-1,-1,-1,-1
5,1,7,5,3,0.2,-1,-1,-1,-1,-1
5,1,7,5,3,0.5,-1,-1,-1,-1,-1
5,1,7,5,3,1,-1,-1,-1,-1,-1
5,1,7,5,5,0.2,-1,-1,-1,-1,-1
5,1,7,5,5,0.5,-1,-1,-1,-1,-1
5,1,7,5,5,1,-1,-1,-1,-1,-1
5,1,10,0.2,1,0.2,6.99,0.11487,0,4311.419027,82.205344
5,1,10,0.2,1,0.5,6.99,0.11487,0,4311.419027,82.205344
5,1,10,0.2,1,1,6.99,0.11487,0,4311.419027,82.205344
5,1,10,0.2,3,0.2,6.79,0.11487,0,4311.419027,84.625636
5,1,10,0.2,3,0.5,6.79,0.11487,0,4311.419027,84.625636
5,1,10,0.2,3,1,6.79,0.11487,0,4311.419027,84.625636
5,1,10,0.2,5,0.2,6.59,0.11487,0,4311.419027,87.184567
5,1,10,0.2,5,0.5,6.59,0.11487,0,4311.419027,87.184567
5,1,10,0.2,5,1,6.59,0.11487,0,4311.419027,87.184567
5,1,10,0.5,1,0.2,7.68,0.118968,0,1417.032725,31.042913
5,1,10,0.5,1,0.5,7.68,0.118968,0,1417.032725,31.042913
5,1,10,0.5,1,1,7.68,0.118968,0,1417.032725,31.042913
5,1,10,0.5,3,0.2,7.48,0.118968,0,1417.032725,31.85181
5,1,10,0.5,3,0.5,7.48,0.118968,0,1417.032725,31.85181
5,1,10,0.5,3,1,7.48,0.118968,0,1417.032725,31.85181
5,1,10,0.5,5,0.2,7.27,0.118968,0,1417.032725,32.740055
5,1,10,0.5,5,0.5,7.27,0.118968,0,1417.032725,32.740055
5,1,10,0.5,5,1,7.27,0.118968,0,1417.032725,32.740055
5,1,10,1,1,0.2,8.15,0.331129,0,713.353647,13.82378
5,1,10,1,1,0.5,8.15,0.331129,0,713.353647,13.82378
5,1,10,1,1,1,8.15,0.331129,0,713.353647,13.82378
5,1,10,1,3,0.2,7.92,0.331129,0,713.353647,14.125736
5,1,10,1,3,0.5,7.92,0.331129,0,713.353647,14.125736
5,1,10,1,3,1,7.92,0.331129,0,713.353647,14.125736
5,1,10,1,5,0.2,7.7,0.331129,0,713.353647,14.496504
5,1,10,1,5,0.5,7.7,0.331129,0,713.353647,14.496504
5,1,10,1,5,1,7.7,0.331129,0,713.353647,14.496504
5,1,10,5,1,0.2,-1,-1,-1,-1,-1
5,1,10,5,1,0.5,-1,-1,-1,-1,-1
5,1,10,5,1,1,-1,-1,-1,-1,-1
5,1,10,5,3,0.2,-1,-1,-1,-1,-1
5,1,10,5,3,0.5,-1,-1,-1,-1,-1
5,1,10,5,3,1,-1,-1,-1,-1,-1
5,1,10,5,5,0.2,-1,-1,-1,-1,-1
5,1,10,5,5,0.5,-1,-1,-1,-1,-1
5,1,10,5,5,1,-1,-1,-1,-1,-1
5,3,3,0.2,1,0.2,39.84,0.17796,2,1530.942828,62.272703
5,3,3,0.2,1,0.5,38.99,0.178468,2,2143.611486,54.428617
5,3,3,0.2,1,1,37.88,0.178559,2,1518.949845,36.90329
5,3,3,0.2,3,0.2,39.69,0.178498,2,1530.942828,66.259778
5,3,3,0.2,3,0.5,38.88,0.17876,2,2143.611486,56.124724
5,3,3,0.2,3,1,37.83,0.178977,2,1518.949845,38.739234
5,3,3,0.2,5,0.2,-1,-1,-1,-1,-1
5,3,3,0.2,5,0.5,-1,-1,-1,-1,-1
5,3,3,0.2,5,1,38.76,0.177883,3,1538.381024,39.550959
5,3,3,0.5,1,0.2,40.76,0.17676,1,582.820962,6.498414
5,3,3,0.5,1,0.5,40.03,0.176747,1,740.378137,4.97596
5,3,3,0.5,1,1,39.26,0.245712,3,542.504344,3.824562
5,3,3,0.5,3,0.2,41.09,0.233432,2,602.758029,7.263708
5,3,3,0.5,3,0.5,40.07,0.234587,2,740.378137,5.515318
5,3,3,0.5,3,1,38.75,0.238506,2,600.019929,4.104009
5,3,3,0.5,5,0.2,47.44,0.230634,4,720.671039,8.383781
5,3,3,0.5,5,0.5,42.41,0.229249,3,740.378137,6.455495
5,3,3,0.5,5,1,39.65,0.232833,3,678.361411,5.354216
5,3,3,1,1,0.2,66.8,0.285818,3,253.716923,1.713731
5,3,3,1,1,0.5,63.15,0.285818,3,235.754358,1.506303
5,3,3,1,1,1,-1,-1,-1,-1,-1
5,3,3,1,3,0.2,83.01,0.285818,4,303.130571,2.369836
5,3,3,1,3,0.5,79.58,0.285818,4,303.146467,1.927257
5,3,3,1,3,1,71.31,0.284381,6,341.794542,2.027302
5,3,3,1,5,0.2,78.21,0.285818,4,441.396908,2.221665
5,3,3,1,5,0.5,85.35,0.315247,5,511.544081,1.966049
5,3,3,1,5,1,78.79,0.320992,9,323.371916,1.8716
5,3,3,5,1,0.2,-1,-1,-1,-1,-1
5,3,3,5,1,0.5,-1,-1,-1,-1,-1
5,3,3,5,1,1,-1,-1,-1,-1,-1
5,3,3,5,3,0.2,-1,-1,-1,-1,-1
5,3,3,5,3,0.5,-1,-1,-1,-1,-1
5,3,3,5,3,1,-1,-1,-1,-1,-1
5,3,3,5,5,0.2,-1,-1,-1,-1,-1
5,3,3,5,5,0.5,-1,-1,-1,-1,-1
5,3,3,5,5,1,-1,-1,-1,-1,-1
5,3,5,0.2,1,0.2,26.89,0.20113,2,2763.400859,156.255633
5,3,5,0.2,1,0.5,26.33,0.19723,2,3763.272391,143.333151
5,3,5,0.2,1,1,25.58,0.201082,2,3778.316212,116.421102
5,3,5,0.2,3,0.2,26.52,0.20098,2,2763.400859,181.612497
5,3,5,0.2,3,0.5,25.98,0.195213,2,3763.272391,163.638641
5,3,5,0.2,3,1,25.24,0.197785,2,3778.316212,129.235396
5,3,5,0.2,5,0.2,81.92,0.202453,20,2763.400859,93.205328
5,3,5,0.2,5,0.5,-1,-1,-1,-1,-1
5,3,5,0.2,5,1,-1,-1,-1,-1,-1
5,3,5,0.5,1,0.2,27.64,0.291026,1,1309.774527,16.225751
5,3,5,0.5,1,0.5,27.35,0.298642,1,1309.774527,13.205471
5,3,5,0.5,1,1,26.91,0.29701,1,1197.565759,10.409928
5,3,5,0.5,3,0.2,28.65,0.326064,2,1309.774527,16.848764
5,3,5,0.5,3,0.5,27.63,0.330741,2,1309.774527,13.740476
5,3,5,0.5,3,1,26.93,0.329647,2,1211.855188,10.55706
5,3,5,0.5,5,0.2,-1,-1,-1,-1,-1
5,3,5,0.5,5,0.5,45.48,0.250171,8,1309.774527,17.78373
5,3,5,0.5,5,1,28.54,0.263176,3,1251.989442,13.624971
5,3,5,1,1,0.2,-1,-1,-1,-1,-1
5,3,5,1,1,0.5,-1,-1,-1,-1,-1
5,3,5,1,1,1,-1,-1,-1,-1,-1
5,3,5,1,3,0.2,-1,-1,-1,-1,-1
5,3,5,1,3,0.5,-1,-1,-1,-1,-1
5,3,5,1,3,1,-1,-1,-1,-1,-1
5,3,5,1,5,0.2,-1,-1,-1,-1,-1
5,3,5,1,5,0.5,-1,-1,-1,-1,-1
5,3,5,1,5,1,-1,-1,-1,-1,-1
5,3,5,5,1,0.2,-1,-1,-1,-1,-1
5,3,5,5,1,0.5,-1,-1,-1,-1,-1
5,3,5,5,1,1,-1,-1,-1,-1,-1
5,3,5,5,3,0.2,-1,-1,-1,-1,-1
5,3,5,5,3,0.5,-1,-1,-1,-1,-1
5,3,5,5,3,1,-1,-1,-1,-1,-1
5,3,5,5,5,0.2,-1,-1,-1,-1,-1
5,3,5,5,5,0.5,-1,-1,-1,-1,-1
5,3,5,5,5,1,-1,-1,-1,-1,-1
5,3,7,0.2,1,0.2,19.09,0.174529,1,3550.744172,228.104458
5,3,7,0.2,1,0.5,18.81,0.174504,1,5209.224478,206.404817
5,3,7,0.2,1,1,18.5,0.174531,1,4978.79981,184.498365
5,3,7,0.2,3,0.2,20.97,0.234444,2,3585.46653,335.887332
5,3,7,0.2,3,0.5,20.55,0.23548,2,5209.224478,355.466351
5,3,7,0.2,3,1,20.02,0.233819,2,4978.79981,293.59488
5,3,7,0.2,5,0.2,21.75,0.237491,2,3583.699442,292.684084
5,3,7,0.2,5,0.5,-1,-1,-1,-1,-1
5,3,7,0.2,5,1,-1,-1,-1,-1,-1
5,3,7,0.5,1,0.2,43.05,0.370437,4,1588.088793,38.006525
5,3,7,0.5,1,0.5,33.77,0.370437,3,1412.811273,24.051205
5,3,7,0.5,1,1,32.02,0.370437,3,1405.684003,18.03125
5,3,7,0.5,3,0.2,39.31,0.370437,3,1588.088793,40.277131
5,3,7,0.5,3,0.5,37.11,0.370437,3,1417.931153,28.649005
5,3,7,0.5,3,1,35.23,0.370437,3,1419.661926,22.622242
5,3,7,0.5,5,0.2,42.05,0.370437,4,1959.190952,49.459258
5,3,7,0.5,5,0.5,39,0.370437,4,2088.486108,33.487107
5,3,7,0.5,5,1,37.28,0.370437,4,2084.583015,34.475325
5,3,7,1,1,0.2,-1,-1,-1,-1,-1
5,3,7,1,1,0.5,-1,-1,-1,-1,-1
5,3,7,1,1,1,-1,-1,-1,-1,-1
5,3,7,1,3,0.2,-1,-1,-1,-1,-1
5,3,7,1,3,0.5,-1,-1,-1,-1,-1
5,3,7,1,3,1,-1,-1,-1,-1,-1
5,3,7,1,5,0.2,-1,-1,-1,-1,-1
5,3,7,1,5,0.5,-1,-1,-1,-1,-1
5,3,7,1,5,1,-1,-1,-1,-1,-1
5,3,7,5,1,0.2,-1,-1,-1,-1,-1
5,3,7,5,1,0.5,-1,-1,-1,-1,-1
5,3,7,5,1,1,-1,-1,-1,-1,-1
5,3,7,5,3,0.2,-1,-1,-1,-1,-1
5,3,7,5,3,0.5,-1,-1,-1,-1,-1
5,3,7,5,3,1,-1,-1,-1,-1,-1
5,3,7,5,5,0.2,-1,-1,-1,-1,-1
5,3,7,5,5,0.5,-1,-1,-1,-1,-1
5,3,7,5,5,1,-1,-1,-1,-1,-1
5,3,10,0.2,1,0.2,14.73,0.20319,1,7604.0539,401.274822
5,3,10,0.2,1,0.5,14.5,0.197955,1,7604.0539,379.98395
5,3,10,0.2,1,1,14.23,0.202816,1,7604.0539,342.843029
5,3,10,0.2,3,0.2,16.85,0.249224,2,7604.0539,592.1291
5,3,10,0.2,3,0.5,16.48,0.240445,2,7604.0539,561.776539
5,3,10,0.2,3,1,16.08,0.248631,2,7604.0539,499.999359
5,3,10,0.2,5,0.2,17.53,0.276152,2,7604.0539,585.272178
5,3,10,0.2,5,0.5,17.08,0.278823,2,7604.0539,642.679607
5,3,10,0.2,5,1,16.54,0.276492,2,7604.0539,588.567416
5,3,10,0.5,1,0.2,-1,-1,-1,-1,-1
5,3,10,0.5,1,0.5,-1,-1,-1,-1,-1
5,3,10,0.5,1,1,-1,-1,-1,-1,-1
5,3,10,0.5,3,0.2,-1,-1,-1,-1,-1
5,3,10,0.5,3,0.5,-1,-1,-1,-1,-1
5,3,10,0.5,3,1,-1,-1,-1,-1,-1
5,3,10,0.5,5,0.2,-1,-1,-1,-1,-1
5,3,10,0.5,5,0.5,-1,-1,-1,-1,-1
5,3,10,0.5,5,1,-1,-1,-1,-1,-1
5,3,10,1,1,0.2,-1,-1,-1,-1,-1
5,3,10,1,1,0.5,-1,-1,-1,-1,-1
5,3,10,1,1,1,-1,-1,-1,-1,-1
5,3,10,1,3,0.2,-1,-1,-1,-1,-1
5,3,10,1,3,0.5,-1,-1,-1,-1,-1
5,3,10,1,3,1,-1,-1,-1,-1,-1
5,3,10,1,5,0.2,-1,-1,-1,-1,-1
5,3,10,1,5,0.5,-1,-1,-1,-1,-1
5,3,10,1,5,1,-1,-1,-1,-1,-1
5,3,10,5,1,0.2,-1,-1,-1,-1,-1
5,3,10,5,1,0.5,-1,-1,-1,-1,-1
5,3,10,5,1,1,-1,-1,-1,-1,-1
5,3,10,5,3,0.2,-1,-1,-1,-1,-1
5,3,10,5,3,0.5,-1,-1,-1,-1,-1
5,3,10,5,3,1,-1,-1,-1,-1,-1
5,3,10,5,5,0.2,-1,-1,-1,-1,-1
5,3,10,5,5,0.5,-1,-1,-1,-1,-1
5,3,10,5,5,1,-1,-1,-1,-1,-1
5,5,3,0.2,1,0.2,118.7,0.325687,15,2799.614749,47.40847
5,5,3,0.2,1,0.5,-1,-1,-1,-1,-1
5,5,3,0.2,1,1,-1,-1,-1,-1,-1
5,5,3,0.2,3,0.2,115.17,0.325687,15,2799.614749,47.449193
5,5,3,0.2,3,0.5,-1,-1,-1,-1,-1
5,5,3,0.2,3,1,-1,-1,-1,-1,-1
5,5,3,0.2,5,0.2,113.01,0.317092,13,2626.435988,42.183056
5,5,3,0.2,5,0.5,114.68,0.317257,20,2545.38157,34.117624
5,5,3,0.2,5,1,-1,-1,-1,-1,-1
5,5,3,0.5,1,0.2,113.05,0.32637,12,799.966096,2.851414
5,5,3,0.5,1,0.5,-1,-1,-1,-1,-1
5,5,3,0.5,1,1,-1,-1,-1,-1,-1
5,5,3,0.5,3,0.2,114.7,0.337414,15,827.840083,3.411946
5,5,3,0.5,3,0.5,-1,-1,-1,-1,-1
5,5,3,0.5,3,1,-1,-1,-1,-1,-1
5,5,3,0.5,5,0.2,112.61,0.338121,14,880.479621,5.84593
5,5,3,0.5,5,0.5,-1,-1,-1,-1,-1
5,5,3,0.5,5,1,-1,-1,-1,-1,-1
5,5,3,1,1,0.2,-1,-1,-1,-1,-1
5,5,3,1,1,0.5,-1,-1,-1,-1,-1
5,5,3,1,1,1,-1,-1,-1,-1,-1
5,5,3,1,3,0.2,-1,-1,-1,-1,-1
5,5,3,1,3,0.5,-1,-1,-1,-1,-1
5,5,3,1,3,1,-1,-1,-1,-1,-1
5,5,3,1,5,0.2,-1,-1,-1,-1,-1
5,5,3,1,5,0.5,-1,-1,-1,-1,-1
5,5,3,1,5,1,-1,-1,-1,-1,-1
5,5,3,5,1,0.2,-1,-1,-1,-1,-1
5,5,3,5,1,0.5,-1,-1,-1,-1,-1
5,5,3,5,1,1,-1,-1,-1,-1,-1
5,5,3,5,3,0.2,-1,-1,-1,-1,-1
5,5,3,5,3,0.5,-1,-1,-1,-1,-1
5,5,3,5,3,1,-1,-1,-1,-1,-1
5,5,3,5,5,0.2,-1,-1,-1,-1,-1
5,5,3,5,5,0.5,-1,-1,-1,-1,-1
5,5,3,5,5,1,-1,-1,-1,-1,-1
5,5,5,0.2,1,0.2,75.98,0.325312,6,4531.342164,105.901885
5,5,5,0.2,1,0.5,103.29,0.322471,14,5105.661396,238.243053
5,5,5,0.2,1,1,94.05,0.325501,20,5105.956137,98.798324
5,5,5,0.2,3,0.2,74.91,0.325312,6,4531.342164,110.894597
5,5,5,0.2,3,0.5,75.4,0.325489,13,4863.378909,94.581181
5,5,5,0.2,3,1,-1,-1,-1,-1,-1
5,5,5,0.2,5,0.2,73.05,0.317754,4,4616.940039,89.1386
5,5,5,0.2,5,0.5,72.68,0.315801,12,4656.837502,69.081592
5,5,5,0.2,5,1,-1,-1,-1,-1,-1
5,5,5,0.5,1,0.2,-1,-1,-1,-1,-1
5,5,5,0.5,1,0.5,-1,-1,-1,-1,-1
5,5,5,0.5,1,1,-1,-1,-1,-1,-1
5,5,5,0.5,3,0.2,-1,-1,-1,-1,-1
5,5,5,0.5,3,0.5,-1,-1,-1,-1,-1
5,5,5,0.5,3,1,-1,-1,-1,-1,-1
5,5,5,0.5,5,0.2,-1,-1,-1,-1,-1
5,5,5,0.5,5,0.5,91.23,0.431977,18,1341.828715,9.250915
5,5,5,0.5,5,1,84.42,0.43363,20,1866.052911,8.55374
5,5,5,1,1,0.2,-1,-1,-1,-1,-1
5,5,5,1,1,0.5,-1,-1,-1,-1,-1
5,5,5,1,1,1,-1,-1,-1,-1,-1
5,5,5,1,3,0.2,-1,-1,-1,-1,-1
5,5,5,1,3,0.5,-1,-1,-1,-1,-1
5,5,5,1,3,1,-1,-1,-1,-1,-1
5,5,5,1,5,0.2,-1,-1,-1,-1,-1
5,5,5,1,5,0.5,-1,-1,-1,-1,-1
5,5,5,1,5,1,-1,-1,-1,-1,-1
5,5,5,5,1,0.2,-1,-1,-1,-1,-1
5,5,5,5,1,0.5,-1,-1,-1,-1,-1
5,5,5,5,1,1,-1,-1,-1,-1,-1
5,5,5,5,3,0.2,-1,-1,-1,-1,-1
5,5,5,5,3,0.5,-1,-1,-1,-1,-1
5,5,5,5,3,1,-1,-1,-1,-1,-1
5,5,5,5,5,0.2,-1,-1,-1,-1,-1
5,5,5,5,5,0.5,-1,-1,-1,-1,-1
5,5,5,5,5,1,-1,-1,-1,-1,-1
5,5,7,0.2,1,0.2,61.28,0.324813,5,7146.019248,240.630294
5,5,7,0.2,1,0.5,57.03,0.325062,8,6698.438214,184.451545
5,5,7,0.2,1,1,-1,-1,-1,-1,-1
5,5,7,0.2,3,0.2,58.82,0.324813,4,6647.836282,202.961855
5,5,7,0.2,3,0.5,56.23,0.325062,8,6698.438214,192.528913
5,5,7,0.2,3,1,56.67,0.324676,11,7120.150724,145.146696
5,5,7,0.2,5,0.2,53.77,0.328365,3,6830.855759,130.962059
5,5,7,0.2,5,0.5,52.23,0.327455,7,6988.424037,121.453609
5,5,7,0.2,5,1,52.69,0.328606,10,6563.538199,99.622742
5,5,7,0.5,1,0.2,-1,-1,-1,-1,-1
5,5,7,0.5,1,0.5,-1,-1,-1,-1,-1
5,5,7,0.5,1,1,-1,-1,-1,-1,-1
5,5,7,0.5,3,0.2,-1,-1,-1,-1,-1
5,5,7,0.5,3,0.5,-1,-1,-1,-1,-1
5,5,7,0.5,3,1,-1,-1,-1,-1,-1
5,5,7,0.5,5,0.2,-1,-1,-1,-1,-1
5,5,7,0.5,5,0.5,-1,-1,-1,-1,-1
5,5,7,0.5,5,1,-1,-1,-1,-1,-1
5,5,7,1,1,0.2,-1,-1,-1,-1,-1
5,5,7,1,1,0.5,-1,-1,-1,-1,-1
5,5,7,1,1,1,-1,-1,-1,-1,-1
5,5,7,1,3,0.2,-1,-1,-1,-1,-1
5,5,7,1,3,0.5,-1,-1,-1,-1,-1
5,5,7,1,3,1,-1,-1,-1,-1,-1
5,5,7,1,5,0.2,-1,-1,-1,-1,-1
5,5,7,1,5,0.5,-1,-1,-1,-1,-1
5,5,7,1,5,1,-1,-1,-1,-1,-1
5,5,7,5,1,0.2,-1,-1,-1,-1,-1
5,5,7,5,1,0.5,-1,-1,-1,-1,-1
5,5,7,5,1,1,-1,-1,-1,-1,-1
5,5,7,5,3,0.2,-1,-1,-1,-1,-1
5,5,7,5,3,0.5,-1,-1,-1,-1,-1
5,5,7,5,3,1,-1,-1,-1,-1,-1
5,5,7,5,5,0.2,-1,-1,-1,-1,-1
5,5,7,5,5,0.5,-1,-1,-1,-1,-1
5,5,7,5,5,1,-1,-1,-1,-1,-1
5,5,10,0.2,1,0.2,42.87,0.347676,3,7446.863284,160.309172
5,5,10,0.2,1,0.5,41.1,0.340941,5,6750.616726,120.753375
5,5,10,0.2,1,1,-1,-1,-1,-1,-1
5,5,10,0.2,3,0.2,42.67,0.349022,3,9916.020575,273.790972
5,5,10,0.2,3,0.5,40.45,0.34202,5,7453.547017,171.219881
5,5,10,0.2,3,1,-1,-1,-1,-1,-1
5,5,10,0.2,5,0.2,43.19,0.392454,3,9726.216398,236.838214
5,5,10,0.2,5,0.5,41.16,0.394332,6,9311.057338,231.337372
5,5,10,0.2,5,1,-1,-1,-1,-1,-1
5,5,10,0.5,1,0.2,-1,-1,-1,-1,-1
5,5,10,0.5,1,0.5,-1,-1,-1,-1,-1
5,5,10,0.5,1,1,-1,-1,-1,-1,-1
5,5,10,0.5,3,0.2,-1,-1,-1,-1,-1
5,5,10,0.5,3,0.5,-1,-1,-1,-1,-1
5,5,10,0.5,3,1,-1,-1,-1,-1,-1
5,5,10,0.5,5,0.2,-1,-1,-1,-1,-1
5,5,10,0.5,5,0.5,-1,-1,-1,-1,-1
5,5,10,0.5,5,1,-1,-1,-1,-1,-1
5,5,10,1,1,0.2,-1,-1,-1,-1,-1
5,5,10,1,1,0.5,-1,-1,-1,-1,-1
5,5,10,1,1,1,-1,-1,-1,-1,-1
5,5,10,1,3,0.2,-1,-1,-1,-1,-1
5,5,10,1,3,0.5,-1,-1,-1,-1,-1
5,5,10,1,3,1,-1,-1,-1,-1,-1
5,5,10,1,5,0.2,-1,-1,-1,-1,-1
5,5,10,1,5,0.5,-1,-1,-1,-1,-1
5,5,10,1,5,1,-1,-1,-1,-1,-1
5,5,10,5,1,0.2,-1,-1,-1,-1,-1
5,5,10,5,1,0.5,-1,-1,-1,-1,-1
5,5,10,5,1,1,-1,-1,-1,-1,-1
5,5,10,5,3,0.2,-1,-1,-1,-1,-1
5,5,10,5,3,0.5,-1,-1,-1,-1,-1
5,5,10,5,3,1,-1,-1,-1,-1,-1
5,5,10,5,5,0.2,-1,-1,-1,-1,-1
5,5,10,5,5,0.5,-1,-1,-1,-1,-1
5,5,10,5,5,1,-1,-1,-1,-1,-1
10,1,3,0.2,1,0.2,21.32,0,0,642.775653,4.24744
10,1,3,0.2,1,0.5,21.32,0,0,642.775653,4.24744
10,1,3,0.2,1,1,21.32,0,0,642.775653,4.24744
10,1,3,0.2,3,0.2,20.65,0,0,642.775653,4.385318
10,1,3,0.2,3,0.5,20.65,0,0,642.775653,4.385318
10,1,3,0.2,3,1,20.65,0,0,642.775653,4.385318
10,1,3,0.2,5,0.2,19.98,0,0,642.775653,4.532446
10,1,3,0.2,5,0.5,19.98,0,0,642.775653,4.532446
10,1,3,0.2,5,1,19.98,0,0,642.775653,4.532446
10,1,3,0.5,1,0.2,22.41,0.09005,0,281.848623,2.020719
10,1,3,0.5,1,0.5,22.41,0.09005,0,281.848623,2.020719
10,1,3,0.5,1,1,22.41,0.09005,0,281.848623,2.020719
10,1,3,0.5,3,0.2,21.75,0.09005,0,281.848623,2.082035
10,1,3,0.5,3,0.5,21.75,0.09005,0,281.848623,2.082035
10,1,3,0.5,3,1,21.75,0.09005,0,281.848623,2.082035
10,1,3,0.5,5,0.2,21.08,0.09005,0,281.848623,2.148119
10,1,3,0.5,5,0.5,21.08,0.09005,0,281.848623,2.148119
10,1,3,0.5,5,1,21.08,0.09005,0,281.848623,2.148119
10,1,3,1,1,0.2,23.96,0.285587,0,180.506443,1.070339
10,1,3,1,1,0.5,23.96,0.285587,0,180.506443,1.070339
10,1,3,1,1,1,23.96,0.285587,0,180.506443,1.070339
10,1,3,1,3,0.2,23.3,0.285587,0,180.506443,1.100268
10,1,3,1,3,0.5,23.3,0.285587,0,180.506443,1.100268
10,1,3,1,3,1,23.3,0.285587,0,180.506443,1.100268
10,1,3,1,5,0.2,22.62,0.285587,0,180.506443,1.132533
10,1,3,1,5,0.5,22.62,0.285587,0,180.506443,1.132533
10,1,3,1,5,1,22.62,0.285587,0,180.506443,1.132533
10,1,3,5,1,0.2,-1,-1,-1,-1,-1
10,1,3,5,1,0.5,-1,-1,-1,-1,-1
10,1,3,5,1,1,41.62,0.416147,5,51.132612,0.227779
10,1,3,5,3,0.2,-1,-1,-1,-1,-1
10,1,3,5,3,0.5,-1,-1,-1,-1,-1
10,1,3,5,3,1,-1,-1,-1,-1,-1
10,1,3,5,5,0.2,-1,-1,-1,-1,-1
10,1,3,5,5,0.5,-1,-1,-1,-1,-1
10,1,3,5,5,1,26.99,0,1,51.132612,0.149509
10,1,5,0.2,1,0.2,13.1,0.028822,0,1052.580147,13.452834
10,1,5,0.2,1,0.5,13.1,0.028822,0,1052.580147,13.452834
10,1,5,0.2,1,1,13.1,0.028822,0,1052.580147,13.452834
10,1,5,0.2,3,0.2,12.7,0.028822,0,1052.580147,13.876874
10,1,5,0.2,3,0.5,12.7,0.028822,0,1052.580147,13.876874
10,1,5,0.2,3,1,12.7,0.028822,0,1052.580147,13.876874
10,1,5,0.2,5,0.2,12.3,0.028822,0,1052.580147,14.328485
10,1,5,0.2,5,0.5,12.3,0.028822,0,1052.580147,14.328485
10,1,5,0.2,5,1,12.3,0.028822,0,1052.580147,14.328485
10,1,5,0.5,1,0.2,14.12,0.071947,0,612.114608,5.794078
10,1,5,0.5,1,0.5,14.12,0.071947,0,612.114608,5.794078
10,1,5,0.5,1,1,14.12,0.071947,0,612.114608,5.794078
10,1,5,0.5,3,0.2,13.72,0.071947,0,612.114608,5.961877
10,1,5,0.5,3,0.5,13.72,0.071947,0,612.114608,5.961877
10,1,5,0.5,3,1,13.72,0.071947,0,612.114608,5.961877
10,1,5,0.5,5,0.2,13.32,0.071947,0,612.114608,6.138204
10,1,5,0.5,5,0.5,13.32,0.071947,0,612.114608,6.138204
10,1,5,0.5,5,1,13.32,0.071947,0,612.114608,6.138204
10,1,5,1,1,0.2,-1,-1,-1,-1,-1
10,1,5,1,1,0.5,-1,-1,-1,-1,-1
10,1,5,1,1,1,-1,-1,-1,-1,-1
10,1,5,1,3,0.2,-1,-1,-1,-1,-1
10,1,5,1,3,0.5,-1,-1,-1,-1,-1
10,1,5,1,3,1,-1,-1,-1,-1,-1
10,1,5,1,5,0.2,-1,-1,-1,-1,-1
10,1,5,1,5,0.5,-1,-1,-1,-1,-1
10,1,5,1,5,1,-1,-1,-1,-1,-1
10,1,5,5,1,0.2,-1,-1,-1,-1,-1
10,1,5,5,1,0.5,-1,-1,-1,-1,-1
10,1,5,5,1,1,-1,-1,-1,-1,-1
10,1,5,5,3,0.2,-1,-1,-1,-1,-1
10,1,5,5,3,0.5,-1,-1,-1,-1,-1
10,1,5,5,3,1,-1,-1,-1,-1,-1
10,1,5,5,5,0.2,-1,-1,-1,-1,-1
10,1,5,5,5,0.5,-1,-1,-1,-1,-1
10,1,5,5,5,1,-1,-1,-1,-1,-1
10,1,7,0.2,1,0.2,9.56,0.098956,0,1574.143294,27.045774
10,1,7,0.2,1,0.5,9.56,0.098956,0,1574.143294,27.045774
10,1,7,0.2,1,1,9.56,0.098956,0,1574.143294,27.045774
10,1,7,0.2,3,0.2,9.27,0.098956,0,1574.143294,27.892543
10,1,7,0.2,3,0.5,9.27,0.098956,0,1574.143294,27.892543
10,1,7,0.2,3,1,9.27,0.098956,0,1574.143294,27.892543
10,1,7,0.2,5,0.2,8.99,0.098956,0,1574.143294,28.761233
10,1,7,0.2,5,0.5,8.99,0.098956,0,1574.143294,28.761233
10,1,7,0.2,5,1,8.99,0.098956,0,1574.143294,28.761233
10,1,7,0.5,1,0.2,10.37,0.480204,0,905.922488,10.645833
10,1,7,0.5,1,0.5,10.37,0.480204,0,905.922488,10.645833
10,1,7,0.5,1,1,10.37,0.480204,0,905.922488,10.645833
10,1,7,0.5,3,0.2,10.08,0.480204,0,905.922488,10.946353
10,1,7,0.5,3,0.5,10.08,0.480204,0,905.922488,10.946353
10,1,7,0.5,3,1,10.08,0.480204,0,905.922488,10.946353
10,1,7,0.5,5,0.2,9.79,0.480204,0,905.922488,11.259726
10,1,7,0.5,5,0.5,9.79,0.480204,0,905.922488,11.259726
10,1,7,0.5,5,1,9.79,0.480204,0,905.922488,11.259726
10,1,7,1,1,0.2,-1,-1,-1,-1,-1
10,1,7,1,1,0.5,-1,-1,-1,-1,-1
10,1,7,1,1,1,-1,-1,-1,-1,-1
10,1,7,1,3,0.2,-1,-1,-1,-1,-1
10,1,7,1,3,0.5,-1,-1,-1,-1,-1
10,1,7,1,3,1,-1,-1,-1,-1,-1
10,1,7,1,5,0.2,-1,-1,-1,-1,-1
10,1,7,1,5,0.5,-1,-1,-1,-1,-1
10,1,7,1,5,1,-1,-1,-1,-1,-1
10,1,7,5,1,0.2,-1,-1,-1,-1,-1
10,1,7,5,1,0.5,-1,-1,-1,-1,-1
10,1,7,5,1,1,-1,-1,-1,-1,-1
10,1,7,5,3,0.2,-1,-1,-1,-1,-1
10,1,7,5,3,0.5,-1,-1,-1,-1,-1
10,1,7,5,3,1,-1,-1,-1,-1,-1
10,1,7,5,5,0.2,-1,-1,-1,-1,-1
10,1,7,5,5,0.5,-1,-1,-1,-1,-1
10,1,7,5,5,1,-1,-1,-1,-1,-1
10,1,10,0.2,1,0.2,6.89,0.099406,0,2735.119214,56.954636
10,1,10,0.2,1,0.5,6.89,0.099406,0,2735.119214,56.954636
10,1,10,0.2,1,1,6.89,0.099406,0,2735.119214,56.954636
10,1,10,0.2,3,0.2,6.69,0.099406,0,2735.119214,58.655362
10,1,10,0.2,3,0.5,6.69,0.099406,0,2735.119214,58.655362
10,1,10,0.2,3,1,6.69,0.099406,0,2735.119214,58.655362
10,1,10,0.2,5,0.2,6.49,0.099406,0,2735.119214,60.452841
10,1,10,0.2,5,0.5,6.49,0.099406,0,2735.119214,60.452841
10,1,10,0.2,5,1,6.49,0.099406,0,2735.119214,60.452841
10,1,10,0.5,1,0.2,-1,-1,-1,-1,-1
10,1,10,0.5,1,0.5,-1,-1,-1,-1,-1
10,1,10,0.5,1,1,-1,-1,-1,-1,-1
10,1,10,0.5,3,0.2,-1,-1,-1,-1,-1
10,1,10,0.5,3,0.5,-1,-1,-1,-1,-1
10,1,10,0.5,3,1,-1,-1,-1,-1,-1
10,1,10,0.5,5,0.2,-1,-1,-1,-1,-1
10,1,10,0.5,5,0.5,-1,-1,-1,-1,-1
10,1,10,0.5,5,1,-1,-1,-1,-1,-1
10,1,10,1,1,0.2,-1,-1,-1,-1,-1
10,1,10,1,1,0.5,-1,-1,-1,-1,-1
10,1,10,1,1,1,-1,-1,-1,-1,-1
10,1,10,1,3,0.2,-1,-1,-1,-1,-1
10,1,10,1,3,0.5,-1,-1,-1,-1,-1
10,1,10,1,3,1,-1,-1,-1,-1,-1
10,1,10,1,5,0.2,-1,-1,-1,-1,-1
10,1,10,1,5,0.5,-1,-1,-1,-1,-1
10,1,10,1,5,1,-1,-1,-1,-1,-1
10,1,10,5,1,0.2,-1,-1,-1,-1,-1
10,1,10,5,1,0.5,-1,-1,-1,-1,-1
10,1,10,5,1,1,-1,-1,-1,-1,-1
10,1,10,5,3,0.2,-1,-1,-1,-1,-1
10,1,10,5,3,0.5,-1,-1,-1,-1,-1
10,1,10,5,3,1,-1,-1,-1,-1,-1
10,1,10,5,5,0.2,-1,-1,-1,-1,-1
10,1,10,5,5,0.5,-1,-1,-1,-1,-1
10,1,10,5,5,1,-1,-1,-1,-1,-1
10,3,3,0.2,1,0.2,85.96,0.150264,3,2592.829424,47.904437
10,3,3,0.2,1,0.5,67.09,0.25297,3,1628.806758,30.817704
10,3,3,0.2,1,1,82.68,0.151759,3,1537.800152,24.238023
10,3,3,0.2,3,0.2,64.05,0.177589,2,2592.829424,41.495229
10,3,3,0.2,3,0.5,62.92,0.177656,2,1748.096878,30.413961
10,3,3,0.2,3,1,84.86,0.173937,3,1886.342986,16.071937
10,3,3,0.2,5,0.2,65.78,0.176667,2,2592.829424,42.458897
10,3,3,0.2,5,0.5,65.83,0.175876,2,2262.022489,30.765802
10,3,3,0.2,5,1,63.27,0.176649,2,2188.766578,20.007032
10,3,3,0.5,1,0.2,89.39,0.169066,3,906.596046,5.446014
10,3,3,0.5,1,0.5,88.02,0.175831,3,906.596046,4.245896
10,3,3,0.5,1,1,85.76,0.169078,3,712.960116,3.378696
10,3,3,0.5,3,0.2,66.46,0.307726,2,906.596046,5.620413
10,3,3,0.5,3,0.5,65.46,0.310491,2,906.596046,4.608493
10,3,3,0.5,3,1,85.65,0.311558,4,495.20817,2.672402
10,3,3,0.5,5,0.2,67.95,0.201692,2,906.596046,6.099519
10,3,3,0.5,5,0.5,63.35,0.206485,2,1160.32161,4.877944
10,3,3,0.5,5,1,66.47,0.186015,4,815.51823,4.338441
10,3,3,1,1,0.2,98.95,0.463779,3,297.210217,1.543833
10,3,3,1,1,0.5,96.22,0.464019,3,319.613544,1.278779
10,3,3,1,1,1,93.17,0.489228,4,294.63993,1.215913
10,3,3,1,3,0.2,-1,-1,-1,-1,-1
10,3,3,1,3,0.5,-1,-1,-1,-1,-1
10,3,3,1,3,1,-1,-1,-1,-1,-1
10,3,3,1,5,0.2,67.57,0.312184,2,289.349094,1.732898
10,3,3,1,5,0.5,65.23,0.309502,2,216.937867,1.278889
10,3,3,1,5,1,63.4,0.232678,2,283.451586,1.203679
10,3,3,5,1,0.2,-1,-1,-1,-1,-1
10,3,3,5,1,0.5,-1,-1,-1,-1,-1
10,3,3,5,1,1,-1,-1,-1,-1,-1
10,3,3,5,3,0.2,-1,-1,-1,-1,-1
10,3,3,5,3,0.5,-1,-1,-1,-1,-1
10,3,3,5,3,1,-1,-1,-1,-1,-1
10,3,3,5,5,0.2,-1,-1,-1,-1,-1
10,3,3,5,5,0.5,-1,-1,-1,-1,-1
10,3,3,5,5,1,-1,-1,-1,-1,-1
10,3,5,0.2,1,0.2,55.82,0.150034,3,2575.58663,143.794411
10,3,5,0.2,1,0.5,54.94,0.149914,3,2663.37829,122.729109
10,3,5,0.2,1,1,53.85,0.151148,3,3717.334842,109.611666
10,3,5,0.2,3,0.2,41.44,0.186261,2,2955.719064,124.710953
10,3,5,0.2,3,0.5,40.74,0.185986,2,2663.37829,99.603697
10,3,5,0.2,3,1,39.98,0.186278,2,3717.334842,85.63134
10,3,5,0.2,5,0.2,42.65,0.187332,2,3504.90066,127.588717
10,3,5,0.2,5,0.5,41.98,0.187173,2,3332.916256,104.502114
10,3,5,0.2,5,1,39.45,0.192164,2,3717.334842,83.99049
10,3,5,0.5,1,0.2,49.89,0.342668,3,1676.183056,17.310501
10,3,5,0.5,1,0.5,59.49,0.35818,3,1250.360183,10.684974
10,3,5,0.5,1,1,58.56,0.370756,3,1174.87041,9.402156
10,3,5,0.5,3,0.2,-1,-1,-1,-1,-1
10,3,5,0.5,3,0.5,-1,-1,-1,-1,-1
10,3,5,0.5,3,1,-1,-1,-1,-1,-1
10,3,5,0.5,5,0.2,44.98,0.278414,2,1676.183056,16.636145
10,3,5,0.5,5,0.5,44.15,0.279548,2,1354.638705,13.49824
10,3,5,0.5,5,1,40.37,0.190475,2,1515.233759,11.59522
10,3,5,1,1,0.2,-1,-1,-1,-1,-1
10,3,5,1,1,0.5,-1,-1,-1,-1,-1
10,3,5,1,1,1,-1,-1,-1,-1,-1
10,3,5,1,3,0.2,-1,-1,-1,-1,-1
10,3,5,1,3,0.5,-1,-1,-1,-1,-1
10,3,5,1,3,1,-1,-1,-1,-1,-1
10,3,5,1,5,0.2,-1,-1,-1,-1,-1
10,3,5,1,5,0.5,-1,-1,-1,-1,-1
10,3,5,1,5,1,-1,-1,-1,-1,-1
10,3,5,5,1,0.2,-1,-1,-1,-1,-1
10,3,5,5,1,0.5,-1,-1,-1,-1,-1
10,3,5,5,1,1,-1,-1,-1,-1,-1
10,3,5,5,3,0.2,-1,-1,-1,-1,-1
10,3,5,5,3,0.5,-1,-1,-1,-1,-1
10,3,5,5,3,1,-1,-1,-1,-1,-1
10,3,5,5,5,0.2,-1,-1,-1,-1,-1
10,3,5,5,5,0.5,-1,-1,-1,-1,-1
10,3,5,5,5,1,-1,-1,-1,-1,-1
10,3,7,0.2,1,0.2,43.19,0.164324,3,6504.249534,247.456482
10,3,7,0.2,1,0.5,42.6,0.164324,3,5167.052721,228.512739
10,3,7,0.2,1,1,41.78,0.164314,3,5167.052721,187.283424
10,3,7,0.2,3,0.2,31.85,0.280505,2,5167.052721,234.653094
10,3,7,0.2,3,0.5,31.39,0.280296,2,5167.052721,215.905572
10,3,7,0.2,3,1,30.81,0.283128,2,5167.052721,179.449332
10,3,7,0.2,5,0.2,30.97,0.203993,2,5167.052721,242.528445
10,3,7,0.2,5,0.5,31.96,0.199528,2,5167.052721,215.667723
10,3,7,0.2,5,1,31.39,0.19884,2,5167.052721,192.832136
10,3,7,0.5,1,0.2,-1,-1,-1,-1,-1
10,3,7,0.5,1,0.5,-1,-1,-1,-1,-1
10,3,7,0.5,1,1,-1,-1,-1,-1,-1
10,3,7,0.5,3,0.2,34.79,0.335507,2,2496.842397,34.541441
10,3,7,0.5,3,0.5,32.84,0.490615,2,1352.033064,21.192936
10,3,7,0.5,3,1,31.93,0.335429,2,1277.373682,18.178285
10,3,7,0.5,5,0.2,34.31,0.30326,2,2496.842397,38.032269
10,3,7,0.5,5,0.5,32.9,0.326025,2,1900.941395,22.22678
10,3,7,0.5,5,1,31.32,0.30326,2,2012.781226,17.515514
10,3,7,1,1,0.2,-1,-1,-1,-1,-1
10,3,7,1,1,0.5,-1,-1,-1,-1,-1
10,3,7,1,1,1,-1,-1,-1,-1,-1
10,3,7,1,3,0.2,-1,-1,-1,-1,-1
10,3,7,1,3,0.5,-1,-1,-1,-1,-1
10,3,7,1,3,1,-1,-1,-1,-1,-1
10,3,7,1,5,0.2,-1,-1,-1,-1,-1
10,3,7,1,5,0.5,-1,-1,-1,-1,-1
10,3,7,1,5,1,-1,-1,-1,-1,-1
10,3,7,5,1,0.2,-1,-1,-1,-1,-1
10,3,7,5,1,0.5,-1,-1,-1,-1,-1
10,3,7,5,1,1,-1,-1,-1,-1,-1
10,3,7,5,3,0.2,-1,-1,-1,-1,-1
10,3,7,5,3,0.5,-1,-1,-1,-1,-1
10,3,7,5,3,1,-1,-1,-1,-1,-1
10,3,7,5,5,0.2,-1,-1,-1,-1,-1
10,3,7,5,5,0.5,-1,-1,-1,-1,-1
10,3,7,5,5,1,-1,-1,-1,-1,-1
10,3,10,0.2,1,0.2,33.86,0.269676,3,5134.168578,392.401476
10,3,10,0.2,1,0.5,33.45,0.269689,3,6303.293966,376.459011
10,3,10,0.2,1,1,32.86,0.269496,3,6497.548824,329.143052
10,3,10,0.2,3,0.2,24.86,0.43177,2,7165.449957,395.594139
10,3,10,0.2,3,0.5,24.37,0.417024,2,8144.372815,374.232168
10,3,10,0.2,3,1,23.98,0.430116,2,5072.74073,323.74404
10,3,10,0.2,5,0.2,24.87,0.218679,2,6763.501312,408.954859
10,3,10,0.2,5,0.5,24.58,0.215314,2,6757.696696,362.351401
10,3,10,0.2,5,1,24.16,0.198394,2,6762.037629,344.488981
10,3,10,0.5,1,0.2,-1,-1,-1,-1,-1
10,3,10,0.5,1,0.5,-1,-1,-1,-1,-1
10,3,10,0.5,1,1,-1,-1,-1,-1,-1
10,3,10,0.5,3,0.2,-1,-1,-1,-1,-1
10,3,10,0.5,3,0.5,-1,-1,-1,-1,-1
10,3,10,0.5,3,1,-1,-1,-1,-1,-1
10,3,10,0.5,5,0.2,-1,-1,-1,-1,-1
10,3,10,0.5,5,0.5,-1,-1,-1,-1,-1
10,3,10,0.5,5,1,-1,-1,-1,-1,-1
10,3,10,1,1,0.2,-1,-1,-1,-1,-1
10,3,10,1,1,0.5,-1,-1,-1,-1,-1
10,3,10,1,1,1,-1,-1,-1,-1,-1
10,3,10,1,3,0.2,-1,-1,-1,-1,-1
10,3,10,1,3,0.5,-1,-1,-1,-1,-1
10,3,10,1,3,1,-1,-1,-1,-1,-1
10,3,10,1,5,0.2,-1,-1,-1,-1,-1
10,3,10,1,5,0.5,-1,-1,-1,-1,-1
10,3,10,1,5,1,-1,-1,-1,-1,-1
10,3,10,5,1,0.2,-1,-1,-1,-1,-1
10,3,10,5,1,0.5,-1,-1,-1,-1,-1
10,3,10,5,1,1,-1,-1,-1,-1,-1
10,3,10,5,3,0.2,-1,-1,-1,-1,-1
10,3,10,5,3,0.5,-1,-1,-1,-1,-1
10,3,10,5,3,1,-1,-1,-1,-1,-1
10,3,10,5,5,0.2,-1,-1,-1,-1,-1
10,3,10,5,5,0.5,-1,-1,-1,-1,-1
10,3,10,5,5,1,-1,-1,-1,-1,-1
10,5,3,0.2,1,0.2,113.29,0.325676,12,1470.222931,13.495686
10,5,3,0.2,1,0.5,-1,-1,-1,-1,-1
10,5,3,0.2,1,1,-1,-1,-1,-1,-1
10,5,3,0.2,3,0.2,112.22,0.325696,12,1426.228199,10.288804
10,5,3,0.2,3,0.5,-1,-1,-1,-1,-1
10,5,3,0.2,3,1,-1,-1,-1,-1,-1
10,5,3,0.2,5,0.2,108.62,0.317281,12,1425.761676,6.062103
10,5,3,0.2,5,0.5,-1,-1,-1,-1,-1
10,5,3,0.2,5,1,-1,-1,-1,-1,-1
10,5,3,0.5,1,0.2,105.68,0.32308,8,713.525325,1.833881
10,5,3,0.5,1,0.5,-1,-1,-1,-1,-1
10,5,3,0.5,1,1,-1,-1,-1,-1,-1
10,5,3,0.5,3,0.2,109.62,0.322156,11,713.525325,1.652931
10,5,3,0.5,3,0.5,-1,-1,-1,-1,-1
10,5,3,0.5,3,1,-1,-1,-1,-1,-1
10,5,3,0.5,5,0.2,112.39,0.332237,13,713.525325,1.469362
10,5,3,0.5,5,0.5,108.05,0.337424,20,569.1506,1.644076
10,5,3,0.5,5,1,-1,-1,-1,-1,-1
10,5,3,1,1,0.2,-1,-1,-1,-1,-1
10,5,3,1,1,0.5,-1,-1,-1,-1,-1
10,5,3,1,1,1,-1,-1,-1,-1,-1
10,5,3,1,3,0.2,-1,-1,-1,-1,-1
10,5,3,1,3,0.5,-1,-1,-1,-1,-1
10,5,3,1,3,1,-1,-1,-1,-1,-1
10,5,3,1,5,0.2,-1,-1,-1,-1,-1
10,5,3,1,5,0.5,-1,-1,-1,-1,-1
10,5,3,1,5,1,-1,-1,-1,-1,-1
10,5,3,5,1,0.2,-1,-1,-1,-1,-1
10,5,3,5,1,0.5,-1,-1,-1,-1,-1
10,5,3,5,1,1,-1,-1,-1,-1,-1
10,5,3,5,3,0.2,-1,-1,-1,-1,-1
10,5,3,5,3,0.5,-1,-1,-1,-1,-1
10,5,3,5,3,1,-1,-1,-1,-1,-1
10,5,3,5,5,0.2,-1,-1,-1,-1,-1
10,5,3,5,5,0.5,-1,-1,-1,-1,-1
10,5,3,5,5,1,-1,-1,-1,-1,-1
10,5,5,0.2,1,0.2,58.15,0.315046,2,2920.079232,42.745627
10,5,5,0.2,1,0.5,71.9,0.325525,11,4260.618012,19.514738
10,5,5,0.2,1,1,72.47,0.325139,17,2613.219895,21.571648
10,5,5,0.2,3,0.2,56.09,0.315118,2,2544.635453,47.182952
10,5,5,0.2,3,0.5,72.05,0.326328,11,4279.690015,10.225009
10,5,5,0.2,3,1,72.63,0.328024,16,2576.201965,11.457393
10,5,5,0.2,5,0.2,64.72,0.32345,3,2469.928026,18.851471
10,5,5,0.2,5,0.5,64.65,0.314621,10,4227.650358,18.030216
10,5,5,0.2,5,1,66.26,0.317027,14,4032.818606,14.159246
10,5,5,0.5,1,0.2,88.37,0.396552,7,1071.923081,6.439532
10,5,5,0.5,1,0.5,79.42,0.350745,14,1079.684868,3.12606
10,5,5,0.5,1,1,75.25,0.31718,18,993.798981,3.029415
10,5,5,0.5,3,0.2,64.81,0.345611,2,1071.923081,5.166039
10,5,5,0.5,3,0.5,-1,-1,-1,-1,-1
10,5,5,0.5,3,1,81.29,0.389535,18,1012.944065,3.206524
10,5,5,0.5,5,0.2,63.48,0.369524,3,1071.923081,5.291695
10,5,5,0.5,5,0.5,77.24,0.453632,15,1269.889935,3.951797
10,5,5,0.5,5,1,77.74,0.459894,18,1277.734894,3.286603
10,5,5,1,1,0.2,-1,-1,-1,-1,-1
10,5,5,1,1,0.5,-1,-1,-1,-1,-1
10,5,5,1,1,1,-1,-1,-1,-1,-1
10,5,5,1,3,0.2,-1,-1,-1,-1,-1
10,5,5,1,3,0.5,-1,-1,-1,-1,-1
10,5,5,1,3,1,-1,-1,-1,-1,-1
10,5,5,1,5,0.2,-1,-1,-1,-1,-1
10,5,5,1,5,0.5,-1,-1,-1,-1,-1
10,5,5,1,5,1,-1,-1,-1,-1,-1
10,5,5,5,1,0.2,-1,-1,-1,-1,-1
10,5,5,5,1,0.5,-1,-1,-1,-1,-1
10,5,5,5,1,1,-1,-1,-1,-1,-1
10,5,5,5,3,0.2,-1,-1,-1,-1,-1
10,5,5,5,3,0.5,-1,-1,-1,-1,-1
10,5,5,5,3,1,-1,-1,-1,-1,-1
10,5,5,5,5,0.2,-1,-1,-1,-1,-1
10,5,5,5,5,0.5,-1,-1,-1,-1,-1
10,5,5,5,5,1,-1,-1,-1,-1,-1
10,5,7,0.2,1,0.2,43.93,0.313281,2,4007.71626,83.356487
10,5,7,0.2,1,0.5,50.14,0.318284,6,3519.401275,66.439305
10,5,7,0.2,1,1,54.6,0.325915,11,4837.411392,38.714009
10,5,7,0.2,3,0.2,41.89,0.313136,2,3344.696764,72.756274
10,5,7,0.2,3,0.5,49.7,0.318645,6,3390.868471,58.051545
10,5,7,0.2,3,1,55.48,0.327379,11,4868.163026,26.969066
10,5,7,0.2,5,0.2,51.82,0.326815,1,3321.657413,27.8694
10,5,7,0.2,5,0.5,48.25,0.320876,6,3404.8069,28.242988
10,5,7,0.2,5,1,47.87,0.333925,9,5906.050286,20.173672
10,5,7,0.5,1,0.2,-1,-1,-1,-1,-1
10,5,7,0.5,1,0.5,-1,-1,-1,-1,-1
10,5,7,0.5,1,1,78.93,0.494101,20,1329.051022,5.397367
10,5,7,0.5,3,0.2,-1,-1,-1,-1,-1
10,5,7,0.5,3,0.5,-1,-1,-1,-1,-1
10,5,7,0.5,3,1,-1,-1,-1,-1,-1
10,5,7,0.5,5,0.2,-1,-1,-1,-1,-1
10,5,7,0.5,5,0.5,-1,-1,-1,-1,-1
10,5,7,0.5,5,1,76.92,0.499347,19,1491.479317,4.537461
10,5,7,1,1,0.2,-1,-1,-1,-1,-1
10,5,7,1,1,0.5,-1,-1,-1,-1,-1
10,5,7,1,1,1,-1,-1,-1,-1,-1
10,5,7,1,3,0.2,-1,-1,-1,-1,-1
10,5,7,1,3,0.5,-1,-1,-1,-1,-1
10,5,7,1,3,1,-1,-1,-1,-1,-1
10,5,7,1,5,0.2,-1,-1,-1,-1,-1
10,5,7,1,5,0.5,-1,-1,-1,-1,-1
10,5,7,1,5,1,-1,-1,-1,-1,-1
10,5,7,5,1,0.2,-1,-1,-1,-1,-1
10,5,7,5,1,0.5,-1,-1,-1,-1,-1
10,5,7,5,1,1,-1,-1,-1,-1,-1
10,5,7,5,3,0.2,-1,-1,-1,-1,-1
10,5,7,5,3,0.5,-1,-1,-1,-1,-1
10,5,7,5,3,1,-1,-1,-1,-1,-1
10,5,7,5,5,0.2,-1,-1,-1,-1,-1
10,5,7,5,5,0.5,-1,-1,-1,-1,-1
10,5,7,5,5,1,-1,-1,-1,-1,-1
10,5,10,0.2,1,0.2,33.94,0.30929,2,5577.629214,134.41324
10,5,10,0.2,1,0.5,38.22,0.355824,5,5294.124738,95.756951
10,5,10,0.2,1,1,43.64,0.343382,10,5969.857856,86.500305
10,5,10,0.2,3,0.2,40.26,0.382413,2,5362.323279,60.57058
10,5,10,0.2,3,0.5,37.41,0.382496,4,4909.535769,55.323264
10,5,10,0.2,3,1,43.32,0.405738,9,5077.159007,30.733196
10,5,10,0.2,5,0.2,36.58,0.385509,2,4660.576371,59.653892
10,5,10,0.2,5,0.5,36.16,0.385341,4,4948.682529,59.024188
10,5,10,0.2,5,1,35.12,0.400981,6,5093.555481,43.188228
10,5,10,0.5,1,0.2,-1,-1,-1,-1,-1
10,5,10,0.5,1,0.5,-1,-1,-1,-1,-1
10,5,10,0.5,1,1,-1,-1,-1,-1,-1
10,5,10,0.5,3,0.2,-1,-1,-1,-1,-1
10,5,10,0.5,3,0.5,-1,-1,-1,-1,-1
10,5,10,0.5,3,1,-1,-1,-1,-1,-1
10,5,10,0.5,5,0.2,-1,-1,-1,-1,-1
10,5,10,0.5,5,0.5,-1,-1,-1,-1,-1
10,5,10,0.5,5,1,-1,-1,-1,-1,-1
10,5,10,1,1,0.2,-1,-1,-1,-1,-1
10,5,10,1,1,0.5,-1,-1,-1,-1,-1
10,5,10,1,1,1,-1,-1,-1,-1,-1
10,5,10,1,3,0.2,-1,-1,-1,-1,-1
10,5,10,1,3,0.5,-1,-1,-1,-1,-1
10,5,10,1,3,1,-1,-1,-1,-1,-1
10,5,10,1,5,0.2,-1,-1,-1,-1,-1
10,5,10,1,5,0.5,-1,-1,-1,-1,-1
10,5,10,1,5,1,-1,-1,-1,-1,-1
10,5,10,5,1,0.2,-1,-1,-1,-1,-1
10,5,10,5,1,0.5,-1,-1,-1,-1,-1
10,5,10,5,1,1,-1,-1,-1,-1,-1
10,5,10,5,3,0.2,-1,-1,-1,-1,-1
10,5,10,5,3,0.5,-1,-1,-1,-1,-1
10,5,10,5,3,1,-1,-1,-1,-1,-1
10,5,10,5,5,0.2,-1,-1,-1,-1,-1
10,5,10,5,5,0.5,-1,-1,-1,-1,-1
10,5,10,5,5,1,-1,-1,-1,-1,-1
15,1,3,0.2,1,0.2,20.83,0,0,634.580883,3.829786
15,1,3,0.2,1,0.5,20.83,0,0,634.580883,3.829786
15,1,3,0.2,1,1,20.83,0,0,634.580883,3.829786
15,1,3,0.2,3,0.2,20.17,0,0,634.580883,3.955166
15,1,3,0.2,3,0.5,20.17,0,0,634.580883,3.955166
15,1,3,0.2,3,1,20.17,0,0,634.580883,3.955166
15,1,3,0.2,5,0.2,19.5,0,0,634.580883,4.091131
15,1,3,0.2,5,0.5,19.5,0,0,634.580883,4.091131
15,1,3,0.2,5,1,19.5,0,0,634.580883,4.091131
15,1,3,0.5,1,0.2,21.81,0.090019,0,281.59277,1.90717
15,1,3,0.5,1,0.5,21.81,0.090019,0,281.59277,1.90717
15,1,3,0.5,1,1,21.81,0.090019,0,281.59277,1.90717
15,1,3,0.5,3,0.2,21.15,0.090019,0,281.59277,1.966681
15,1,3,0.5,3,0.5,21.15,0.090019,0,281.59277,1.966681
15,1,3,0.5,3,1,21.15,0.090019,0,281.59277,1.966681
15,1,3,0.5,5,0.2,20.48,0.090019,0,281.59277,2.030927
15,1,3,0.5,5,0.5,20.48,0.090019,0,281.59277,2.030927
15,1,3,0.5,5,1,20.48,0.090019,0,281.59277,2.030927
15,1,3,1,1,0.2,23.13,0.28734,0,180.561818,1.043771
15,1,3,1,1,0.5,23.13,0.28734,0,180.561818,1.043771
15,1,3,1,1,1,23.13,0.28734,0,180.561818,1.043771
15,1,3,1,3,0.2,22.46,0.28734,0,180.561818,1.074497
15,1,3,1,3,0.5,22.46,0.28734,0,180.561818,1.074497
15,1,3,1,3,1,22.46,0.28734,0,180.561818,1.074497
15,1,3,1,5,0.2,21.79,0.28734,0,180.561818,1.106707
15,1,3,1,5,0.5,21.79,0.28734,0,180.561818,1.106707
15,1,3,1,5,1,21.79,0.28734,0,180.561818,1.106707
15,1,3,5,1,0.2,-1,-1,-1,-1,-1
15,1,3,5,1,0.5,-1,-1,-1,-1,-1
15,1,3,5,1,1,-1,-1,-1,-1,-1
15,1,3,5,3,0.2,-1,-1,-1,-1,-1
15,1,3,5,3,0.5,-1,-1,-1,-1,-1
15,1,3,5,3,1,26.47,0.405325,1,25.866313,0.127683
15,1,3,5,5,0.2,-1,-1,-1,-1,-1
15,1,3,5,5,0.5,-1,-1,-1,-1,-1
15,1,3,5,5,1,26.69,0.272969,1,29.558103,0.180011
15,1,5,0.2,1,0.2,12.75,0.016505,0,1071.534431,12.020751
15,1,5,0.2,1,0.5,12.75,0.016505,0,1071.534431,12.020751
15,1,5,0.2,1,1,12.75,0.016505,0,1071.534431,12.020751
15,1,5,0.2,3,0.2,12.35,0.016505,0,1071.534431,12.410398
15,1,5,0.2,3,0.5,12.35,0.016505,0,1071.534431,12.410398
15,1,5,0.2,3,1,12.35,0.016505,0,1071.534431,12.410398
15,1,5,0.2,5,0.2,11.95,0.016505,0,1071.534431,12.826119
15,1,5,0.2,5,0.5,11.95,0.016505,0,1071.534431,12.826119
15,1,5,0.2,5,1,11.95,0.016505,0,1071.534431,12.826119
15,1,5,0.5,1,0.2,13.66,0.083073,0,608.832775,5.608062
15,1,5,0.5,1,0.5,13.66,0.083073,0,608.832775,5.608062
15,1,5,0.5,1,1,13.66,0.083073,0,608.832775,5.608062
15,1,5,0.5,3,0.2,13.26,0.083073,0,608.832775,5.776045
15,1,5,0.5,3,0.5,13.26,0.083073,0,608.832775,5.776045
15,1,5,0.5,3,1,13.26,0.083073,0,608.832775,5.776045
15,1,5,0.5,5,0.2,12.86,0.083073,0,608.832775,5.952841
15,1,5,0.5,5,0.5,12.86,0.083073,0,608.832775,5.952841
15,1,5,0.5,5,1,12.86,0.083073,0,608.832775,5.952841
15,1,5,1,1,0.2,14.34,0,0,223.189351,2.193631
15,1,5,1,1,0.5,14.34,0,0,223.189351,2.193631
15,1,5,1,1,1,14.34,0,0,223.189351,2.193631
15,1,5,1,3,0.2,13.94,0,0,223.189351,2.253922
15,1,5,1,3,0.5,13.94,0,0,223.189351,2.253922
15,1,5,1,3,1,13.94,0,0,223.189351,2.253922
15,1,5,1,5,0.2,13.53,0,0,223.189351,2.318624
15,1,5,1,5,0.5,13.53,0,0,223.189351,2.318624
15,1,5,1,5,1,13.53,0,0,223.189351,2.318624
15,1,5,5,1,0.2,-1,-1,-1,-1,-1
15,1,5,5,1,0.5,-1,-1,-1,-1,-1
15,1,5,5,1,1,-1,-1,-1,-1,-1
15,1,5,5,3,0.2,-1,-1,-1,-1,-1
15,1,5,5,3,0.5,-1,-1,-1,-1,-1
15,1,5,5,3,1,-1,-1,-1,-1,-1
15,1,5,5,5,0.2,-1,-1,-1,-1,-1
15,1,5,5,5,0.5,-1,-1,-1,-1,-1
15,1,5,5,5,1,-1,-1,-1,-1,-1
15,1,7,0.2,1,0.2,9.3,0.090305,0,1590.254362,25.336638
15,1,7,0.2,1,0.5,9.3,0.090305,0,1590.254362,25.336638
15,1,7,0.2,1,1,9.3,0.090305,0,1590.254362,25.336638
15,1,7,0.2,3,0.2,9.01,0.090305,0,1590.254362,26.152797
15,1,7,0.2,3,0.5,9.01,0.090305,0,1590.254362,26.152797
15,1,7,0.2,3,1,9.01,0.090305,0,1590.254362,26.152797
15,1,7,0.2,5,0.2,8.73,0.090305,0,1590.254362,26.99153
15,1,7,0.2,5,0.5,8.73,0.090305,0,1590.254362,26.99153
15,1,7,0.2,5,1,8.73,0.090305,0,1590.254362,26.99153
15,1,7,0.5,1,0.2,10.02,0.45609,0,911.631315,11.017179
15,1,7,0.5,1,0.5,10.02,0.45609,0,911.631315,11.017179
15,1,7,0.5,1,1,10.02,0.45609,0,911.631315,11.017179
15,1,7,0.5,3,0.2,9.73,0.45609,0,911.631315,11.339499
15,1,7,0.5,3,0.5,9.73,0.45609,0,911.631315,11.339499
15,1,7,0.5,3,1,9.73,0.45609,0,911.631315,11.339499
15,1,7,0.5,5,0.2,9.44,0.45609,0,911.631315,11.676406
15,1,7,0.5,5,0.5,9.44,0.45609,0,911.631315,11.676406
15,1,7,0.5,5,1,9.44,0.45609,0,911.631315,11.676406
15,1,7,1,1,0.2,10.59,0.178472,0,345.063776,4.366623
15,1,7,1,1,0.5,10.59,0.178472,0,345.063776,4.366623
15,1,7,1,1,1,10.59,0.178472,0,345.063776,4.366623
15,1,7,1,3,0.2,10.29,0.178472,0,345.063776,4.48008
15,1,7,1,3,0.5,10.29,0.178472,0,345.063776,4.48008
15,1,7,1,3,1,10.29,0.178472,0,345.063776,4.48008
15,1,7,1,5,0.2,9.99,0.178472,0,345.063776,4.604057
15,1,7,1,5,0.5,9.99,0.178472,0,345.063776,4.604057
15,1,7,1,5,1,9.99,0.178472,0,345.063776,4.604057
15,1,7,5,1,0.2,-1,-1,-1,-1,-1
15,1,7,5,1,0.5,-1,-1,-1,-1,-1
15,1,7,5,1,1,-1,-1,-1,-1,-1
15,1,7,5,3,0.2,-1,-1,-1,-1,-1
15,1,7,5,3,0.5,-1,-1,-1,-1,-1
15,1,7,5,3,1,-1,-1,-1,-1,-1
15,1,7,5,5,0.2,-1,-1,-1,-1,-1
15,1,7,5,5,0.5,-1,-1,-1,-1,-1
15,1,7,5,5,1,-1,-1,-1,-1,-1
15,1,10,0.2,1,0.2,6.68,0.116223,0,2749.873953,54.521377
15,1,10,0.2,1,0.5,6.68,0.116223,0,2749.873953,54.521377
15,1,10,0.2,1,1,6.68,0.116223,0,2749.873953,54.521377
15,1,10,0.2,3,0.2,6.48,0.116223,0,2749.873953,56.201905
15,1,10,0.2,3,0.5,6.48,0.116223,0,2749.873953,56.201905
15,1,10,0.2,3,1,6.48,0.116223,0,2749.873953,56.201905
15,1,10,0.2,5,0.2,6.28,0.116223,0,2749.873953,57.980805
15,1,10,0.2,5,0.5,6.28,0.116223,0,2749.873953,57.980805
15,1,10,0.2,5,1,6.28,0.116223,0,2749.873953,57.980805
15,1,10,0.5,1,0.2,7.17,0,0,905.07098,17.524384
15,1,10,0.5,1,0.5,7.17,0,0,905.07098,17.524384
15,1,10,0.5,1,1,7.17,0,0,905.07098,17.524384
15,1,10,0.5,3,0.2,6.97,0,0,905.07098,18.006201
15,1,10,0.5,3,0.5,6.97,0,0,905.07098,18.006201
15,1,10,0.5,3,1,6.97,0,0,905.07098,18.006201
15,1,10,0.5,5,0.2,6.77,0,0,905.07098,18.509904
15,1,10,0.5,5,0.5,6.77,0,0,905.07098,18.509904
15,1,10,0.5,5,1,6.77,0,0,905.07098,18.509904
15,1,10,1,1,0.2,-1,-1,-1,-1,-1
15,1,10,1,1,0.5,-1,-1,-1,-1,-1
15,1,10,1,1,1,-1,-1,-1,-1,-1
15,1,10,1,3,0.2,-1,-1,-1,-1,-1
15,1,10,1,3,0.5,-1,-1,-1,-1,-1
15,1,10,1,3,1,-1,-1,-1,-1,-1
15,1,10,1,5,0.2,-1,-1,-1,-1,-1
15,1,10,1,5,0.5,-1,-1,-1,-1,-1
15,1,10,1,5,1,-1,-1,-1,-1,-1
15,1,10,5,1,0.2,-1,-1,-1,-1,-1
15,1,10,5,1,0.5,-1,-1,-1,-1,-1
15,1,10,5,1,1,-1,-1,-1,-1,-1
15,1,10,5,3,0.2,-1,-1,-1,-1,-1
15,1,10,5,3,0.5,-1,-1,-1,-1,-1
15,1,10,5,3,1,-1,-1,-1,-1,-1
15,1,10,5,5,0.2,-1,-1,-1,-1,-1
15,1,10,5,5,0.5,-1,-1,-1,-1,-1
15,1,10,5,5,1,-1,-1,-1,-1,-1
15,3,3,0.2,1,0.2,63.24,0.421634,2,2287.173794,36.093199
15,3,3,0.2,1,0.5,53.88,0.417892,3,1489.555148,22.524579
15,3,3,0.2,1,1,53.5,0.427295,4,2006.843292,16.00521
15,3,3,0.2,3,0.2,52.71,0.42104,1,2287.173794,28.167219
15,3,3,0.2,3,0.5,53.91,0.416575,3,1489.555148,22.768821
15,3,3,0.2,3,1,53.7,0.427009,4,2006.843292,16.194998
15,3,3,0.2,5,0.2,49.47,0.402798,1,2287.173794,31.511395
15,3,3,0.2,5,0.5,50.24,0.402804,2,1880.413116,25.167074
15,3,3,0.2,5,1,49.91,0.402792,4,2006.843292,18.196561
15,3,3,0.5,1,0.2,65,0.431856,2,643.97925,4.936004
15,3,3,0.5,1,0.5,53.79,0.432174,3,810.278329,4.33768
15,3,3,0.5,1,1,52.83,0.432149,3,707.584131,3.318595
15,3,3,0.5,3,0.2,51.9,0.416066,1,577.114948,4.624512
15,3,3,0.5,3,0.5,51.28,0.415953,1,810.278329,4.188941
15,3,3,0.5,3,1,51.53,0.40734,3,707.584131,3.247553
15,3,3,0.5,5,0.2,49.95,0.416934,1,766.936794,5.347161
15,3,3,0.5,5,0.5,49.38,0.417096,1,810.278329,4.89839
15,3,3,0.5,5,1,48.56,0.415987,1,769.11253,3.78669
15,3,3,1,1,0.2,69.25,0.462219,2,560.727354,1.482595
15,3,3,1,1,0.5,58.35,0.462234,2,263.442864,1.186682
15,3,3,1,1,1,56.05,0.41137,3,276.171167,1.051513
15,3,3,1,3,0.2,-1,-1,-1,-1,-1
15,3,3,1,3,0.5,-1,-1,-1,-1,-1
15,3,3,1,3,1,74.87,0.470314,3,297.937024,0.839715
15,3,3,1,5,0.2,-1,-1,-1,-1,-1
15,3,3,1,5,0.5,-1,-1,-1,-1,-1
15,3,3,1,5,1,-1,-1,-1,-1,-1
15,3,3,5,1,0.2,-1,-1,-1,-1,-1
15,3,3,5,1,0.5,-1,-1,-1,-1,-1
15,3,3,5,1,1,-1,-1,-1,-1,-1
15,3,3,5,3,0.2,-1,-1,-1,-1,-1
15,3,3,5,3,0.5,-1,-1,-1,-1,-1
15,3,3,5,3,1,-1,-1,-1,-1,-1
15,3,3,5,5,0.2,-1,-1,-1,-1,-1
15,3,3,5,5,0.5,-1,-1,-1,-1,-1
15,3,3,5,5,1,-1,-1,-1,-1,-1
15,3,5,0.2,1,0.2,40.66,0.448547,2,2561.768725,108.506592
15,3,5,0.2,1,0.5,33.23,0.447205,2,2559.453219,69.699628
15,3,5,0.2,1,1,34.04,0.446785,2,3802.215454,57.215178
15,3,5,0.2,3,0.2,32.97,0.417685,1,2561.768725,80.993048
15,3,5,0.2,3,0.5,32.63,0.4177,1,2559.453219,69.104204
15,3,5,0.2,3,1,33.37,0.417554,3,3802.215454,58.125836
15,3,5,0.2,5,0.2,29.26,0.421476,1,3149.669095,96.03008
15,3,5,0.2,5,0.5,28.91,0.421502,1,3143.851878,82.78439
15,3,5,0.2,5,1,28.53,0.421357,1,3802.215454,71.254588
15,3,5,0.5,1,0.2,-1,-1,-1,-1,-1
15,3,5,0.5,1,0.5,-1,-1,-1,-1,-1
15,3,5,0.5,1,1,-1,-1,-1,-1,-1
15,3,5,0.5,3,0.2,-1,-1,-1,-1,-1
15,3,5,0.5,3,0.5,-1,-1,-1,-1,-1
15,3,5,0.5,3,1,-1,-1,-1,-1,-1
15,3,5,0.5,5,0.2,33.37,0.440724,1,1285.413493,13.684947
15,3,5,0.5,5,0.5,33.02,0.438607,1,1279.424523,11.754138
15,3,5,0.5,5,1,35.27,0.443658,3,1278.761838,8.741601
15,3,5,1,1,0.2,-1,-1,-1,-1,-1
15,3,5,1,1,0.5,-1,-1,-1,-1,-1
15,3,5,1,1,1,60.63,0.495085,4,742.670886,3.741333
15,3,5,1,3,0.2,-1,-1,-1,-1,-1
15,3,5,1,3,0.5,-1,-1,-1,-1,-1
15,3,5,1,3,1,-1,-1,-1,-1,-1
15,3,5,1,5,0.2,-1,-1,-1,-1,-1
15,3,5,1,5,0.5,-1,-1,-1,-1,-1
15,3,5,1,5,1,-1,-1,-1,-1,-1
15,3,5,5,1,0.2,-1,-1,-1,-1,-1
15,3,5,5,1,0.5,-1,-1,-1,-1,-1
15,3,5,5,1,1,-1,-1,-1,-1,-1
15,3,5,5,3,0.2,-1,-1,-1,-1,-1
15,3,5,5,3,0.5,-1,-1,-1,-1,-1
15,3,5,5,3,1,-1,-1,-1,-1,-1
15,3,5,5,5,0.2,-1,-1,-1,-1,-1
15,3,5,5,5,0.5,-1,-1,-1,-1,-1
15,3,5,5,5,1,-1,-1,-1,-1,-1
15,3,7,0.2,1,0.2,31.2,0.421331,2,6964.112729,215.59768
15,3,7,0.2,1,0.5,30.58,0.421333,2,6964.112729,193.667204
15,3,7,0.2,1,1,24.9,0.431557,2,6964.112729,133.291137
15,3,7,0.2,3,0.2,23.93,0.417057,1,6964.112729,166.863523
15,3,7,0.2,3,0.5,23.71,0.417039,1,6964.112729,154.302896
15,3,7,0.2,3,1,23.43,0.417033,1,6964.112729,138.117982
15,3,7,0.2,5,0.2,22.88,0.42411,1,6964.112729,181.182472
15,3,7,0.2,5,0.5,21.87,0.417366,1,6964.112729,176.005895
15,3,7,0.2,5,1,21.6,0.417677,1,6964.112729,158.919548
15,3,7,0.5,1,0.2,34.87,0.495723,2,2343.574504,34.434348
15,3,7,0.5,1,0.5,32.49,0.495632,2,1350.194753,19.246114
15,3,7,0.5,1,1,27.37,0.498232,2,1246.997887,14.977404
15,3,7,0.5,3,0.2,-1,-1,-1,-1,-1
15,3,7,0.5,3,0.5,-1,-1,-1,-1,-1
15,3,7,0.5,3,1,-1,-1,-1,-1,-1
15,3,7,0.5,5,0.2,-1,-1,-1,-1,-1
15,3,7,0.5,5,0.5,-1,-1,-1,-1,-1
15,3,7,0.5,5,1,-1,-1,-1,-1,-1
15,3,7,1,1,0.2,-1,-1,-1,-1,-1
15,3,7,1,1,0.5,-1,-1,-1,-1,-1
15,3,7,1,1,1,-1,-1,-1,-1,-1
15,3,7,1,3,0.2,-1,-1,-1,-1,-1
15,3,7,1,3,0.5,-1,-1,-1,-1,-1
15,3,7,1,3,1,-1,-1,-1,-1,-1
15,3,7,1,5,0.2,-1,-1,-1,-1,-1
15,3,7,1,5,0.5,-1,-1,-1,-1,-1
15,3,7,1,5,1,-1,-1,-1,-1,-1
15,3,7,5,1,0.2,-1,-1,-1,-1,-1
15,3,7,5,1,0.5,-1,-1,-1,-1,-1
15,3,7,5,1,1,-1,-1,-1,-1,-1
15,3,7,5,3,0.2,-1,-1,-1,-1,-1
15,3,7,5,3,0.5,-1,-1,-1,-1,-1
15,3,7,5,3,1,-1,-1,-1,-1,-1
15,3,7,5,5,0.2,-1,-1,-1,-1,-1
15,3,7,5,5,0.5,-1,-1,-1,-1,-1
15,3,7,5,5,1,-1,-1,-1,-1,-1
15,3,10,0.2,1,0.2,-1,-1,-1,-1,-1
15,3,10,0.2,1,0.5,-1,-1,-1,-1,-1
15,3,10,0.2,1,1,-1,-1,-1,-1,-1
15,3,10,0.2,3,0.2,18.34,0.484358,1,7281.937494,304.94544
15,3,10,0.2,3,0.5,18.07,0.497519,1,7281.937494,285.455256
15,3,10,0.2,3,1,17.79,0.499609,1,7281.937494,266.168954
15,3,10,0.2,5,0.2,17.8,0.401379,1,7281.937494,319.623722
15,3,10,0.2,5,0.5,17.61,0.401243,1,7281.937494,298.547696
15,3,10,0.2,5,1,17.38,0.401233,1,7281.937494,277.80332
15,3,10,0.5,1,0.2,-1,-1,-1,-1,-1
15,3,10,0.5,1,0.5,-1,-1,-1,-1,-1
15,3,10,0.5,1,1,-1,-1,-1,-1,-1
15,3,10,0.5,3,0.2,-1,-1,-1,-1,-1
15,3,10,0.5,3,0.5,-1,-1,-1,-1,-1
15,3,10,0.5,3,1,-1,-1,-1,-1,-1
15,3,10,0.5,5,0.2,-1,-1,-1,-1,-1
15,3,10,0.5,5,0.5,-1,-1,-1,-1,-1
15,3,10,0.5,5,1,-1,-1,-1,-1,-1
15,3,10,1,1,0.2,-1,-1,-1,-1,-1
15,3,10,1,1,0.5,-1,-1,-1,-1,-1
15,3,10,1,1,1,-1,-1,-1,-1,-1
15,3,10,1,3,0.2,-1,-1,-1,-1,-1
15,3,10,1,3,0.5,-1,-1,-1,-1,-1
15,3,10,1,3,1,-1,-1,-1,-1,-1
15,3,10,1,5,0.2,-1,-1,-1,-1,-1
15,3,10,1,5,0.5,-1,-1,-1,-1,-1
15,3,10,1,5,1,-1,-1,-1,-1,-1
15,3,10,5,1,0.2,-1,-1,-1,-1,-1
15,3,10,5,1,0.5,-1,-1,-1,-1,-1
15,3,10,5,1,1,-1,-1,-1,-1,-1
15,3,10,5,3,0.2,-1,-1,-1,-1,-1
15,3,10,5,3,0.5,-1,-1,-1,-1,-1
15,3,10,5,3,1,-1,-1,-1,-1,-1
15,3,10,5,5,0.2,-1,-1,-1,-1,-1
15,3,10,5,5,0.5,-1,-1,-1,-1,-1
15,3,10,5,5,1,-1,-1,-1,-1,-1
15,5,3,0.2,1,0.2,116.71,0.321305,12,1457.134599,4.130667
15,5,3,0.2,1,0.5,134.02,0.260409,20,2191.734758,7.168616
15,5,3,0.2,1,1,-1,-1,-1,-1,-1
15,5,3,0.2,3,0.2,112.72,0.320912,12,1427.391955,4.217273
15,5,3,0.2,3,0.5,131.89,0.260409,19,2192.587974,7.892774
15,5,3,0.2,3,1,-1,-1,-1,-1,-1
15,5,3,0.2,5,0.2,-1,-1,-1,-1,-1
15,5,3,0.2,5,0.5,130.47,0.238318,19,1414.678877,5.677656
15,5,3,0.2,5,1,-1,-1,-1,-1,-1
15,5,3,0.5,1,0.2,115.79,0.327341,10,570.620677,1.38055
15,5,3,0.5,1,0.5,131.54,0.26262,15,1002.821804,3.398019
15,5,3,0.5,1,1,-1,-1,-1,-1,-1
15,5,3,0.5,3,0.2,113.14,0.328333,11,572.127567,1.52687
15,5,3,0.5,3,0.5,-1,-1,-1,-1,-1
15,5,3,0.5,3,1,-1,-1,-1,-1,-1
15,5,3,0.5,5,0.2,-1,-1,-1,-1,-1
15,5,3,0.5,5,0.5,136.69,0.254753,18,663.231834,2.085622
15,5,3,0.5,5,1,-1,-1,-1,-1,-1
15,5,3,1,1,0.2,-1,-1,-1,-1,-1
15,5,3,1,1,0.5,-1,-1,-1,-1,-1
15,5,3,1,1,1,-1,-1,-1,-1,-1
15,5,3,1,3,0.2,-1,-1,-1,-1,-1
15,5,3,1,3,0.5,-1,-1,-1,-1,-1
15,5,3,1,3,1,-1,-1,-1,-1,-1
15,5,3,1,5,0.2,-1,-1,-1,-1,-1
15,5,3,1,5,0.5,-1,-1,-1,-1,-1
15,5,3,1,5,1,-1,-1,-1,-1,-1
15,5,3,5,1,0.2,-1,-1,-1,-1,-1
15,5,3,5,1,0.5,-1,-1,-1,-1,-1
15,5,3,5,1,1,-1,-1,-1,-1,-1
15,5,3,5,3,0.2,-1,-1,-1,-1,-1
15,5,3,5,3,0.5,-1,-1,-1,-1,-1
15,5,3,5,3,1,-1,-1,-1,-1,-1
15,5,3,5,5,0.2,-1,-1,-1,-1,-1
15,5,3,5,5,0.5,-1,-1,-1,-1,-1
15,5,3,5,5,1,-1,-1,-1,-1,-1
15,5,5,0.2,1,0.2,71.72,0.356697,4,2408.222451,12.918704
15,5,5,0.2,1,0.5,74.47,0.330158,12,4605.527775,14.657977
15,5,5,0.2,1,1,93.12,0.257705,17,5073.198128,41.022242
15,5,5,0.2,3,0.2,69.98,0.349529,4,2408.222451,13.761406
15,5,5,0.2,3,0.5,70.32,0.33033,11,4613.141661,8.982405
15,5,5,0.2,3,1,93.29,0.257705,18,4985.700301,61.568752
15,5,5,0.2,5,0.2,54.42,0.318049,1,2408.222451,19.050964
15,5,5,0.2,5,0.5,-1,-1,-1,-1,-1
15,5,5,0.2,5,1,86.02,0.369118,15,3440.263364,11.470328
15,5,5,0.5,1,0.2,79.7,0.397206,6,992.528259,3.495424
15,5,5,0.5,1,0.5,-1,-1,-1,-1,-1
15,5,5,0.5,1,1,76.84,0.386973,18,940.712998,2.854646
15,5,5,0.5,3,0.2,80.61,0.396512,8,992.528259,3.511224
15,5,5,0.5,3,0.5,83.51,0.406314,16,953.339664,2.859188
15,5,5,0.5,3,1,90.72,0.391276,14,947.066624,4.666199
15,5,5,0.5,5,0.2,-1,-1,-1,-1,-1
15,5,5,0.5,5,0.5,-1,-1,-1,-1,-1
15,5,5,0.5,5,1,93.42,0.387112,17,982.193797,4.049823
15,5,5,1,1,0.2,-1,-1,-1,-1,-1
15,5,5,1,1,0.5,-1,-1,-1,-1,-1
15,5,5,1,1,1,-1,-1,-1,-1,-1
15,5,5,1,3,0.2,-1,-1,-1,-1,-1
15,5,5,1,3,0.5,-1,-1,-1,-1,-1
15,5,5,1,3,1,-1,-1,-1,-1,-1
15,5,5,1,5,0.2,-1,-1,-1,-1,-1
15,5,5,1,5,0.5,-1,-1,-1,-1,-1
15,5,5,1,5,1,-1,-1,-1,-1,-1
15,5,5,5,1,0.2,-1,-1,-1,-1,-1
15,5,5,5,1,0.5,-1,-1,-1,-1,-1
15,5,5,5,1,1,-1,-1,-1,-1,-1
15,5,5,5,3,0.2,-1,-1,-1,-1,-1
15,5,5,5,3,0.5,-1,-1,-1,-1,-1
15,5,5,5,3,1,-1,-1,-1,-1,-1
15,5,5,5,5,0.2,-1,-1,-1,-1,-1
15,5,5,5,5,0.5,-1,-1,-1,-1,-1
15,5,5,5,5,1,-1,-1,-1,-1,-1
15,5,7,0.2,1,0.2,62.98,0.338279,3,7120.098398,109.399827
15,5,7,0.2,1,0.5,51,0.318068,5,3376.512927,22.643988
15,5,7,0.2,1,1,65.64,0.322714,9,5333.322632,21.692027
15,5,7,0.2,3,0.2,41.64,0.320909,1,3352.199675,35.141181
15,5,7,0.2,3,0.5,51.78,0.324033,6,3539.062482,27.350158
15,5,7,0.2,3,1,53.95,0.333629,10,4462.564869,48.023697
15,5,7,0.2,5,0.2,40.63,0.320116,1,3351.517628,36.725281
15,5,7,0.2,5,0.5,-1,-1,-1,-1,-1
15,5,7,0.2,5,1,-1,-1,-1,-1,-1
15,5,7,0.5,1,0.2,-1,-1,-1,-1,-1
15,5,7,0.5,1,0.5,101.28,0.400095,18,1503.630304,9.956477
15,5,7,0.5,1,1,-1,-1,-1,-1,-1
15,5,7,0.5,3,0.2,-1,-1,-1,-1,-1
15,5,7,0.5,3,0.5,-1,-1,-1,-1,-1
15,5,7,0.5,3,1,-1,-1,-1,-1,-1
15,5,7,0.5,5,0.2,-1,-1,-1,-1,-1
15,5,7,0.5,5,0.5,-1,-1,-1,-1,-1
15,5,7,0.5,5,1,-1,-1,-1,-1,-1
15,5,7,1,1,0.2,-1,-1,-1,-1,-1
15,5,7,1,1,0.5,-1,-1,-1,-1,-1
15,5,7,1,1,1,-1,-1,-1,-1,-1
15,5,7,1,3,0.2,-1,-1,-1,-1,-1
15,5,7,1,3,0.5,-1,-1,-1,-1,-1
15,5,7,1,3,1,-1,-1,-1,-1,-1
15,5,7,1,5,0.2,-1,-1,-1,-1,-1
15,5,7,1,5,0.5,-1,-1,-1,-1,-1
15,5,7,1,5,1,-1,-1,-1,-1,-1
15,5,7,5,1,0.2,-1,-1,-1,-1,-1
15,5,7,5,1,0.5,-1,-1,-1,-1,-1
15,5,7,5,1,1,-1,-1,-1,-1,-1
15,5,7,5,3,0.2,-1,-1,-1,-1,-1
15,5,7,5,3,0.5,-1,-1,-1,-1,-1
15,5,7,5,3,1,-1,-1,-1,-1,-1
15,5,7,5,5,0.2,-1,-1,-1,-1,-1
15,5,7,5,5,0.5,-1,-1,-1,-1,-1
15,5,7,5,5,1,-1,-1,-1,-1,-1
15,5,10,0.2,1,0.2,47.76,0.337516,3,10226.74012,221.441609
15,5,10,0.2,1,0.5,39.08,0.390535,4,5015.714702,48.259981
15,5,10,0.2,1,1,41.05,0.342665,9,6295.431277,91.53202
15,5,10,0.2,3,0.2,32.91,0.321203,1,4787.50357,64.309714
15,5,10,0.2,3,0.5,40.87,0.371324,5,4846.376816,47.628538
15,5,10,0.2,3,1,44.39,0.405665,8,5087.071307,35.307634
15,5,10,0.2,5,0.2,31.6,0.326003,1,4793.619049,69.128354
15,5,10,0.2,5,0.5,-1,-1,-1,-1,-1
15,5,10,0.2,5,1,-1,-1,-1,-1,-1
15,5,10,0.5,1,0.2,-1,-1,-1,-1,-1
15,5,10,0.5,1,0.5,-1,-1,-1,-1,-1
15,5,10,0.5,1,1,-1,-1,-1,-1,-1
15,5,10,0.5,3,0.2,-1,-1,-1,-1,-1
15,5,10,0.5,3,0.5,-1,-1,-1,-1,-1
15,5,10,0.5,3,1,-1,-1,-1,-1,-1
15,5,10,0.5,5,0.2,-1,-1,-1,-1,-1
15,5,10,0.5,5,0.5,-1,-1,-1,-1,-1
15,5,10,0.5,5,1,-1,-1,-1,-1,-1
15,5,10,1,1,0.2,-1,-1,-1,-1,-1
15,5,10,1,1,0.5,-1,-1,-1,-1,-1
15,5,10,1,1,1,-1,-1,-1,-1,-1
15,5,10,1,3,0.2,-1,-1,-1,-1,-1
15,5,10,1,3,0.5,-1,-1,-1,-1,-1
15,5,10,1,3,1,-1,-1,-1,-1,-1
15,5,10,1,5,0.2,-1,-1,-1,-1,-1
15,5,10,1,5,0.5,-1,-1,-1,-1,-1
15,5,10,1,5,1,-1,-1,-1,-1,-1
15,5,10,5,1,0.2,-1,-1,-1,-1,-1
15,5,10,5,1,0.5,-1,-1,-1,-1,-1
15,5,10,5,1,1,-1,-1,-1,-1,-1
15,5,10,5,3,0.2,-1,-1,-1,-1,-1
15,5,10,5,3,0.5,-1,-1,-1,-1,-1
15,5,10,5,3,1,-1,-1,-1,-1,-1
15,5,10,5,5,0.2,-1,-1,-1,-1,-1
15,5,10,5,5,0.5,-1,-1,-1,-1,-1
15,5,10,5,5,1,-1,-1,-1,-1,-1
20,1,3,0.2,1,0.2,20.83,0,0,634.580883,3.829786
20,1,3,0.2,1,0.5,20.83,0,0,634.580883,3.829786
20,1,3,0.2,1,1,20.83,0,0,634.580883,3.829786
20,1,3,0.2,3,0.2,20.17,0,0,634.580883,3.955166
20,1,3,0.2,3,0.5,20.17,0,0,634.580883,3.955166
20,1,3,0.2,3,1,20.17,0,0,634.580883,3.955166
20,1,3,0.2,5,0.2,19.5,0,0,634.580883,4.091131
20,1,3,0.2,5,0.5,19.5,0,0,634.580883,4.091131
20,1,3,0.2,5,1,19.5,0,0,634.580883,4.091131
20,1,3,0.5,1,0.2,21.81,0.090019,0,281.59277,1.90717
20,1,3,0.5,1,0.5,21.81,0.090019,0,281.59277,1.90717
20,1,3,0.5,1,1,21.81,0.090019,0,281.59277,1.90717
20,1,3,0.5,3,0.2,21.15,0.090019,0,281.59277,1.966681
20,1,3,0.5,3,0.5,21.15,0.090019,0,281.59277,1.966681
20,1,3,0.5,3,1,21.15,0.090019,0,281.59277,1.966681
20,1,3,0.5,5,0.2,20.48,0.090019,0,281.59277,2.030927
20,1,3,0.5,5,0.5,20.48,0.090019,0,281.59277,2.030927
20,1,3,0.5,5,1,20.48,0.090019,0,281.59277,2.030927
20,1,3,1,1,0.2,23.13,0.28734,0,180.561818,1.043771
20,1,3,1,1,0.5,23.13,0.28734,0,180.561818,1.043771
20,1,3,1,1,1,23.13,0.28734,0,180.561818,1.043771
20,1,3,1,3,0.2,22.46,0.28734,0,180.561818,1.074497
20,1,3,1,3,0.5,22.46,0.28734,0,180.561818,1.074497
20,1,3,1,3,1,22.46,0.28734,0,180.561818,1.074497
20,1,3,1,5,0.2,21.79,0.28734,0,180.561818,1.106707
20,1,3,1,5,0.5,21.79,0.28734,0,180.561818,1.106707
20,1,3,1,5,1,21.79,0.28734,0,180.561818,1.106707
20,1,3,5,1,0.2,-1,-1,-1,-1,-1
20,1,3,5,1,0.5,-1,-1,-1,-1,-1
20,1,3,5,1,1,-1,-1,-1,-1,-1
20,1,3,5,3,0.2,-1,-1,-1,-1,-1
20,1,3,5,3,0.5,-1,-1,-1,-1,-1
20,1,3,5,3,1,26.47,0.405325,1,25.866313,0.127683
20,1,3,5,5,0.2,-1,-1,-1,-1,-1
20,1,3,5,5,0.5,-1,-1,-1,-1,-1
20,1,3,5,5,1,26.69,0.272969,1,29.558103,0.180011
20,1,5,0.2,1,0.2,12.75,0.016505,0,1071.534431,12.020751
20,1,5,0.2,1,0.5,12.75,0.016505,0,1071.534431,12.020751
20,1,5,0.2,1,1,12.75,0.016505,0,1071.534431,12.020751
20,1,5,0.2,3,0.2,12.35,0.016505,0,1071.534431,12.410398
20,1,5,0.2,3,0.5,12.35,0.016505,0,1071.534431,12.410398
20,1,5,0.2,3,1,12.35,0.016505,0,1071.534431,12.410398
20,1,5,0.2,5,0.2,11.95,0.016505,0,1071.534431,12.826119
20,1,5,0.2,5,0.5,11.95,0.016505,0,1071.534431,12.826119
20,1,5,0.2,5,1,11.95,0.016505,0,1071.534431,12.826119
20,1,5,0.5,1,0.2,13.66,0.083073,0,608.832775,5.608062
20,1,5,0.5,1,0.5,13.66,0.083073,0,608.832775,5.608062
20,1,5,0.5,1,1,13.66,0.083073,0,608.832775,5.608062
20,1,5,0.5,3,0.2,13.26,0.083073,0,608.832775,5.776045
20,1,5,0.5,3,0.5,13.26,0.083073,0,608.832775,5.776045
20,1,5,0.5,3,1,13.26,0.083073,0,608.832775,5.776045
20,1,5,0.5,5,0.2,12.86,0.083073,0,608.832775,5.952841
20,1,5,0.5,5,0.5,12.86,0.083073,0,608.832775,5.952841
20,1,5,0.5,5,1,12.86,0.083073,0,608.832775,5.952841
20,1,5,1,1,0.2,14.34,0,0,223.189351,2.193631
20,1,5,1,1,0.5,14.34,0,0,223.189351,2.193631
20,1,5,1,1,1,14.34,0,0,223.189351,2.193631
20,1,5,1,3,0.2,13.94,0,0,223.189351,2.253922
20,1,5,1,3,0.5,13.94,0,0,223.189351,2.253922
20,1,5,1,3,1,13.94,0,0,223.189351,2.253922
20,1,5,1,5,0.2,13.53,0,0,223.189351,2.318624
20,1,5,1,5,0.5,13.53,0,0,223.189351,2.318624
20,1,5,1,5,1,13.53,0,0,223.189351,2.318624
20,1,5,5,1,0.2,-1,-1,-1,-1,-1
20,1,5,5,1,0.5,-1,-1,-1,-1,-1
20,1,5,5,1,1,-1,-1,-1,-1,-1
20,1,5,5,3,0.2,-1,-1,-1,-1,-1
20,1,5,5,3,0.5,-1,-1,-1,-1,-1
20,1,5,5,3,1,-1,-1,-1,-1,-1
20,1,5,5,5,0.2,-1,-1,-1,-1,-1
20,1,5,5,5,0.5,-1,-1,-1,-1,-1
20,1,5,5,5,1,-1,-1,-1,-1,-1
20,1,7,0.2,1,0.2,9.3,0.090305,0,1590.254362,25.336638
20,1,7,0.2,1,0.5,9.3,0.090305,0,1590.254362,25.336638
20,1,7,0.2,1,1,9.3,0.090305,0,1590.254362,25.336638
20,1,7,0.2,3,0.2,9.01,0.090305,0,1590.254362,26.152797
20,1,7,0.2,3,0.5,9.01,0.090305,0,1590.254362,26.152797
20,1,7,0.2,3,1,9.01,0.090305,0,1590.254362,26.152797
20,1,7,0.2,5,0.2,8.73,0.090305,0,1590.254362,26.99153
20,1,7,0.2,5,0.5,8.73,0.090305,0,1590.254362,26.99153
20,1,7,0.2,5,1,8.73,0.090305,0,1590.254362,26.99153
20,1,7,0.5,1,0.2,10.02,0.45609,0,911.631315,11.017179
20,1,7,0.5,1,0.5,10.02,0.45609,0,911.631315,11.017179
20,1,7,0.5,1,1,10.02,0.45609,0,911.631315,11.017179
20,1,7,0.5,3,0.2,9.73,0.45609,0,911.631315,11.339499
20,1,7,0.5,3,0.5,9.73,0.45609,0,911.631315,11.339499
20,1,7,0.5,3,1,9.73,0.45609,0,911.631315,11.339499
20,1,7,0.5,5,0.2,9.44,0.45609,0,911.631315,11.676406
20,1,7,0.5,5,0.5,9.44,0.45609,0,911.631315,11.676406
20,1,7,0.5,5,1,9.44,0.45609,0,911.631315,11.676406
20,1,7,1,1,0.2,10.59,0.178472,0,345.063776,4.366623
20,1,7,1,1,0.5,10.59,0.178472,0,345.063776,4.366623
20,1,7,1,1,1,10.59,0.178472,0,345.063776,4.366623
20,1,7,1,3,0.2,10.29,0.178472,0,345.063776,4.48008
20,1,7,1,3,0.5,10.29,0.178472,0,345.063776,4.48008
20,1,7,1,3,1,10.29,0.178472,0,345.063776,4.48008
20,1,7,1,5,0.2,9.99,0.178472,0,345.063776,4.604057
20,1,7,1,5,0.5,9.99,0.178472,0,345.063776,4.604057
20,1,7,1,5,1,9.99,0.178472,0,345.063776,4.604057
20,1,7,5,1,0.2,-1,-1,-1,-1,-1
20,1,7,5,1,0.5,-1,-1,-1,-1,-1
20,1,7,5,1,1,-1,-1,-1,-1,-1
20,1,7,5,3,0.2,-1,-1,-1,-1,-1
20,1,7,5,3,0.5,-1,-1,-1,-1,-1
20,1,7,5,3,1,-1,-1,-1,-1,-1
20,1,7,5,5,0.2,-1,-1,-1,-1,-1
20,1,7,5,5,0.5,-1,-1,-1,-1,-1
20,1,7,5,5,1,-1,-1,-1,-1,-1
20,1,10,0.2,1,0.2,6.68,0.116223,0,2749.873953,54.521377
20,1,10,0.2,1,0.5,6.68,0.116223,0,2749.873953,54.521377
20,1,10,0.2,1,1,6.68,0.116223,0,2749.873953,54.521377
20,1,10,0.2,3,0.2,6.48,0.116223,0,2749.873953,56.201905
20,1,10,0.2,3,0.5,6.48,0.116223,0,2749.873953,56.201905
20,1,10,0.2,3,1,6.48,0.116223,0,2749.873953,56.201905
20,1,10,0.2,5,0.2,6.28,0.116223,0,2749.873953,57.980805
20,1,10,0.2,5,0.5,6.28,0.116223,0,2749.873953,57.980805
20,1,10,0.2,5,1,6.28,0.116223,0,2749.873953,57.980805
20,1,10,0.5,1,0.2,7.17,0,0,905.07098,17.524384
20,1,10,0.5,1,0.5,7.17,0,0,905.07098,17.524384
20,1,10,0.5,1,1,7.17,0,0,905.07098,17.524384
20,1,10,0.5,3,0.2,6.97,0,0,905.07098,18.006201
20,1,10,0.5,3,0.5,6.97,0,0,905.07098,18.006201
20,1,10,0.5,3,1,6.97,0,0,905.07098,18.006201
20,1,10,0.5,5,0.2,6.77,0,0,905.07098,18.509904
20,1,10,0.5,5,0.5,6.77,0,0,905.07098,18.509904
20,1,10,0.5,5,1,6.77,0,0,905.07098,18.509904
20,1,10,1,1,0.2,-1,-1,-1,-1,-1
20,1,10,1,1,0.5,-1,-1,-1,-1,-1
20,1,10,1,1,1,-1,-1,-1,-1,-1
20,1,10,1,3,0.2,-1,-1,-1,-1,-1
20,1,10,1,3,0.5,-1,-1,-1,-1,-1
20,1,10,1,3,1,-1,-1,-1,-1,-1
20,1,10,1,5,0.2,-1,-1,-1,-1,-1
20,1,10,1,5,0.5,-1,-1,-1,-1,-1
20,1,10,1,5,1,-1,-1,-1,-1,-1
20,1,10,5,1,0.2,-1,-1,-1,-1,-1
20,1,10,5,1,0.5,-1,-1,-1,-1,-1
20,1,10,5,1,1,-1,-1,-1,-1,-1
20,1,10,5,3,0.2,-1,-1,-1,-1,-1
20,1,10,5,3,0.5,-1,-1,-1,-1,-1
20,1,10,5,3,1,-1,-1,-1,-1,-1
20,1,10,5,5,0.2,-1,-1,-1,-1,-1
20,1,10,5,5,0.5,-1,-1,-1,-1,-1
20,1,10,5,5,1,-1,-1,-1,-1,-1
20,3,3,0.2,1,0.2,46.23,0.069952,1,2291.206687,28.947481
20,3,3,0.2,1,0.5,45.72,0.069883,1,1489.555148,22.855257
20,3,3,0.2,1,1,45.13,0.069885,1,2003.470298,15.254374
20,3,3,0.2,3,0.2,46,0.091501,1,2291.206687,29.117507
20,3,3,0.2,3,0.5,45.49,0.09121,1,1489.555148,22.983104
20,3,3,0.2,3,1,44.9,0.091308,1,2003.470298,15.395869
20,3,3,0.2,5,0.2,-1,-1,-1,-1,-1
20,3,3,0.2,5,0.5,-1,-1,-1,-1,-1
20,3,3,0.2,5,1,62.35,0.104525,3,2069.863845,17.002753
20,3,3,0.5,1,0.2,48.04,0.121763,1,577.114948,4.181804
20,3,3,0.5,1,0.5,47.51,0.122101,1,838.723994,3.721123
20,3,3,0.5,1,1,46.64,0.12211,1,704.457318,2.509172
20,3,3,0.5,3,0.2,47.76,0.185316,1,577.114948,4.145151
20,3,3,0.5,3,0.5,47.25,0.185542,1,838.723994,3.680954
20,3,3,0.5,3,1,46.38,0.1856,1,704.457318,2.461423
20,3,3,0.5,5,0.2,-1,-1,-1,-1,-1
20,3,3,0.5,5,0.5,-1,-1,-1,-1,-1
20,3,3,0.5,5,1,46.57,0.244899,2,704.457318,2.538146
20,3,3,1,1,0.2,52.15,0.232514,1,560.727354,1.342808
20,3,3,1,1,0.5,50.48,0.232514,1,158.06988,0.881076
20,3,3,1,1,1,49.27,0.232514,1,217.500014,0.845394
20,3,3,1,3,0.2,51.12,0.232514,1,560.727354,1.326142
20,3,3,1,3,0.5,49.44,0.232514,1,158.06988,0.853818
20,3,3,1,3,1,48.19,0.232514,1,217.500014,0.796913
20,3,3,1,5,0.2,51.53,0.256735,1,560.727354,1.553331
20,3,3,1,5,0.5,49.83,0.256393,1,437.798889,1.09302
20,3,3,1,5,1,52.7,0.232514,3,414.825505,1.125225
20,3,3,5,1,0.2,-1,-1,-1,-1,-1
20,3,3,5,1,0.5,-1,-1,-1,-1,-1
20,3,3,5,1,1,-1,-1,-1,-1,-1
20,3,3,5,3,0.2,-1,-1,-1,-1,-1
20,3,3,5,3,0.5,-1,-1,-1,-1,-1
20,3,3,5,3,1,-1,-1,-1,-1,-1
20,3,3,5,5,0.2,-1,-1,-1,-1,-1
20,3,3,5,5,0.5,-1,-1,-1,-1,-1
20,3,3,5,5,1,-1,-1,-1,-1,-1
20,3,5,0.2,1,0.2,29.37,0.103859,1,2561.768725,84.606063
20,3,5,0.2,1,0.5,29.03,0.10362,1,2559.453219,71.327644
20,3,5,0.2,1,1,28.64,0.10355,1,3816.479448,59.554633
20,3,5,0.2,3,0.2,29.26,0.141757,1,2561.768725,84.759272
20,3,5,0.2,3,0.5,28.94,0.143983,1,2559.453219,71.377583
20,3,5,0.2,3,1,28.54,0.143585,1,3816.479448,59.584208
20,3,5,0.2,5,0.2,-1,-1,-1,-1,-1
20,3,5,0.2,5,0.5,-1,-1,-1,-1,-1
20,3,5,0.2,5,1,-1,-1,-1,-1,-1
20,3,5,0.5,1,0.2,31.17,0.152408,1,1272.832286,12.339023
20,3,5,0.5,1,0.5,30.88,0.152408,1,1201.195798,10.219507
20,3,5,0.5,1,1,30.28,0.152408,1,1150.089099,7.917099
20,3,5,0.5,3,0.2,30.76,0.174053,1,1272.832286,12.337475
20,3,5,0.5,3,0.5,30.47,0.173882,1,1201.195798,10.188102
20,3,5,0.5,3,1,29.87,0.174207,1,1150.089099,7.863188
20,3,5,0.5,5,0.2,31.38,0.281967,1,1457.072172,13.230069
20,3,5,0.5,5,0.5,31.14,0.280694,1,1456.2242,11.110321
20,3,5,0.5,5,1,30.55,0.28061,1,1456.295751,8.848858
20,3,5,1,1,0.2,-1,-1,-1,-1,-1
20,3,5,1,1,0.5,-1,-1,-1,-1,-1
20,3,5,1,1,1,28.15,0.495085,1,410.570792,2.391267
20,3,5,1,3,0.2,-1,-1,-1,-1,-1
20,3,5,1,3,0.5,-1,-1,-1,-1,-1
20,3,5,1,3,1,26.4,0.495085,1,410.570792,2.211557
20,3,5,1,5,0.2,-1,-1,-1,-1,-1
20,3,5,1,5,0.5,-1,-1,-1,-1,-1
20,3,5,1,5,1,26.21,0.495085,1,410.570792,2.205254
20,3,5,5,1,0.2,-1,-1,-1,-1,-1
20,3,5,5,1,0.5,-1,-1,-1,-1,-1
20,3,5,5,1,1,-1,-1,-1,-1,-1
20,3,5,5,3,0.2,-1,-1,-1,-1,-1
20,3,5,5,3,0.5,-1,-1,-1,-1,-1
20,3,5,5,3,1,-1,-1,-1,-1,-1
20,3,5,5,5,0.2,-1,-1,-1,-1,-1
20,3,5,5,5,0.5,-1,-1,-1,-1,-1
20,3,5,5,5,1,-1,-1,-1,-1,-1
20,3,7,0.2,1,0.2,22.18,0.123376,1,6964.112729,169.102434
20,3,7,0.2,1,0.5,21.96,0.117761,1,6964.112729,155.877116
20,3,7,0.2,1,1,21.67,0.117846,1,6964.112729,138.243865
20,3,7,0.2,3,0.2,22.08,0.179491,1,6964.112729,169.58481
20,3,7,0.2,3,0.5,21.86,0.174166,1,6964.112729,156.328782
20,3,7,0.2,3,1,21.58,0.179156,1,6964.112729,138.565515
20,3,7,0.2,5,0.2,-1,-1,-1,-1,-1
20,3,7,0.2,5,0.5,-1,-1,-1,-1,-1
20,3,7,0.2,5,1,-1,-1,-1,-1,-1
20,3,7,0.5,1,0.2,25.61,0.31085,1,2500.028368,33.026764
20,3,7,0.5,1,0.5,23.73,0.31085,1,1246.997887,14.643697
20,3,7,0.5,1,1,23.72,0.31085,1,1246.997887,12.770286
20,3,7,0.5,3,0.2,25.04,0.31085,1,2500.028368,33.311005
20,3,7,0.5,3,0.5,23.15,0.31085,1,1246.997887,14.491153
20,3,7,0.5,3,1,23.13,0.31085,1,1246.997887,12.575924
20,3,7,0.5,5,0.2,24.99,0.31085,1,2500.028368,35.481742
20,3,7,0.5,5,0.5,23.1,0.31085,1,2029.61259,16.818824
20,3,7,0.5,5,1,23.07,0.31085,1,2030.381337,14.931867
20,3,7,1,1,0.2,-1,-1,-1,-1,-1
20,3,7,1,1,0.5,-1,-1,-1,-1,-1
20,3,7,1,1,1,-1,-1,-1,-1,-1
20,3,7,1,3,0.2,-1,-1,-1,-1,-1
20,3,7,1,3,0.5,-1,-1,-1,-1,-1
20,3,7,1,3,1,-1,-1,-1,-1,-1
20,3,7,1,5,0.2,-1,-1,-1,-1,-1
20,3,7,1,5,0.5,-1,-1,-1,-1,-1
20,3,7,1,5,1,-1,-1,-1,-1,-1
20,3,7,5,1,0.2,-1,-1,-1,-1,-1
20,3,7,5,1,0.5,-1,-1,-1,-1,-1
20,3,7,5,1,1,-1,-1,-1,-1,-1
20,3,7,5,3,0.2,-1,-1,-1,-1,-1
20,3,7,5,3,0.5,-1,-1,-1,-1,-1
20,3,7,5,3,1,-1,-1,-1,-1,-1
20,3,7,5,5,0.2,-1,-1,-1,-1,-1
20,3,7,5,5,0.5,-1,-1,-1,-1,-1
20,3,7,5,5,1,-1,-1,-1,-1,-1
20,3,10,0.2,1,0.2,16.76,0.117204,1,7281.937494,316.238642
20,3,10,0.2,1,0.5,16.58,0.11713,1,7281.937494,292.920648
20,3,10,0.2,1,1,16.38,0.117593,1,7281.937494,270.918657
20,3,10,0.2,3,0.2,16.64,0.192152,1,7281.937494,317.465497
20,3,10,0.2,3,0.5,16.47,0.192803,1,7281.937494,293.775807
20,3,10,0.2,3,1,16.26,0.192217,1,7281.937494,271.873033
20,3,10,0.2,5,0.2,-1,-1,-1,-1,-1
20,3,10,0.2,5,0.5,-1,-1,-1,-1,-1
20,3,10,0.2,5,1,-1,-1,-1,-1,-1
20,3,10,0.5,1,0.2,-1,-1,-1,-1,-1
20,3,10,0.5,1,0.5,-1,-1,-1,-1,-1
20,3,10,0.5,1,1,-1,-1,-1,-1,-1
20,3,10,0.5,3,0.2,-1,-1,-1,-1,-1
20,3,10,0.5,3,0.5,-1,-1,-1,-1,-1
20,3,10,0.5,3,1,-1,-1,-1,-1,-1
20,3,10,0.5,5,0.2,-1,-1,-1,-1,-1
20,3,10,0.5,5,0.5,-1,-1,-1,-1,-1
20,3,10,0.5,5,1,-1,-1,-1,-1,-1
20,3,10,1,1,0.2,-1,-1,-1,-1,-1
20,3,10,1,1,0.5,-1,-1,-1,-1,-1
20,3,10,1,1,1,-1,-1,-1,-1,-1
20,3,10,1,3,0.2,-1,-1,-1,-1,-1
20,3,10,1,3,0.5,-1,-1,-1,-1,-1
20,3,10,1,3,1,-1,-1,-1,-1,-1
20,3,10,1,5,0.2,-1,-1,-1,-1,-1
20,3,10,1,5,0.5,-1,-1,-1,-1,-1
20,3,10,1,5,1,-1,-1,-1,-1,-1
20,3,10,5,1,0.2,-1,-1,-1,-1,-1
20,3,10,5,1,0.5,-1,-1,-1,-1,-1
20,3,10,5,1,1,-1,-1,-1,-1,-1
20,3,10,5,3,0.2,-1,-1,-1,-1,-1
20,3,10,5,3,0.5,-1,-1,-1,-1,-1
20,3,10,5,3,1,-1,-1,-1,-1,-1
20,3,10,5,5,0.2,-1,-1,-1,-1,-1
20,3,10,5,5,0.5,-1,-1,-1,-1,-1
20,3,10,5,5,1,-1,-1,-1,-1,-1
20,5,3,0.2,1,0.2,117.96,0.321455,13,1455.745463,4.249591
20,5,3,0.2,1,0.5,91.32,0.260409,12,1790.422129,9.833637
20,5,3,0.2,1,1,-1,-1,-1,-1,-1
20,5,3,0.2,3,0.2,116.86,0.321455,13,1455.745463,4.265338
20,5,3,0.2,3,0.5,87.44,0.260409,10,1765.247533,5.703842
20,5,3,0.2,3,1,-1,-1,-1,-1,-1
20,5,3,0.2,5,0.2,-1,-1,-1,-1,-1
20,5,3,0.2,5,0.5,77.02,0.240138,7,1763.697995,5.273602
20,5,3,0.2,5,1,-1,-1,-1,-1,-1
20,5,3,0.5,1,0.2,115.06,0.327322,11,547.956564,1.232357
20,5,3,0.5,1,0.5,-1,-1,-1,-1,-1
20,5,3,0.5,1,1,-1,-1,-1,-1,-1
20,5,3,0.5,3,0.2,114.04,0.327322,11,547.956564,1.280177
20,5,3,0.5,3,0.5,-1,-1,-1,-1,-1
20,5,3,0.5,3,1,-1,-1,-1,-1,-1
20,5,3,0.5,5,0.2,-1,-1,-1,-1,-1
20,5,3,0.5,5,0.5,76.32,0.242918,6,822.636115,2.335815
20,5,3,0.5,5,1,-1,-1,-1,-1,-1
20,5,3,1,1,0.2,136.33,0.418762,20,447.406442,0.507109
20,5,3,1,1,0.5,-1,-1,-1,-1,-1
20,5,3,1,1,1,-1,-1,-1,-1,-1
20,5,3,1,3,0.2,-1,-1,-1,-1,-1
20,5,3,1,3,0.5,-1,-1,-1,-1,-1
20,5,3,1,3,1,-1,-1,-1,-1,-1
20,5,3,1,5,0.2,-1,-1,-1,-1,-1
20,5,3,1,5,0.5,-1,-1,-1,-1,-1
20,5,3,1,5,1,-1,-1,-1,-1,-1
20,5,3,5,1,0.2,-1,-1,-1,-1,-1
20,5,3,5,1,0.5,-1,-1,-1,-1,-1
20,5,3,5,1,1,-1,-1,-1,-1,-1
20,5,3,5,3,0.2,-1,-1,-1,-1,-1
20,5,3,5,3,0.5,-1,-1,-1,-1,-1
20,5,3,5,3,1,-1,-1,-1,-1,-1
20,5,3,5,5,0.2,-1,-1,-1,-1,-1
20,5,3,5,5,0.5,-1,-1,-1,-1,-1
20,5,3,5,5,1,-1,-1,-1,-1,-1
20,5,5,0.2,1,0.2,71.12,0.324137,4,2448.887183,13.257456
20,5,5,0.2,1,0.5,74.37,0.330175,12,4145.081164,16.666844
20,5,5,0.2,1,1,-1,-1,-1,-1,-1
20,5,5,0.2,3,0.2,70.5,0.324137,4,2448.887183,13.467329
20,5,5,0.2,3,0.5,70,0.329909,11,3925.475657,9.756243
20,5,5,0.2,3,1,66.55,0.257705,12,3121.566475,11.284908
20,5,5,0.2,5,0.2,-1,-1,-1,-1,-1
20,5,5,0.2,5,0.5,48.82,0.263031,3,3672.51185,13.76124
20,5,5,0.2,5,1,-1,-1,-1,-1,-1
20,5,5,0.5,1,0.2,78.53,0.371375,3,932.667184,4.438555
20,5,5,0.5,1,0.5,78.29,0.391036,14,1069.28141,4.308286
20,5,5,0.5,1,1,98.2,0.395358,20,1003.44793,4.402028
20,5,5,0.5,3,0.2,74.38,0.371375,2,932.667184,2.996319
20,5,5,0.5,3,0.5,79.37,0.323236,14,1068.205521,3.084599
20,5,5,0.5,3,1,94.55,0.407882,19,955.365933,4.174331
20,5,5,0.5,5,0.2,-1,-1,-1,-1,-1
20,5,5,0.5,5,0.5,-1,-1,-1,-1,-1
20,5,5,0.5,5,1,-1,-1,-1,-1,-1
20,5,5,1,1,0.2,-1,-1,-1,-1,-1
20,5,5,1,1,0.5,-1,-1,-1,-1,-1
20,5,5,1,1,1,90.57,0.441428,15,648.187325,3.218737
20,5,5,1,3,0.2,-1,-1,-1,-1,-1
20,5,5,1,3,0.5,-1,-1,-1,-1,-1
20,5,5,1,3,1,-1,-1,-1,-1,-1
20,5,5,1,5,0.2,-1,-1,-1,-1,-1
20,5,5,1,5,0.5,-1,-1,-1,-1,-1
20,5,5,1,5,1,-1,-1,-1,-1,-1
20,5,5,5,1,0.2,-1,-1,-1,-1,-1
20,5,5,5,1,0.5,-1,-1,-1,-1,-1
20,5,5,5,1,1,-1,-1,-1,-1,-1
20,5,5,5,3,0.2,-1,-1,-1,-1,-1
20,5,5,5,3,0.5,-1,-1,-1,-1,-1
20,5,5,5,3,1,-1,-1,-1,-1,-1
20,5,5,5,5,0.2,-1,-1,-1,-1,-1
20,5,5,5,5,0.5,-1,-1,-1,-1,-1
20,5,5,5,5,1,-1,-1,-1,-1,-1
20,5,7,0.2,1,0.2,47.79,0.323718,1,3314.483888,29.99231
20,5,7,0.2,1,0.5,54.77,0.324185,7,3742.31841,46.411503
20,5,7,0.2,1,1,51.06,0.283068,8,4355.020737,33.6839
20,5,7,0.2,3,0.2,47.56,0.323718,1,3314.483888,30.059562
20,5,7,0.2,3,0.5,51.17,0.324185,6,3405.134531,26.429479
20,5,7,0.2,3,1,50.94,0.340878,9,5803.196322,19.538834
20,5,7,0.2,5,0.2,47.67,0.323718,1,3314.483888,29.558008
20,5,7,0.2,5,0.5,-1,-1,-1,-1,-1
20,5,7,0.2,5,1,-1,-1,-1,-1,-1
20,5,7,0.5,1,0.2,65.12,0.48072,7,2247.448212,5.253182
20,5,7,0.5,1,0.5,-1,-1,-1,-1,-1
20,5,7,0.5,1,1,-1,-1,-1,-1,-1
20,5,7,0.5,3,0.2,60.77,0.470096,7,1356.692995,5.466801
20,5,7,0.5,3,0.5,-1,-1,-1,-1,-1
20,5,7,0.5,3,1,-1,-1,-1,-1,-1
20,5,7,0.5,5,0.2,54.43,0.414745,5,1339.280827,6.149367
20,5,7,0.5,5,0.5,-1,-1,-1,-1,-1
20,5,7,0.5,5,1,-1,-1,-1,-1,-1
20,5,7,1,1,0.2,-1,-1,-1,-1,-1
20,5,7,1,1,0.5,-1,-1,-1,-1,-1
20,5,7,1,1,1,-1,-1,-1,-1,-1
20,5,7,1,3,0.2,-1,-1,-1,-1,-1
20,5,7,1,3,0.5,-1,-1,-1,-1,-1
20,5,7,1,3,1,-1,-1,-1,-1,-1
20,5,7,1,5,0.2,-1,-1,-1,-1,-1
20,5,7,1,5,0.5,-1,-1,-1,-1,-1
20,5,7,1,5,1,-1,-1,-1,-1,-1
20,5,7,5,1,0.2,-1,-1,-1,-1,-1
20,5,7,5,1,0.5,-1,-1,-1,-1,-1
20,5,7,5,1,1,-1,-1,-1,-1,-1
20,5,7,5,3,0.2,-1,-1,-1,-1,-1
20,5,7,5,3,0.5,-1,-1,-1,-1,-1
20,5,7,5,3,1,-1,-1,-1,-1,-1
20,5,7,5,5,0.2,-1,-1,-1,-1,-1
20,5,7,5,5,0.5,-1,-1,-1,-1,-1
20,5,7,5,5,1,-1,-1,-1,-1,-1
20,5,10,0.2,1,0.2,34.24,0.342708,1,4634.149622,61.714475
20,5,10,0.2,1,0.5,35.57,0.343038,3,5083.321679,54.515185
20,5,10,0.2,1,1,33.56,0.310505,4,4420.107034,27.630136
20,5,10,0.2,3,0.2,33.93,0.342708,1,4634.149622,60.625847
20,5,10,0.2,3,0.5,35.26,0.343038,3,5083.321679,55.183871
20,5,10,0.2,3,1,34.85,0.342747,5,7835.519618,39.704759
20,5,10,0.2,5,0.2,33.84,0.342708,1,4634.149622,60.325048
20,5,10,0.2,5,0.5,-1,-1,-1,-1,-1
20,5,10,0.2,5,1,-1,-1,-1,-1,-1
20,5,10,0.5,1,0.2,-1,-1,-1,-1,-1
20,5,10,0.5,1,0.5,-1,-1,-1,-1,-1
20,5,10,0.5,1,1,-1,-1,-1,-1,-1
20,5,10,0.5,3,0.2,-1,-1,-1,-1,-1
20,5,10,0.5,3,0.5,-1,-1,-1,-1,-1
20,5,10,0.5,3,1,-1,-1,-1,-1,-1
20,5,10,0.5,5,0.2,-1,-1,-1,-1,-1
20,5,10,0.5,5,0.5,-1,-1,-1,-1,-1
20,5,10,0.5,5,1,-1,-1,-1,-1,-1
20,5,10,1,1,0.2,-1,-1,-1,-1,-1
20,5,10,1,1,0.5,-1,-1,-1,-1,-1
20,5,10,1,1,1,-1,-1,-1,-1,-1
20,5,10,1,3,0.2,-1,-1,-1,-1,-1
20,5,10,1,3,0.5,-1,-1,-1,-1,-1
20,5,10,1,3,1,-1,-1,-1,-1,-1
20,5,10,1,5,0.2,-1,-1,-1,-1,-1
20,5,10,1,5,0.5,-1,-1,-1,-1,-1
20,5,10,1,5,1,-1,-1,-1,-1,-1
20,5,10,5,1,0.2,-1,-1,-1,-1,-1
20,5,10,5,1,0.5,-1,-1,-1,-1,-1
20,5,10,5,1,1,-1,-1,-1,-1,-1
20,5,10,5,3,0.2,-1,-1,-1,-1,-1
20,5,10,5,3,0.5,-1,-1,-1,-1,-1
20,5,10,5,3,1,-1,-1,-1,-1,-1
20,5,10,5,5,0.2,-1,-1,-1,-1,-1
20,5,10,5,5,0.5,-1,-1,-1,-1,-1
20,5,10,5,5,1,-1,-1,-1,-1,-1
