5,1,3,0.2,1,0.2,21.2,0,0,1153.747276,5.086233
5,1,3,0.2,1,0.5,21.2,0,0,1153.747276,5.086233
5,1,3,0.2,1,1,21.2,0,0,1153.747276,5.086233
5,1,3,0.2,3,0.2,20.53,0,0,1153.747276,5.252304
5,1,3,0.2,3,0.5,20.53,0,0,1153.747276,5.252304
5,1,3,0.2,3,1,20.53,0,0,1153.747276,5.252304
5,1,3,0.2,5,0.2,19.86,0,0,1153.747276,5.429586
5,1,3,0.2,5,0.5,19.86,0,0,1153.747276,5.429586
5,1,3,0.2,5,1,19.86,0,0,1153.747276,5.429586
5,1,3,0.5,1,0.2,21.77,0,0,470.591245,1.701066
5,1,3,0.5,1,0.5,21.77,0,0,470.591245,1.701066
5,1,3,0.5,1,1,21.77,0,0,470.591245,1.701066
5,1,3,0.5,3,0.2,21.11,0,0,470.591245,1.754245
5,1,3,0.5,3,0.5,21.11,0,0,470.591245,1.754245
5,1,3,0.5,3,1,21.11,0,0,470.591245,1.754245
5,1,3,0.5,5,0.2,20.44,0,0,470.591245,1.811656
5,1,3,0.5,5,0.5,20.44,0,0,470.591245,1.811656
5,1,3,0.5,5,1,20.44,0,0,470.591245,1.811656
5,1,3,1,1,0.2,22.6,0,0,236.709071,0.796292
5,1,3,1,1,0.5,22.6,0,0,236.709071,0.796292
5,1,3,1,1,1,22.6,0,0,236.709071,0.796292
5,1,3,1,3,0.2,21.93,0,0,236.709071,0.820356
5,1,3,1,3,0.5,21.93,0,0,236.709071,0.820356
5,1,3,1,3,1,21.93,0,0,236.709071,0.820356
5,1,3,1,5,0.2,21.26,0,0,236.709071,0.845744
5,1,3,1,5,0.5,21.26,0,0,236.709071,0.845744
5,1,3,1,5,1,21.26,0,0,236.709071,0.845744
5,1,3,5,1,0.2,-1,-1,-1,-1,-1
5,1,3,5,1,0.5,-1,-1,-1,-1,-1
5,1,3,5,1,1,44.4,0.406989,6,60.483752,0.245265
5,1,3,5,3,0.2,-1,-1,-1,-1,-1
5,1,3,5,3,0.5,-1,-1,-1,-1,-1
5,1,3,5,3,1,27.62,0.465855,1,42.183369,0.204267
5,1,3,5,5,0.2,-1,-1,-1,-1,-1
5,1,3,5,5,0.5,-1,-1,-1,-1,-1
5,1,3,5,5,1,26.11,0,1,43.539025,0.164525
5,1,5,0.2,1,0.2,12.88,0,0,1919.911708,13.074598
5,1,5,0.2,1,0.5,12.88,0,0,1919.911708,13.074598
5,1,5,0.2,1,1,12.88,0,0,1919.911708,13.074598
5,1,5,0.2,3,0.2,12.48,0,0,1919.911708,13.493983
5,1,5,0.2,3,0.5,12.48,0,0,1919.911708,13.493983
5,1,5,0.2,3,1,12.48,0,0,1919.911708,13.493983
5,1,5,0.2,5,0.2,12.08,0,0,1919.911708,13.941108
5,1,5,0.2,5,0.5,12.08,0,0,1919.911708,13.941108
5,1,5,0.2,5,1,12.08,0,0,1919.911708,13.941108
5,1,5,0.5,1,0.2,13.41,0,0,784.600886,4.419907
5,1,5,0.5,1,0.5,13.41,0,0,784.600886,4.419907
5,1,5,0.5,1,1,13.41,0,0,784.600886,4.419907
5,1,5,0.5,3,0.2,13.01,0,0,784.600886,4.555029
5,1,5,0.5,3,0.5,13.01,0,0,784.600886,4.555029
5,1,5,0.5,3,1,13.01,0,0,784.600886,4.555029
5,1,5,0.5,5,0.2,12.61,0,0,784.600886,4.697828
5,1,5,0.5,5,0.5,12.61,0,0,784.600886,4.697828
5,1,5,0.5,5,1,12.61,0,0,784.600886,4.697828
5,1,5,1,1,0.2,14.08,0,0,394.185445,2.136615
5,1,5,1,1,0.5,14.08,0,0,394.185445,2.136615
5,1,5,1,1,1,14.08,0,0,394.185445,2.136615
5,1,5,1,3,0.2,13.67,0,0,394.185445,2.198924
5,1,5,1,3,0.5,13.67,0,0,394.185445,2.198924
5,1,5,1,3,1,13.67,0,0,394.185445,2.198924
5,1,5,1,5,0.2,13.27,0,0,394.185445,2.262777
5,1,5,1,5,0.5,13.27,0,0,394.185445,2.262777
5,1,5,1,5,1,13.27,0,0,394.185445,2.262777
5,1,5,5,1,0.2,-1,-1,-1,-1,-1
5,1,5,5,1,0.5,-1,-1,-1,-1,-1
5,1,5,5,1,1,-1,-1,-1,-1,-1
5,1,5,5,3,0.2,-1,-1,-1,-1,-1
5,1,5,5,3,0.5,-1,-1,-1,-1,-1
5,1,5,5,3,1,-1,-1,-1,-1,-1
5,1,5,5,5,0.2,-1,-1,-1,-1,-1
5,1,5,5,5,0.5,-1,-1,-1,-1,-1
5,1,5,5,5,1,-1,-1,-1,-1,-1
5,1,7,0.2,1,0.2,9.29,0,0,2685.031163,22.965277
5,1,7,0.2,1,0.5,9.29,0,0,2685.031163,22.965277
5,1,7,0.2,1,1,9.29,0,0,2685.031163,22.965277
5,1,7,0.2,3,0.2,9.01,0,0,2685.031163,23.679508
5,1,7,0.2,3,0.5,9.01,0,0,2685.031163,23.679508
5,1,7,0.2,3,1,9.01,0,0,2685.031163,23.679508
5,1,7,0.2,5,0.2,8.72,0,0,2685.031163,24.466804
5,1,7,0.2,5,0.5,8.72,0,0,2685.031163,24.466804
5,1,7,0.2,5,1,8.72,0,0,2685.031163,24.466804
5,1,7,0.5,1,0.2,9.79,0,0,1095.640483,8.625326
5,1,7,0.5,1,0.5,9.79,0,0,1095.640483,8.625326
5,1,7,0.5,1,1,9.79,0,0,1095.640483,8.625326
5,1,7,0.5,3,0.2,9.51,0,0,1095.640483,8.875447
5,1,7,0.5,3,0.5,9.51,0,0,1095.640483,8.875447
5,1,7,0.5,3,1,9.51,0,0,1095.640483,8.875447
5,1,7,0.5,5,0.2,9.22,0,0,1095.640483,9.14815
5,1,7,0.5,5,0.5,9.22,0,0,1095.640483,9.14815
5,1,7,0.5,5,1,9.22,0,0,1095.640483,9.14815
5,1,7,1,1,0.2,10.41,0,0,552.693909,3.941739
5,1,7,1,1,0.5,10.41,0,0,552.693909,3.941739
5,1,7,1,1,1,10.41,0,0,552.693909,3.941739
5,1,7,1,3,0.2,10.12,0,0,552.693909,4.050139
5,1,7,1,3,0.5,10.12,0,0,552.693909,4.050139
5,1,7,1,3,1,10.12,0,0,552.693909,4.050139
5,1,7,1,5,0.2,9.83,0,0,552.693909,4.164293
5,1,7,1,5,0.5,9.83,0,0,552.693909,4.164293
5,1,7,1,5,1,9.83,0,0,552.693909,4.164293
5,1,7,5,1,0.2,-1,-1,-1,-1,-1
5,1,7,5,1,0.5,-1,-1,-1,-1,-1
5,1,7,5,1,1,-1,-1,-1,-1,-1
5,1,7,5,3,0.2,-1,-1,-1,-1,-1
5,1,7,5,3,0.5,-1,-1,-1,-1,-1
5,1,7,5,3,1,-1,-1,-1,-1,-1
5,1,7,5,5,0.2,-1,-1,-1,-1,-1
5,1,7,5,5,0.5,-1,-1,-1,-1,-1
5,1,7,5,5,1,-1,-1,-1,-1,-1
5,1,10,0.2,1,0.2,6.61,0,0,3839.335196,43.752581
5,1,10,0.2,1,0.5,6.61,0,0,3839.335196,43.752581
5,1,10,0.2,1,1,6.61,0,0,3839.335196,43.752581
5,1,10,0.2,3,0.2,6.41,0,0,3839.335196,45.116251
5,1,10,0.2,3,0.5,6.41,0,0,3839.335196,45.116251
5,1,10,0.2,3,1,6.41,0,0,3839.335196,45.116251
5,1,10,0.2,5,0.2,6.21,0,0,3839.335196,46.561834
5,1,10,0.2,5,0.5,6.21,0,0,3839.335196,46.561834
5,1,10,0.2,5,1,6.21,0,0,3839.335196,46.561834
5,1,10,0.5,1,0.2,7.03,0,0,1563.873608,16.849924
5,1,10,0.5,1,0.5,7.03,0,0,1563.873608,16.849924
5,1,10,0.5,1,1,7.03,0,0,1563.873608,16.849924
5,1,10,0.5,3,0.2,6.83,0,0,1563.873608,17.330075
5,1,10,0.5,3,0.5,6.83,0,0,1563.873608,17.330075
5,1,10,0.5,3,1,6.83,0,0,1563.873608,17.330075
5,1,10,0.5,5,0.2,6.62,0,0,1563.873608,17.860012
5,1,10,0.5,5,0.5,6.62,0,0,1563.873608,17.860012
5,1,10,0.5,5,1,6.62,0,0,1563.873608,17.860012
5,1,10,1,1,0.2,7.68,0.192015,0,787.610987,8.252361
5,1,10,1,1,0.5,7.68,0.192015,0,787.610987,8.252361
5,1,10,1,1,1,7.68,0.192015,0,787.610987,8.252361
5,1,10,1,3,0.2,7.47,0.192015,0,787.610987,8.473626
5,1,10,1,3,0.5,7.47,0.192015,0,787.610987,8.473626
5,1,10,1,3,1,7.47,0.192015,0,787.610987,8.473626
5,1,10,1,5,0.2,7.26,0.192015,0,787.610987,8.707105
5,1,10,1,5,0.5,7.26,0.192015,0,787.610987,8.707105
5,1,10,1,5,1,7.26,0.192015,0,787.610987,8.707105
5,1,10,5,1,0.2,-1,-1,-1,-1,-1
5,1,10,5,1,0.5,-1,-1,-1,-1,-1
5,1,10,5,1,1,-1,-1,-1,-1,-1
5,1,10,5,3,0.2,-1,-1,-1,-1,-1
5,1,10,5,3,0.5,-1,-1,-1,-1,-1
5,1,10,5,3,1,-1,-1,-1,-1,-1
5,1,10,5,5,0.2,-1,-1,-1,-1,-1
5,1,10,5,5,0.5,-1,-1,-1,-1,-1
5,1,10,5,5,1,-1,-1,-1,-1,-1
5,3,3,0.2,1,0.2,29.84,0.32606,0,1256.598275,10.851054
5,3,3,0.2,1,0.5,-1,-1,-1,-1,-1
5,3,3,0.2,1,1,-1,-1,-1,-1,-1
5,3,3,0.2,3,0.2,29.17,0.32606,0,1256.598275,11.100375
5,3,3,0.2,3,0.5,30.9,0.32606,1,1284.790622,10.697215
5,3,3,0.2,3,1,29.39,0.326055,3,1293.670112,11.632984
5,3,3,0.2,5,0.2,28.5,0.32606,0,1256.598275,11.361421
5,3,3,0.2,5,0.5,30.16,0.32606,1,1349.591903,10.162014
5,3,3,0.2,5,1,29.69,0.326209,2,1288.35781,11.731197
5,3,3,0.5,1,0.2,28.22,0.317172,0,521.80866,3.804314
5,3,3,0.5,1,0.5,28.22,0.317172,0,521.80866,3.804314
5,3,3,0.5,1,1,28.22,0.317172,0,521.80866,3.804314
5,3,3,0.5,3,0.2,27.56,0.317172,0,521.80866,3.895308
5,3,3,0.5,3,0.5,27.56,0.317172,0,521.80866,3.895308
5,3,3,0.5,3,1,27.56,0.317172,0,521.80866,3.895308
5,3,3,0.5,5,0.2,26.89,0.317172,0,521.80866,3.991827
5,3,3,0.5,5,0.5,26.89,0.317172,0,521.80866,3.991827
5,3,3,0.5,5,1,26.89,0.317172,0,521.80866,3.991827
5,3,3,1,1,0.2,35.64,0.373264,0,261.426306,1.438549
5,3,3,1,1,0.5,45.46,0.373264,5,280.284307,1.576534
5,3,3,1,1,1,37.52,0.373317,5,261.115094,1.426815
5,3,3,1,3,0.2,34.96,0.373264,0,261.426306,1.465699
5,3,3,1,3,0.5,36.63,0.373264,2,261.328947,1.549651
5,3,3,1,3,1,35.09,0.373317,3,264.646101,1.598884
5,3,3,1,5,0.2,34.28,0.373264,0,261.426306,1.493147
5,3,3,1,5,0.5,34.62,0.373264,2,261.328947,1.395156
5,3,3,1,5,1,34.66,0.373317,3,264.08185,1.553375
5,3,3,5,1,0.2,-1,-1,-1,-1,-1
5,3,3,5,1,0.5,-1,-1,-1,-1,-1
5,3,3,5,1,1,-1,-1,-1,-1,-1
5,3,3,5,3,0.2,-1,-1,-1,-1,-1
5,3,3,5,3,0.5,-1,-1,-1,-1,-1
5,3,3,5,3,1,-1,-1,-1,-1,-1
5,3,3,5,5,0.2,-1,-1,-1,-1,-1
5,3,3,5,5,0.5,-1,-1,-1,-1,-1
5,3,3,5,5,1,-1,-1,-1,-1,-1
5,3,5,0.2,1,0.2,17.98,0.321198,0,2159.830099,27.21444
5,3,5,0.2,1,0.5,17.98,0.321198,0,2159.830099,27.21444
5,3,5,0.2,1,1,17.98,0.321198,0,2159.830099,27.21444
5,3,5,0.2,3,0.2,17.58,0.321198,0,2159.830099,27.833952
5,3,5,0.2,3,0.5,17.58,0.321198,0,2159.830099,27.833952
5,3,5,0.2,3,1,17.58,0.321198,0,2159.830099,27.833952
5,3,5,0.2,5,0.2,17.18,0.321198,0,2159.830099,28.48195
5,3,5,0.2,5,0.5,17.18,0.321198,0,2159.830099,28.48195
5,3,5,0.2,5,1,17.18,0.321198,0,2159.830099,28.48195
5,3,5,0.5,1,0.2,20.71,0.342787,0,878.425369,7.857616
5,3,5,0.5,1,0.5,20.71,0.342787,0,878.425369,7.857616
5,3,5,0.5,1,1,22.27,0.387265,2,876.372737,7.217843
5,3,5,0.5,3,0.2,20.31,0.342787,0,878.425369,8.00965
5,3,5,0.5,3,0.5,20.31,0.342787,0,878.425369,8.00965
5,3,5,0.5,3,1,20.35,0.342787,2,876.372737,7.332774
5,3,5,0.5,5,0.2,19.9,0.342787,0,878.425369,8.168199
5,3,5,0.5,5,0.5,19.9,0.342787,0,878.425369,8.168199
5,3,5,0.5,5,1,20.12,0.342787,2,876.372737,7.593179
5,3,5,1,1,0.2,-1,-1,-1,-1,-1
5,3,5,1,1,0.5,-1,-1,-1,-1,-1
5,3,5,1,1,1,-1,-1,-1,-1,-1
5,3,5,1,3,0.2,-1,-1,-1,-1,-1
5,3,5,1,3,0.5,-1,-1,-1,-1,-1
5,3,5,1,3,1,-1,-1,-1,-1,-1
5,3,5,1,5,0.2,-1,-1,-1,-1,-1
5,3,5,1,5,0.5,-1,-1,-1,-1,-1
5,3,5,1,5,1,-1,-1,-1,-1,-1
5,3,5,5,1,0.2,-1,-1,-1,-1,-1
5,3,5,5,1,0.5,-1,-1,-1,-1,-1
5,3,5,5,1,1,-1,-1,-1,-1,-1
5,3,5,5,3,0.2,-1,-1,-1,-1,-1
5,3,5,5,3,0.5,-1,-1,-1,-1,-1
5,3,5,5,3,1,-1,-1,-1,-1,-1
5,3,5,5,5,0.2,-1,-1,-1,-1,-1
5,3,5,5,5,0.5,-1,-1,-1,-1,-1
5,3,5,5,5,1,-1,-1,-1,-1,-1
5,3,7,0.2,1,0.2,12.41,0.31822,0,3073.006646,50.833685
5,3,7,0.2,1,0.5,12.41,0.31822,0,3073.006646,50.833685
5,3,7,0.2,1,1,12.41,0.31822,0,3073.006646,50.833685
5,3,7,0.2,3,0.2,12.12,0.31822,0,3073.006646,52.049711
5,3,7,0.2,3,0.5,12.12,0.31822,0,3073.006646,52.049711
5,3,7,0.2,3,1,12.12,0.31822,0,3073.006646,52.049711
5,3,7,0.2,5,0.2,11.84,0.31822,0,3073.006646,53.276166
5,3,7,0.2,5,0.5,11.84,0.31822,0,3073.006646,53.276166
5,3,7,0.2,5,1,11.84,0.31822,0,3073.006646,53.276166
5,3,7,0.5,1,0.2,15.24,0.359167,0,1217.14089,15.700651
5,3,7,0.5,1,0.5,15.24,0.359167,0,1217.14089,15.700651
5,3,7,0.5,1,1,15.24,0.359167,0,1217.14089,15.700651
5,3,7,0.5,3,0.2,14.95,0.359167,0,1217.14089,15.992113
5,3,7,0.5,3,0.5,14.95,0.359167,0,1217.14089,15.992113
5,3,7,0.5,3,1,14.95,0.359167,0,1217.14089,15.992113
5,3,7,0.5,5,0.2,14.65,0.359167,0,1217.14089,16.2964
5,3,7,0.5,5,0.5,14.65,0.359167,0,1217.14089,16.2964
5,3,7,0.5,5,1,14.65,0.359167,0,1217.14089,16.2964
5,3,7,1,1,0.2,-1,-1,-1,-1,-1
5,3,7,1,1,0.5,-1,-1,-1,-1,-1
5,3,7,1,1,1,-1,-1,-1,-1,-1
5,3,7,1,3,0.2,-1,-1,-1,-1,-1
5,3,7,1,3,0.5,-1,-1,-1,-1,-1
5,3,7,1,3,1,-1,-1,-1,-1,-1
5,3,7,1,5,0.2,-1,-1,-1,-1,-1
5,3,7,1,5,0.5,-1,-1,-1,-1,-1
5,3,7,1,5,1,-1,-1,-1,-1,-1
5,3,7,5,1,0.2,-1,-1,-1,-1,-1
5,3,7,5,1,0.5,-1,-1,-1,-1,-1
5,3,7,5,1,1,-1,-1,-1,-1,-1
5,3,7,5,3,0.2,-1,-1,-1,-1,-1
5,3,7,5,3,0.5,-1,-1,-1,-1,-1
5,3,7,5,3,1,-1,-1,-1,-1,-1
5,3,7,5,5,0.2,-1,-1,-1,-1,-1
5,3,7,5,5,0.5,-1,-1,-1,-1,-1
5,3,7,5,5,1,-1,-1,-1,-1,-1
5,3,10,0.2,1,0.2,8.66,0.31745,0,4400.952287,99.405885
5,3,10,0.2,1,0.5,8.66,0.31745,0,4400.952287,99.405885
5,3,10,0.2,1,1,8.66,0.31745,0,4400.952287,99.405885
5,3,10,0.2,3,0.2,8.46,0.31745,0,4400.952287,101.743687
5,3,10,0.2,3,0.5,8.46,0.31745,0,4400.952287,101.743687
5,3,10,0.2,3,1,8.46,0.31745,0,4400.952287,101.743687
5,3,10,0.2,5,0.2,8.26,0.31745,0,4400.952287,104.167487
5,3,10,0.2,5,0.5,8.26,0.31745,0,4400.952287,104.167487
5,3,10,0.2,5,1,8.26,0.31745,0,4400.952287,104.167487
5,3,10,0.5,1,0.2,-1,-1,-1,-1,-1
5,3,10,0.5,1,0.5,-1,-1,-1,-1,-1
5,3,10,0.5,1,1,-1,-1,-1,-1,-1
5,3,10,0.5,3,0.2,-1,-1,-1,-1,-1
5,3,10,0.5,3,0.5,-1,-1,-1,-1,-1
5,3,10,0.5,3,1,-1,-1,-1,-1,-1
5,3,10,0.5,5,0.2,-1,-1,-1,-1,-1
5,3,10,0.5,5,0.5,-1,-1,-1,-1,-1
5,3,10,0.5,5,1,-1,-1,-1,-1,-1
5,3,10,1,1,0.2,-1,-1,-1,-1,-1
5,3,10,1,1,0.5,-1,-1,-1,-1,-1
5,3,10,1,1,1,-1,-1,-1,-1,-1
5,3,10,1,3,0.2,-1,-1,-1,-1,-1
5,3,10,1,3,0.5,-1,-1,-1,-1,-1
5,3,10,1,3,1,-1,-1,-1,-1,-1
5,3,10,1,5,0.2,-1,-1,-1,-1,-1
5,3,10,1,5,0.5,-1,-1,-1,-1,-1
5,3,10,1,5,1,-1,-1,-1,-1,-1
5,3,10,5,1,0.2,-1,-1,-1,-1,-1
5,3,10,5,1,0.5,-1,-1,-1,-1,-1
5,3,10,5,1,1,-1,-1,-1,-1,-1
5,3,10,5,3,0.2,-1,-1,-1,-1,-1
5,3,10,5,3,0.5,-1,-1,-1,-1,-1
5,3,10,5,3,1,-1,-1,-1,-1,-1
5,3,10,5,5,0.2,-1,-1,-1,-1,-1
5,3,10,5,5,0.5,-1,-1,-1,-1,-1
5,3,10,5,5,1,-1,-1,-1,-1,-1
5,5,3,0.2,1,0.2,-1,-1,-1,-1,-1
5,5,3,0.2,1,0.5,-1,-1,-1,-1,-1
5,5,3,0.2,1,1,-1,-1,-1,-1,-1
5,5,3,0.2,3,0.2,-1,-1,-1,-1,-1
5,5,3,0.2,3,0.5,-1,-1,-1,-1,-1
5,5,3,0.2,3,1,-1,-1,-1,-1,-1
5,5,3,0.2,5,0.2,-1,-1,-1,-1,-1
5,5,3,0.2,5,0.5,-1,-1,-1,-1,-1
5,5,3,0.2,5,1,-1,-1,-1,-1,-1
5,5,3,0.5,1,0.2,-1,-1,-1,-1,-1
5,5,3,0.5,1,0.5,-1,-1,-1,-1,-1
5,5,3,0.5,1,1,-1,-1,-1,-1,-1
5,5,3,0.5,3,0.2,-1,-1,-1,-1,-1
5,5,3,0.5,3,0.5,-1,-1,-1,-1,-1
5,5,3,0.5,3,1,-1,-1,-1,-1,-1
5,5,3,0.5,5,0.2,-1,-1,-1,-1,-1
5,5,3,0.5,5,0.5,-1,-1,-1,-1,-1
5,5,3,0.5,5,1,-1,-1,-1,-1,-1
5,5,3,1,1,0.2,-1,-1,-1,-1,-1
5,5,3,1,1,0.5,-1,-1,-1,-1,-1
5,5,3,1,1,1,-1,-1,-1,-1,-1
5,5,3,1,3,0.2,-1,-1,-1,-1,-1
5,5,3,1,3,0.5,-1,-1,-1,-1,-1
5,5,3,1,3,1,-1,-1,-1,-1,-1
5,5,3,1,5,0.2,-1,-1,-1,-1,-1
5,5,3,1,5,0.5,-1,-1,-1,-1,-1
5,5,3,1,5,1,-1,-1,-1,-1,-1
5,5,3,5,1,0.2,-1,-1,-1,-1,-1
5,5,3,5,1,0.5,-1,-1,-1,-1,-1
5,5,3,5,1,1,-1,-1,-1,-1,-1
5,5,3,5,3,0.2,-1,-1,-1,-1,-1
5,5,3,5,3,0.5,-1,-1,-1,-1,-1
5,5,3,5,3,1,-1,-1,-1,-1,-1
5,5,3,5,5,0.2,-1,-1,-1,-1,-1
5,5,3,5,5,0.5,-1,-1,-1,-1,-1
5,5,3,5,5,1,-1,-1,-1,-1,-1
5,5,5,0.2,1,0.2,-1,-1,-1,-1,-1
5,5,5,0.2,1,0.5,-1,-1,-1,-1,-1
5,5,5,0.2,1,1,-1,-1,-1,-1,-1
5,5,5,0.2,3,0.2,-1,-1,-1,-1,-1
5,5,5,0.2,3,0.5,-1,-1,-1,-1,-1
5,5,5,0.2,3,1,-1,-1,-1,-1,-1
5,5,5,0.2,5,0.2,-1,-1,-1,-1,-1
5,5,5,0.2,5,0.5,-1,-1,-1,-1,-1
5,5,5,0.2,5,1,-1,-1,-1,-1,-1
5,5,5,0.5,1,0.2,-1,-1,-1,-1,-1
5,5,5,0.5,1,0.5,-1,-1,-1,-1,-1
5,5,5,0.5,1,1,-1,-1,-1,-1,-1
5,5,5,0.5,3,0.2,-1,-1,-1,-1,-1
5,5,5,0.5,3,0.5,-1,-1,-1,-1,-1
5,5,5,0.5,3,1,-1,-1,-1,-1,-1
5,5,5,0.5,5,0.2,-1,-1,-1,-1,-1
5,5,5,0.5,5,0.5,-1,-1,-1,-1,-1
5,5,5,0.5,5,1,-1,-1,-1,-1,-1
5,5,5,1,1,0.2,-1,-1,-1,-1,-1
5,5,5,1,1,0.5,-1,-1,-1,-1,-1
5,5,5,1,1,1,-1,-1,-1,-1,-1
5,5,5,1,3,0.2,-1,-1,-1,-1,-1
5,5,5,1,3,0.5,-1,-1,-1,-1,-1
5,5,5,1,3,1,-1,-1,-1,-1,-1
5,5,5,1,5,0.2,-1,-1,-1,-1,-1
5,5,5,1,5,0.5,-1,-1,-1,-1,-1
5,5,5,1,5,1,-1,-1,-1,-1,-1
5,5,5,5,1,0.2,-1,-1,-1,-1,-1
5,5,5,5,1,0.5,-1,-1,-1,-1,-1
5,5,5,5,1,1,-1,-1,-1,-1,-1
5,5,5,5,3,0.2,-1,-1,-1,-1,-1
5,5,5,5,3,0.5,-1,-1,-1,-1,-1
5,5,5,5,3,1,-1,-1,-1,-1,-1
5,5,5,5,5,0.2,-1,-1,-1,-1,-1
5,5,5,5,5,0.5,-1,-1,-1,-1,-1
5,5,5,5,5,1,-1,-1,-1,-1,-1
5,5,7,0.2,1,0.2,-1,-1,-1,-1,-1
5,5,7,0.2,1,0.5,-1,-1,-1,-1,-1
5,5,7,0.2,1,1,-1,-1,-1,-1,-1
5,5,7,0.2,3,0.2,-1,-1,-1,-1,-1
5,5,7,0.2,3,0.5,-1,-1,-1,-1,-1
5,5,7,0.2,3,1,-1,-1,-1,-1,-1
5,5,7,0.2,5,0.2,-1,-1,-1,-1,-1
5,5,7,0.2,5,0.5,-1,-1,-1,-1,-1
5,5,7,0.2,5,1,-1,-1,-1,-1,-1
5,5,7,0.5,1,0.2,-1,-1,-1,-1,-1
5,5,7,0.5,1,0.5,-1,-1,-1,-1,-1
5,5,7,0.5,1,1,-1,-1,-1,-1,-1
5,5,7,0.5,3,0.2,-1,-1,-1,-1,-1
5,5,7,0.5,3,0.5,-1,-1,-1,-1,-1
5,5,7,0.5,3,1,-1,-1,-1,-1,-1
5,5,7,0.5,5,0.2,-1,-1,-1,-1,-1
5,5,7,0.5,5,0.5,-1,-1,-1,-1,-1
5,5,7,0.5,5,1,-1,-1,-1,-1,-1
5,5,7,1,1,0.2,-1,-1,-1,-1,-1
5,5,7,1,1,0.5,-1,-1,-1,-1,-1
5,5,7,1,1,1,-1,-1,-1,-1,-1
5,5,7,1,3,0.2,-1,-1,-1,-1,-1
5,5,7,1,3,0.5,-1,-1,-1,-1,-1
5,5,7,1,3,1,-1,-1,-1,-1,-1
5,5,7,1,5,0.2,-1,-1,-1,-1,-1
5,5,7,1,5,0.5,-1,-1,-1,-1,-1
5,5,7,1,5,1,-1,-1,-1,-1,-1
5,5,7,5,1,0.2,-1,-1,-1,-1,-1
5,5,7,5,1,0.5,-1,-1,-1,-1,-1
5,5,7,5,1,1,-1,-1,-1,-1,-1
5,5,7,5,3,0.2,-1,-1,-1,-1,-1
5,5,7,5,3,0.5,-1,-1,-1,-1,-1
5,5,7,5,3,1,-1,-1,-1,-1,-1
5,5,7,5,5,0.2,-1,-1,-1,-1,-1
5,5,7,5,5,0.5,-1,-1,-1,-1,-1
5,5,7,5,5,1,-1,-1,-1,-1,-1
5,5,10,0.2,1,0.2,-1,-1,-1,-1,-1
5,5,10,0.2,1,0.5,-1,-1,-1,-1,-1
5,5,10,0.2,1,1,-1,-1,-1,-1,-1
5,5,10,0.2,3,0.2,-1,-1,-1,-1,-1
5,5,10,0.2,3,0.5,-1,-1,-1,-1,-1
5,5,10,0.2,3,1,-1,-1,-1,-1,-1
5,5,10,0.2,5,0.2,-1,-1,-1,-1,-1
5,5,10,0.2,5,0.5,-1,-1,-1,-1,-1
5,5,10,0.2,5,1,-1,-1,-1,-1,-1
5,5,10,0.5,1,0.2,-1,-1,-1,-1,-1
5,5,10,0.5,1,0.5,-1,-1,-1,-1,-1
5,5,10,0.5,1,1,-1,-1,-1,-1,-1
5,5,10,0.5,3,0.2,-1,-1,-1,-1,-1
5,5,10,0.5,3,0.5,-1,-1,-1,-1,-1
5,5,10,0.5,3,1,-1,-1,-1,-1,-1
5,5,10,0.5,5,0.2,-1,-1,-1,-1,-1
5,5,10,0.5,5,0.5,-1,-1,-1,-1,-1
5,5,10,0.5,5,1,-1,-1,-1,-1,-1
5,5,10,1,1,0.2,-1,-1,-1,-1,-1
5,5,10,1,1,0.5,-1,-1,-1,-1,-1
5,5,10,1,1,1,-1,-1,-1,-1,-1
5,5,10,1,3,0.2,-1,-1,-1,-1,-1
5,5,10,1,3,0.5,-1,-1,-1,-1,-1
5,5,10,1,3,1,-1,-1,-1,-1,-1
5,5,10,1,5,0.2,-1,-1,-1,-1,-1
5,5,10,1,5,0.5,-1,-1,-1,-1,-1
5,5,10,1,5,1,-1,-1,-1,-1,-1
5,5,10,5,1,0.2,-1,-1,-1,-1,-1
5,5,10,5,1,0.5,-1,-1,-1,-1,-1
5,5,10,5,1,1,-1,-1,-1,-1,-1
5,5,10,5,3,0.2,-1,-1,-1,-1,-1
5,5,10,5,3,0.5,-1,-1,-1,-1,-1
5,5,10,5,3,1,-1,-1,-1,-1,-1
5,5,10,5,5,0.2,-1,-1,-1,-1,-1
5,5,10,5,5,0.5,-1,-1,-1,-1,-1
5,5,10,5,5,1,-1,-1,-1,-1,-1
10,1,3,0.2,1,0.2,22.96,0,0,666.924567,4.941791
10,1,3,0.2,1,0.5,22.96,0,0,666.924567,4.941791
10,1,3,0.2,1,1,22.96,0,0,666.924567,4.941791
10,1,3,0.2,3,0.2,22.29,0,0,666.924567,5.0904
10,1,3,0.2,3,0.5,22.29,0,0,666.924567,5.0904
10,1,3,0.2,3,1,22.29,0,0,666.924567,5.0904
10,1,3,0.2,5,0.2,21.62,0,0,666.924567,5.248223
10,1,3,0.2,5,0.5,21.62,0,0,666.924567,5.248223
10,1,3,0.2,5,1,21.62,0,0,666.924567,5.248223
10,1,3,0.5,1,0.2,23.32,0,0,273.835266,1.733927
10,1,3,0.5,1,0.5,23.32,0,0,273.835266,1.733927
10,1,3,0.5,1,1,23.32,0,0,273.835266,1.733927
10,1,3,0.5,3,0.2,22.65,0,0,273.835266,1.785195
10,1,3,0.5,3,0.5,22.65,0,0,273.835266,1.785195
10,1,3,0.5,3,1,22.65,0,0,273.835266,1.785195
10,1,3,0.5,5,0.2,21.99,0,0,273.835266,1.838628
10,1,3,0.5,5,0.5,21.99,0,0,273.835266,1.838628
10,1,3,0.5,5,1,21.99,0,0,273.835266,1.838628
10,1,3,1,1,0.2,24,0,0,137.812622,0.801698
10,1,3,1,1,0.5,24,0,0,137.812622,0.801698
10,1,3,1,1,1,24,0,0,137.812622,0.801698
10,1,3,1,3,0.2,23.33,0,0,137.812622,0.824348
10,1,3,1,3,0.5,23.33,0,0,137.812622,0.824348
10,1,3,1,3,1,23.33,0,0,137.812622,0.824348
10,1,3,1,5,0.2,22.66,0,0,137.812622,0.848183
10,1,3,1,5,0.5,22.66,0,0,137.812622,0.848183
10,1,3,1,5,1,22.66,0,0,137.812622,0.848183
10,1,3,5,1,0.2,29.46,0.477718,0,28.925382,0.165662
10,1,3,5,1,0.5,29.46,0.477718,0,28.925382,0.165662
10,1,3,5,1,1,-1,-1,-1,-1,-1
10,1,3,5,3,0.2,28.75,0.477718,0,28.925382,0.169333
10,1,3,5,3,0.5,28.75,0.477718,0,28.925382,0.169333
10,1,3,5,3,1,-1,-1,-1,-1,-1
10,1,3,5,5,0.2,28.03,0.477718,0,28.925382,0.173449
10,1,3,5,5,0.5,28.03,0.477718,0,28.925382,0.173449
10,1,3,5,5,1,26.02,0,1,27.681729,0.157558
10,1,5,0.2,1,0.2,13.87,0,0,1110.822072,12.682293
10,1,5,0.2,1,0.5,13.87,0,0,1110.822072,12.682293
10,1,5,0.2,1,1,13.87,0,0,1110.822072,12.682293
10,1,5,0.2,3,0.2,13.47,0,0,1110.822072,13.059169
10,1,5,0.2,3,0.5,13.47,0,0,1110.822072,13.059169
10,1,5,0.2,3,1,13.47,0,0,1110.822072,13.059169
10,1,5,0.2,5,0.2,13.07,0,0,1110.822072,13.459039
10,1,5,0.2,5,0.5,13.07,0,0,1110.822072,13.459039
10,1,5,0.2,5,1,13.07,0,0,1110.822072,13.459039
10,1,5,0.5,1,0.2,14.25,0,0,457.509383,4.441757
10,1,5,0.5,1,0.5,14.25,0,0,457.509383,4.441757
10,1,5,0.5,1,1,14.25,0,0,457.509383,4.441757
10,1,5,0.5,3,0.2,13.85,0,0,457.509383,4.568965
10,1,5,0.5,3,0.5,13.85,0,0,457.509383,4.568965
10,1,5,0.5,3,1,13.85,0,0,457.509383,4.568965
10,1,5,0.5,5,0.2,13.45,0,0,457.509383,4.702659
10,1,5,0.5,5,0.5,13.45,0,0,457.509383,4.702659
10,1,5,0.5,5,1,13.45,0,0,457.509383,4.702659
10,1,5,1,1,0.2,14.96,0,0,229.76768,2.175213
10,1,5,1,1,0.5,14.96,0,0,229.76768,2.175213
10,1,5,1,1,1,14.96,0,0,229.76768,2.175213
10,1,5,1,3,0.2,14.55,0,0,229.76768,2.232331
10,1,5,1,3,0.5,14.55,0,0,229.76768,2.232331
10,1,5,1,3,1,14.55,0,0,229.76768,2.232331
10,1,5,1,5,0.2,14.14,0,0,229.76768,2.294705
10,1,5,1,5,0.5,14.14,0,0,229.76768,2.294705
10,1,5,1,5,1,14.14,0,0,229.76768,2.294705
10,1,5,5,1,0.2,-1,-1,-1,-1,-1
10,1,5,5,1,0.5,-1,-1,-1,-1,-1
10,1,5,5,1,1,-1,-1,-1,-1,-1
10,1,5,5,3,0.2,-1,-1,-1,-1,-1
10,1,5,5,3,0.5,-1,-1,-1,-1,-1
10,1,5,5,3,1,-1,-1,-1,-1,-1
10,1,5,5,5,0.2,-1,-1,-1,-1,-1
10,1,5,5,5,0.5,-1,-1,-1,-1,-1
10,1,5,5,5,1,-1,-1,-1,-1,-1
10,1,7,0.2,1,0.2,9.97,0,0,1560.407892,23.501531
10,1,7,0.2,1,0.5,9.97,0,0,1560.407892,23.501531
10,1,7,0.2,1,1,9.97,0,0,1560.407892,23.501531
10,1,7,0.2,3,0.2,9.69,0,0,1560.407892,24.180963
10,1,7,0.2,3,0.5,9.69,0,0,1560.407892,24.180963
10,1,7,0.2,3,1,9.69,0,0,1560.407892,24.180963
10,1,7,0.2,5,0.2,9.4,0,0,1560.407892,24.926098
10,1,7,0.2,5,0.5,9.4,0,0,1560.407892,24.926098
10,1,7,0.2,5,1,9.4,0,0,1560.407892,24.926098
10,1,7,0.5,1,0.2,10.39,0,0,742.654371,9.560175
10,1,7,0.5,1,0.5,10.39,0,0,742.654371,9.560175
10,1,7,0.5,1,1,10.39,0,0,742.654371,9.560175
10,1,7,0.5,3,0.2,10.11,0,0,742.654371,9.818882
10,1,7,0.5,3,0.5,10.11,0,0,742.654371,9.818882
10,1,7,0.5,3,1,10.11,0,0,742.654371,9.818882
10,1,7,0.5,5,0.2,9.82,0,0,742.654371,10.10202
10,1,7,0.5,5,0.5,9.82,0,0,742.654371,10.10202
10,1,7,0.5,5,1,9.82,0,0,742.654371,10.10202
10,1,7,1,1,0.2,11,0,0,321.77199,3.597183
10,1,7,1,1,0.5,11,0,0,321.77199,3.597183
10,1,7,1,1,1,11,0,0,321.77199,3.597183
10,1,7,1,3,0.2,10.7,0,0,321.77199,3.682101
10,1,7,1,3,0.5,10.7,0,0,321.77199,3.682101
10,1,7,1,3,1,10.7,0,0,321.77199,3.682101
10,1,7,1,5,0.2,10.41,0,0,321.77199,3.779317
10,1,7,1,5,0.5,10.41,0,0,321.77199,3.779317
10,1,7,1,5,1,10.41,0,0,321.77199,3.779317
10,1,7,5,1,0.2,-1,-1,-1,-1,-1
10,1,7,5,1,0.5,-1,-1,-1,-1,-1
10,1,7,5,1,1,-1,-1,-1,-1,-1
10,1,7,5,3,0.2,-1,-1,-1,-1,-1
10,1,7,5,3,0.5,-1,-1,-1,-1,-1
10,1,7,5,3,1,-1,-1,-1,-1,-1
10,1,7,5,5,0.2,-1,-1,-1,-1,-1
10,1,7,5,5,0.5,-1,-1,-1,-1,-1
10,1,7,5,5,1,-1,-1,-1,-1,-1
10,1,10,0.2,1,0.2,7.06,0,0,2242.054154,45.208896
10,1,10,0.2,1,0.5,7.06,0,0,2242.054154,45.208896
10,1,10,0.2,1,1,7.06,0,0,2242.054154,45.208896
10,1,10,0.2,3,0.2,6.86,0,0,2242.054154,46.524012
10,1,10,0.2,3,0.5,6.86,0,0,2242.054154,46.524012
10,1,10,0.2,3,1,6.86,0,0,2242.054154,46.524012
10,1,10,0.2,5,0.2,6.66,0,0,2242.054154,47.910144
10,1,10,0.2,5,0.5,6.66,0,0,2242.054154,47.910144
10,1,10,0.2,5,1,6.66,0,0,2242.054154,47.910144
10,1,10,0.5,1,0.2,7.47,0,0,913.455066,17.232117
10,1,10,0.5,1,0.5,7.47,0,0,913.455066,17.232117
10,1,10,0.5,1,1,7.47,0,0,913.455066,17.232117
10,1,10,0.5,3,0.2,7.27,0,0,913.455066,17.676482
10,1,10,0.5,3,0.5,7.27,0,0,913.455066,17.676482
10,1,10,0.5,3,1,7.27,0,0,913.455066,17.676482
10,1,10,0.5,5,0.2,7.07,0,0,913.455066,18.158336
10,1,10,0.5,5,0.5,7.07,0,0,913.455066,18.158336
10,1,10,0.5,5,1,7.07,0,0,913.455066,18.158336
10,1,10,1,1,0.2,8.15,0.158502,0,509.423034,8.988449
10,1,10,1,1,0.5,8.15,0.158502,0,509.423034,8.988449
10,1,10,1,1,1,8.15,0.158502,0,509.423034,8.988449
10,1,10,1,3,0.2,7.94,0.158502,0,509.423034,9.163536
10,1,10,1,3,0.5,7.94,0.158502,0,509.423034,9.163536
10,1,10,1,3,1,7.94,0.158502,0,509.423034,9.163536
10,1,10,1,5,0.2,7.73,0.158502,0,509.423034,9.397464
10,1,10,1,5,0.5,7.73,0.158502,0,509.423034,9.397464
10,1,10,1,5,1,7.73,0.158502,0,509.423034,9.397464
10,1,10,5,1,0.2,-1,-1,-1,-1,-1
10,1,10,5,1,0.5,-1,-1,-1,-1,-1
10,1,10,5,1,1,-1,-1,-1,-1,-1
10,1,10,5,3,0.2,-1,-1,-1,-1,-1
10,1,10,5,3,0.5,-1,-1,-1,-1,-1
10,1,10,5,3,1,-1,-1,-1,-1,-1
10,1,10,5,5,0.2,-1,-1,-1,-1,-1
10,1,10,5,5,0.5,-1,-1,-1,-1,-1
10,1,10,5,5,1,-1,-1,-1,-1,-1
10,3,3,0.2,1,0.2,36.75,0.365141,0,1234.510184,8.184479
10,3,3,0.2,1,0.5,40.5,0.365141,2,1234.510184,6.69248
10,3,3,0.2,1,1,-1,-1,-1,-1,-1
10,3,3,0.2,3,0.2,36.09,0.365141,0,1234.510184,8.334195
10,3,3,0.2,3,0.5,39.58,0.365141,2,1234.510184,7.299141
10,3,3,0.2,3,1,-1,-1,-1,-1,-1
10,3,3,0.2,5,0.2,35.42,0.365141,0,1234.510184,8.491886
10,3,3,0.2,5,0.5,37.77,0.365141,2,1234.510184,7.203809
10,3,3,0.2,5,1,-1,-1,-1,-1,-1
10,3,3,0.5,1,0.2,-1,-1,-1,-1,-1
10,3,3,0.5,1,0.5,-1,-1,-1,-1,-1
10,3,3,0.5,1,1,45.63,0.486546,6,868.044977,2.943939
10,3,3,0.5,3,0.2,-1,-1,-1,-1,-1
10,3,3,0.5,3,0.5,-1,-1,-1,-1,-1
10,3,3,0.5,3,1,41.95,0.486546,5,868.044977,2.824044
10,3,3,0.5,5,0.2,-1,-1,-1,-1,-1
10,3,3,0.5,5,0.5,-1,-1,-1,-1,-1
10,3,3,0.5,5,1,43.28,0.486546,7,868.044977,2.983599
10,3,3,1,1,0.2,-1,-1,-1,-1,-1
10,3,3,1,1,0.5,-1,-1,-1,-1,-1
10,3,3,1,1,1,51.9,0.37038,7,326.919741,1.682693
10,3,3,1,3,0.2,-1,-1,-1,-1,-1
10,3,3,1,3,0.5,-1,-1,-1,-1,-1
10,3,3,1,3,1,61.54,0.337403,10,279.099245,2.177953
10,3,3,1,5,0.2,-1,-1,-1,-1,-1
10,3,3,1,5,0.5,-1,-1,-1,-1,-1
10,3,3,1,5,1,-1,-1,-1,-1,-1
10,3,3,5,1,0.2,-1,-1,-1,-1,-1
10,3,3,5,1,0.5,-1,-1,-1,-1,-1
10,3,3,5,1,1,62.44,0.346377,11,92.586591,0.1937
10,3,3,5,3,0.2,-1,-1,-1,-1,-1
10,3,3,5,3,0.5,-1,-1,-1,-1,-1
10,3,3,5,3,1,-1,-1,-1,-1,-1
10,3,3,5,5,0.2,-1,-1,-1,-1,-1
10,3,3,5,5,0.5,-1,-1,-1,-1,-1
10,3,3,5,5,1,-1,-1,-1,-1,-1
10,3,5,0.2,1,0.2,23.34,0.429804,0,2059.33611,21.132802
10,3,5,0.2,1,0.5,24.5,0.429804,1,2059.33611,18.708064
10,3,5,0.2,1,1,26.88,0.429804,3,2380.533518,38.720213
10,3,5,0.2,3,0.2,22.94,0.429804,0,2059.33611,21.501409
10,3,5,0.2,3,0.5,22.94,0.429804,1,2059.33611,21.318449
10,3,5,0.2,3,1,22.87,0.429804,2,2078.559812,19.176714
10,3,5,0.2,5,0.2,22.54,0.429804,0,2059.33611,21.882819
10,3,5,0.2,5,0.5,22.64,0.429804,1,2059.33611,21.692999
10,3,5,0.2,5,1,23,0.429804,2,2180.154381,22.273124
10,3,5,0.5,1,0.2,-1,-1,-1,-1,-1
10,3,5,0.5,1,0.5,-1,-1,-1,-1,-1
10,3,5,0.5,1,1,-1,-1,-1,-1,-1
10,3,5,0.5,3,0.2,-1,-1,-1,-1,-1
10,3,5,0.5,3,0.5,-1,-1,-1,-1,-1
10,3,5,0.5,3,1,-1,-1,-1,-1,-1
10,3,5,0.5,5,0.2,-1,-1,-1,-1,-1
10,3,5,0.5,5,0.5,-1,-1,-1,-1,-1
10,3,5,0.5,5,1,-1,-1,-1,-1,-1
10,3,5,1,1,0.2,-1,-1,-1,-1,-1
10,3,5,1,1,0.5,-1,-1,-1,-1,-1
10,3,5,1,1,1,-1,-1,-1,-1,-1
10,3,5,1,3,0.2,-1,-1,-1,-1,-1
10,3,5,1,3,0.5,-1,-1,-1,-1,-1
10,3,5,1,3,1,-1,-1,-1,-1,-1
10,3,5,1,5,0.2,-1,-1,-1,-1,-1
10,3,5,1,5,0.5,-1,-1,-1,-1,-1
10,3,5,1,5,1,-1,-1,-1,-1,-1
10,3,5,5,1,0.2,-1,-1,-1,-1,-1
10,3,5,5,1,0.5,-1,-1,-1,-1,-1
10,3,5,5,1,1,-1,-1,-1,-1,-1
10,3,5,5,3,0.2,-1,-1,-1,-1,-1
10,3,5,5,3,0.5,-1,-1,-1,-1,-1
10,3,5,5,3,1,-1,-1,-1,-1,-1
10,3,5,5,5,0.2,-1,-1,-1,-1,-1
10,3,5,5,5,0.5,-1,-1,-1,-1,-1
10,3,5,5,5,1,-1,-1,-1,-1,-1
10,3,7,0.2,1,0.2,17.91,0.485789,0,3058.484312,33.069612
10,3,7,0.2,1,0.5,17.91,0.485789,0,3058.484312,33.069612
10,3,7,0.2,1,1,18.91,0.485789,1,3058.484312,32.140792
10,3,7,0.2,3,0.2,17.62,0.485789,0,3058.484312,33.61326
10,3,7,0.2,3,0.5,17.62,0.485789,0,3058.484312,33.61326
10,3,7,0.2,3,1,17.72,0.485789,1,3058.484312,36.174923
10,3,7,0.2,5,0.2,17.34,0.485789,0,3058.484312,34.152402
10,3,7,0.2,5,0.5,17.34,0.485789,0,3058.484312,34.152402
10,3,7,0.2,5,1,17.44,0.485789,1,3058.484312,33.604376
10,3,7,0.5,1,0.2,-1,-1,-1,-1,-1
10,3,7,0.5,1,0.5,-1,-1,-1,-1,-1
10,3,7,0.5,1,1,-1,-1,-1,-1,-1
10,3,7,0.5,3,0.2,-1,-1,-1,-1,-1
10,3,7,0.5,3,0.5,-1,-1,-1,-1,-1
10,3,7,0.5,3,1,-1,-1,-1,-1,-1
10,3,7,0.5,5,0.2,-1,-1,-1,-1,-1
10,3,7,0.5,5,0.5,-1,-1,-1,-1,-1
10,3,7,0.5,5,1,-1,-1,-1,-1,-1
10,3,7,1,1,0.2,-1,-1,-1,-1,-1
10,3,7,1,1,0.5,-1,-1,-1,-1,-1
10,3,7,1,1,1,-1,-1,-1,-1,-1
10,3,7,1,3,0.2,-1,-1,-1,-1,-1
10,3,7,1,3,0.5,-1,-1,-1,-1,-1
10,3,7,1,3,1,-1,-1,-1,-1,-1
10,3,7,1,5,0.2,-1,-1,-1,-1,-1
10,3,7,1,5,0.5,-1,-1,-1,-1,-1
10,3,7,1,5,1,-1,-1,-1,-1,-1
10,3,7,5,1,0.2,-1,-1,-1,-1,-1
10,3,7,5,1,0.5,-1,-1,-1,-1,-1
10,3,7,5,1,1,-1,-1,-1,-1,-1
10,3,7,5,3,0.2,-1,-1,-1,-1,-1
10,3,7,5,3,0.5,-1,-1,-1,-1,-1
10,3,7,5,3,1,-1,-1,-1,-1,-1
10,3,7,5,5,0.2,-1,-1,-1,-1,-1
10,3,7,5,5,0.5,-1,-1,-1,-1,-1
10,3,7,5,5,1,-1,-1,-1,-1,-1
10,3,10,0.2,1,0.2,-1,-1,-1,-1,-1
10,3,10,0.2,1,0.5,-1,-1,-1,-1,-1
10,3,10,0.2,1,1,-1,-1,-1,-1,-1
10,3,10,0.2,3,0.2,-1,-1,-1,-1,-1
10,3,10,0.2,3,0.5,-1,-1,-1,-1,-1
10,3,10,0.2,3,1,-1,-1,-1,-1,-1
10,3,10,0.2,5,0.2,-1,-1,-1,-1,-1
10,3,10,0.2,5,0.5,-1,-1,-1,-1,-1
10,3,10,0.2,5,1,-1,-1,-1,-1,-1
10,3,10,0.5,1,0.2,-1,-1,-1,-1,-1
10,3,10,0.5,1,0.5,-1,-1,-1,-1,-1
10,3,10,0.5,1,1,-1,-1,-1,-1,-1
10,3,10,0.5,3,0.2,-1,-1,-1,-1,-1
10,3,10,0.5,3,0.5,-1,-1,-1,-1,-1
10,3,10,0.5,3,1,-1,-1,-1,-1,-1
10,3,10,0.5,5,0.2,-1,-1,-1,-1,-1
10,3,10,0.5,5,0.5,-1,-1,-1,-1,-1
10,3,10,0.5,5,1,-1,-1,-1,-1,-1
10,3,10,1,1,0.2,-1,-1,-1,-1,-1
10,3,10,1,1,0.5,-1,-1,-1,-1,-1
10,3,10,1,1,1,-1,-1,-1,-1,-1
10,3,10,1,3,0.2,-1,-1,-1,-1,-1
10,3,10,1,3,0.5,-1,-1,-1,-1,-1
10,3,10,1,3,1,-1,-1,-1,-1,-1
10,3,10,1,5,0.2,-1,-1,-1,-1,-1
10,3,10,1,5,0.5,-1,-1,-1,-1,-1
10,3,10,1,5,1,-1,-1,-1,-1,-1
10,3,10,5,1,0.2,-1,-1,-1,-1,-1
10,3,10,5,1,0.5,-1,-1,-1,-1,-1
10,3,10,5,1,1,-1,-1,-1,-1,-1
10,3,10,5,3,0.2,-1,-1,-1,-1,-1
10,3,10,5,3,0.5,-1,-1,-1,-1,-1
10,3,10,5,3,1,-1,-1,-1,-1,-1
10,3,10,5,5,0.2,-1,-1,-1,-1,-1
10,3,10,5,5,0.5,-1,-1,-1,-1,-1
10,3,10,5,5,1,-1,-1,-1,-1,-1
10,5,3,0.2,1,0.2,-1,-1,-1,-1,-1
10,5,3,0.2,1,0.5,-1,-1,-1,-1,-1
10,5,3,0.2,1,1,-1,-1,-1,-1,-1
10,5,3,0.2,3,0.2,-1,-1,-1,-1,-1
10,5,3,0.2,3,0.5,-1,-1,-1,-1,-1
10,5,3,0.2,3,1,-1,-1,-1,-1,-1
10,5,3,0.2,5,0.2,-1,-1,-1,-1,-1
10,5,3,0.2,5,0.5,-1,-1,-1,-1,-1
10,5,3,0.2,5,1,-1,-1,-1,-1,-1
10,5,3,0.5,1,0.2,-1,-1,-1,-1,-1
10,5,3,0.5,1,0.5,-1,-1,-1,-1,-1
10,5,3,0.5,1,1,-1,-1,-1,-1,-1
10,5,3,0.5,3,0.2,-1,-1,-1,-1,-1
10,5,3,0.5,3,0.5,-1,-1,-1,-1,-1
10,5,3,0.5,3,1,-1,-1,-1,-1,-1
10,5,3,0.5,5,0.2,-1,-1,-1,-1,-1
10,5,3,0.5,5,0.5,-1,-1,-1,-1,-1
10,5,3,0.5,5,1,-1,-1,-1,-1,-1
10,5,3,1,1,0.2,-1,-1,-1,-1,-1
10,5,3,1,1,0.5,-1,-1,-1,-1,-1
10,5,3,1,1,1,-1,-1,-1,-1,-1
10,5,3,1,3,0.2,-1,-1,-1,-1,-1
10,5,3,1,3,0.5,-1,-1,-1,-1,-1
10,5,3,1,3,1,-1,-1,-1,-1,-1
10,5,3,1,5,0.2,-1,-1,-1,-1,-1
10,5,3,1,5,0.5,-1,-1,-1,-1,-1
10,5,3,1,5,1,-1,-1,-1,-1,-1
10,5,3,5,1,0.2,-1,-1,-1,-1,-1
10,5,3,5,1,0.5,-1,-1,-1,-1,-1
10,5,3,5,1,1,-1,-1,-1,-1,-1
10,5,3,5,3,0.2,-1,-1,-1,-1,-1
10,5,3,5,3,0.5,-1,-1,-1,-1,-1
10,5,3,5,3,1,-1,-1,-1,-1,-1
10,5,3,5,5,0.2,-1,-1,-1,-1,-1
10,5,3,5,5,0.5,-1,-1,-1,-1,-1
10,5,3,5,5,1,-1,-1,-1,-1,-1
10,5,5,0.2,1,0.2,-1,-1,-1,-1,-1
10,5,5,0.2,1,0.5,-1,-1,-1,-1,-1
10,5,5,0.2,1,1,-1,-1,-1,-1,-1
10,5,5,0.2,3,0.2,-1,-1,-1,-1,-1
10,5,5,0.2,3,0.5,79.63,0.317343,10,3771.650504,46.255819
10,5,5,0.2,3,1,53.21,0.290036,6,2358.789199,14.751875
10,5,5,0.2,5,0.2,-1,-1,-1,-1,-1
10,5,5,0.2,5,0.5,63.95,0.295979,7,3282.21894,37.010845
10,5,5,0.2,5,1,56.52,0.290036,7,2722.670512,31.186128
10,5,5,0.5,1,0.2,-1,-1,-1,-1,-1
10,5,5,0.5,1,0.5,-1,-1,-1,-1,-1
10,5,5,0.5,1,1,-1,-1,-1,-1,-1
10,5,5,0.5,3,0.2,-1,-1,-1,-1,-1
10,5,5,0.5,3,0.5,-1,-1,-1,-1,-1
10,5,5,0.5,3,1,-1,-1,-1,-1,-1
10,5,5,0.5,5,0.2,-1,-1,-1,-1,-1
10,5,5,0.5,5,0.5,-1,-1,-1,-1,-1
10,5,5,0.5,5,1,-1,-1,-1,-1,-1
10,5,5,1,1,0.2,-1,-1,-1,-1,-1
10,5,5,1,1,0.5,-1,-1,-1,-1,-1
10,5,5,1,1,1,-1,-1,-1,-1,-1
10,5,5,1,3,0.2,-1,-1,-1,-1,-1
10,5,5,1,3,0.5,-1,-1,-1,-1,-1
10,5,5,1,3,1,-1,-1,-1,-1,-1
10,5,5,1,5,0.2,-1,-1,-1,-1,-1
10,5,5,1,5,0.5,-1,-1,-1,-1,-1
10,5,5,1,5,1,-1,-1,-1,-1,-1
10,5,5,5,1,0.2,-1,-1,-1,-1,-1
10,5,5,5,1,0.5,-1,-1,-1,-1,-1
10,5,5,5,1,1,-1,-1,-1,-1,-1
10,5,5,5,3,0.2,-1,-1,-1,-1,-1
10,5,5,5,3,0.5,-1,-1,-1,-1,-1
10,5,5,5,3,1,-1,-1,-1,-1,-1
10,5,5,5,5,0.2,-1,-1,-1,-1,-1
10,5,5,5,5,0.5,-1,-1,-1,-1,-1
10,5,5,5,5,1,-1,-1,-1,-1,-1
10,5,7,0.2,1,0.2,-1,-1,-1,-1,-1
10,5,7,0.2,1,0.5,-1,-1,-1,-1,-1
10,5,7,0.2,1,1,-1,-1,-1,-1,-1
10,5,7,0.2,3,0.2,-1,-1,-1,-1,-1
10,5,7,0.2,3,0.5,62.76,0.323838,8,5241.991562,97.59065
10,5,7,0.2,3,1,55.15,0.306457,8,5319.581784,71.123622
10,5,7,0.2,5,0.2,-1,-1,-1,-1,-1
10,5,7,0.2,5,0.5,48.74,0.35649,4,3527.755525,82.852655
10,5,7,0.2,5,1,44.76,0.357113,5,3580.894375,73.015865
10,5,7,0.5,1,0.2,-1,-1,-1,-1,-1
10,5,7,0.5,1,0.5,-1,-1,-1,-1,-1
10,5,7,0.5,1,1,-1,-1,-1,-1,-1
10,5,7,0.5,3,0.2,-1,-1,-1,-1,-1
10,5,7,0.5,3,0.5,-1,-1,-1,-1,-1
10,5,7,0.5,3,1,-1,-1,-1,-1,-1
10,5,7,0.5,5,0.2,-1,-1,-1,-1,-1
10,5,7,0.5,5,0.5,-1,-1,-1,-1,-1
10,5,7,0.5,5,1,-1,-1,-1,-1,-1
10,5,7,1,1,0.2,-1,-1,-1,-1,-1
10,5,7,1,1,0.5,-1,-1,-1,-1,-1
10,5,7,1,1,1,-1,-1,-1,-1,-1
10,5,7,1,3,0.2,-1,-1,-1,-1,-1
10,5,7,1,3,0.5,-1,-1,-1,-1,-1
10,5,7,1,3,1,-1,-1,-1,-1,-1
10,5,7,1,5,0.2,-1,-1,-1,-1,-1
10,5,7,1,5,0.5,-1,-1,-1,-1,-1
10,5,7,1,5,1,-1,-1,-1,-1,-1
10,5,7,5,1,0.2,-1,-1,-1,-1,-1
10,5,7,5,1,0.5,-1,-1,-1,-1,-1
10,5,7,5,1,1,-1,-1,-1,-1,-1
10,5,7,5,3,0.2,-1,-1,-1,-1,-1
10,5,7,5,3,0.5,-1,-1,-1,-1,-1
10,5,7,5,3,1,-1,-1,-1,-1,-1
10,5,7,5,5,0.2,-1,-1,-1,-1,-1
10,5,7,5,5,0.5,-1,-1,-1,-1,-1
10,5,7,5,5,1,-1,-1,-1,-1,-1
10,5,10,0.2,1,0.2,-1,-1,-1,-1,-1
10,5,10,0.2,1,0.5,-1,-1,-1,-1,-1
10,5,10,0.2,1,1,-1,-1,-1,-1,-1
10,5,10,0.2,3,0.2,-1,-1,-1,-1,-1
10,5,10,0.2,3,0.5,-1,-1,-1,-1,-1
10,5,10,0.2,3,1,37.55,0.309871,5,7276.567677,38.239406
10,5,10,0.2,5,0.2,-1,-1,-1,-1,-1
10,5,10,0.2,5,0.5,-1,-1,-1,-1,-1
10,5,10,0.2,5,1,35.2,0.39084,4,5121.125817,159.750268
10,5,10,0.5,1,0.2,-1,-1,-1,-1,-1
10,5,10,0.5,1,0.5,-1,-1,-1,-1,-1
10,5,10,0.5,1,1,-1,-1,-1,-1,-1
10,5,10,0.5,3,0.2,-1,-1,-1,-1,-1
10,5,10,0.5,3,0.5,-1,-1,-1,-1,-1
10,5,10,0.5,3,1,-1,-1,-1,-1,-1
10,5,10,0.5,5,0.2,-1,-1,-1,-1,-1
10,5,10,0.5,5,0.5,-1,-1,-1,-1,-1
10,5,10,0.5,5,1,-1,-1,-1,-1,-1
10,5,10,1,1,0.2,-1,-1,-1,-1,-1
10,5,10,1,1,0.5,-1,-1,-1,-1,-1
10,5,10,1,1,1,-1,-1,-1,-1,-1
10,5,10,1,3,0.2,-1,-1,-1,-1,-1
10,5,10,1,3,0.5,-1,-1,-1,-1,-1
10,5,10,1,3,1,-1,-1,-1,-1,-1
10,5,10,1,5,0.2,-1,-1,-1,-1,-1
10,5,10,1,5,0.5,-1,-1,-1,-1,-1
10,5,10,1,5,1,-1,-1,-1,-1,-1
10,5,10,5,1,0.2,-1,-1,-1,-1,-1
10,5,10,5,1,0.5,-1,-1,-1,-1,-1
10,5,10,5,1,1,-1,-1,-1,-1,-1
10,5,10,5,3,0.2,-1,-1,-1,-1,-1
10,5,10,5,3,0.5,-1,-1,-1,-1,-1
10,5,10,5,3,1,-1,-1,-1,-1,-1
10,5,10,5,5,0.2,-1,-1,-1,-1,-1
10,5,10,5,5,0.5,-1,-1,-1,-1,-1
10,5,10,5,5,1,-1,-1,-1,-1,-1
15,1,3,0.2,1,0.2,20.91,0,0,525.807379,3.176068
15,1,3,0.2,1,0.5,20.91,0,0,525.807379,3.176068
15,1,3,0.2,1,1,20.91,0,0,525.807379,3.176068
15,1,3,0.2,3,0.2,20.25,0,0,525.807379,3.279635
15,1,3,0.2,3,0.5,20.25,0,0,525.807379,3.279635
15,1,3,0.2,3,1,20.25,0,0,525.807379,3.279635
15,1,3,0.2,5,0.2,19.58,0,0,525.807379,3.391917
15,1,3,0.2,5,0.5,19.58,0,0,525.807379,3.391917
15,1,3,0.2,5,1,19.58,0,0,525.807379,3.391917
15,1,3,0.5,1,0.2,21.55,0,0,211.036068,1.11888
15,1,3,0.5,1,0.5,21.55,0,0,211.036068,1.11888
15,1,3,0.5,1,1,21.55,0,0,211.036068,1.11888
15,1,3,0.5,3,0.2,20.88,0,0,211.036068,1.154769
15,1,3,0.5,3,0.5,20.88,0,0,211.036068,1.154769
15,1,3,0.5,3,1,20.88,0,0,211.036068,1.154769
15,1,3,0.5,5,0.2,20.22,0,0,211.036068,1.192362
15,1,3,0.5,5,0.5,20.22,0,0,211.036068,1.192362
15,1,3,0.5,5,1,20.22,0,0,211.036068,1.192362
15,1,3,1,1,0.2,22.42,0,0,105.223012,0.546302
15,1,3,1,1,0.5,22.42,0,0,105.223012,0.546302
15,1,3,1,1,1,22.42,0,0,105.223012,0.546302
15,1,3,1,3,0.2,21.75,0,0,105.223012,0.562863
15,1,3,1,3,0.5,21.75,0,0,105.223012,0.562863
15,1,3,1,3,1,21.75,0,0,105.223012,0.562863
15,1,3,1,5,0.2,21.08,0,0,105.223012,0.580286
15,1,3,1,5,0.5,21.08,0,0,105.223012,0.580286
15,1,3,1,5,1,21.08,0,0,105.223012,0.580286
15,1,3,5,1,0.2,29.34,0.371065,0,25.852248,0.155676
15,1,3,5,1,0.5,29.34,0.371065,0,25.852248,0.155676
15,1,3,5,1,1,-1,-1,-1,-1,-1
15,1,3,5,3,0.2,28.63,0.371065,0,25.852248,0.159054
15,1,3,5,3,0.5,28.63,0.371065,0,25.852248,0.159054
15,1,3,5,3,1,-1,-1,-1,-1,-1
15,1,3,5,5,0.2,27.91,0.371065,0,25.852248,0.162926
15,1,3,5,5,0.5,27.91,0.371065,0,25.852248,0.162926
15,1,3,5,5,1,26.91,0.110528,1,29.037569,0.155581
15,1,5,0.2,1,0.2,12.71,0,0,877.742999,8.055241
15,1,5,0.2,1,0.5,12.71,0,0,877.742999,8.055241
15,1,5,0.2,1,1,12.71,0,0,877.742999,8.055241
15,1,5,0.2,3,0.2,12.31,0,0,877.742999,8.317192
15,1,5,0.2,3,0.5,12.31,0,0,877.742999,8.317192
15,1,5,0.2,3,1,12.31,0,0,877.742999,8.317192
15,1,5,0.2,5,0.2,11.91,0,0,877.742999,8.596692
15,1,5,0.2,5,0.5,11.91,0,0,877.742999,8.596692
15,1,5,0.2,5,1,11.91,0,0,877.742999,8.596692
15,1,5,0.5,1,0.2,13.29,0,0,350.268863,2.9884
15,1,5,0.5,1,0.5,13.29,0,0,350.268863,2.9884
15,1,5,0.5,1,1,13.29,0,0,350.268863,2.9884
15,1,5,0.5,3,0.2,12.88,0,0,350.268863,3.082701
15,1,5,0.5,3,0.5,12.88,0,0,350.268863,3.082701
15,1,5,0.5,3,1,12.88,0,0,350.268863,3.082701
15,1,5,0.5,5,0.2,12.48,0,0,350.268863,3.179768
15,1,5,0.5,5,0.5,12.48,0,0,350.268863,3.179768
15,1,5,0.5,5,1,12.48,0,0,350.268863,3.179768
15,1,5,1,1,0.2,14.03,0,0,183.237021,1.505012
15,1,5,1,1,0.5,14.03,0,0,183.237021,1.505012
15,1,5,1,1,1,14.03,0,0,183.237021,1.505012
15,1,5,1,3,0.2,13.63,0,0,183.237021,1.547393
15,1,5,1,3,0.5,13.63,0,0,183.237021,1.547393
15,1,5,1,3,1,13.63,0,0,183.237021,1.547393
15,1,5,1,5,0.2,13.22,0,0,183.237021,1.592889
15,1,5,1,5,0.5,13.22,0,0,183.237021,1.592889
15,1,5,1,5,1,13.22,0,0,183.237021,1.592889
15,1,5,5,1,0.2,-1,-1,-1,-1,-1
15,1,5,5,1,0.5,-1,-1,-1,-1,-1
15,1,5,5,1,1,-1,-1,-1,-1,-1
15,1,5,5,3,0.2,-1,-1,-1,-1,-1
15,1,5,5,3,0.5,-1,-1,-1,-1,-1
15,1,5,5,3,1,-1,-1,-1,-1,-1
15,1,5,5,5,0.2,-1,-1,-1,-1,-1
15,1,5,5,5,0.5,-1,-1,-1,-1,-1
15,1,5,5,5,1,-1,-1,-1,-1,-1
15,1,7,0.2,1,0.2,9.2,0,0,1226.53163,14.99613
15,1,7,0.2,1,0.5,9.2,0,0,1226.53163,14.99613
15,1,7,0.2,1,1,9.2,0,0,1226.53163,14.99613
15,1,7,0.2,3,0.2,8.91,0,0,1226.53163,15.48451
15,1,7,0.2,3,0.5,8.91,0,0,1226.53163,15.48451
15,1,7,0.2,3,1,8.91,0,0,1226.53163,15.48451
15,1,7,0.2,5,0.2,8.63,0,0,1226.53163,15.986407
15,1,7,0.2,5,0.5,8.63,0,0,1226.53163,15.986407
15,1,7,0.2,5,1,8.63,0,0,1226.53163,15.986407
15,1,7,0.5,1,0.2,9.72,0,0,511.812253,5.938827
15,1,7,0.5,1,0.5,9.72,0,0,511.812253,5.938827
15,1,7,0.5,1,1,9.72,0,0,511.812253,5.938827
15,1,7,0.5,3,0.2,9.43,0,0,511.812253,6.117304
15,1,7,0.5,3,0.5,9.43,0,0,511.812253,6.117304
15,1,7,0.5,3,1,9.43,0,0,511.812253,6.117304
15,1,7,0.5,5,0.2,9.14,0,0,511.812253,6.304802
15,1,7,0.5,5,0.5,9.14,0,0,511.812253,6.304802
15,1,7,0.5,5,1,9.14,0,0,511.812253,6.304802
15,1,7,1,1,0.2,11,0,0,314.681286,3.406703
15,1,7,1,1,0.5,11,0,0,314.681286,3.406703
15,1,7,1,1,1,11,0,0,314.681286,3.406703
15,1,7,1,3,0.2,10.71,0,0,314.681286,3.48961
15,1,7,1,3,0.5,10.71,0,0,314.681286,3.48961
15,1,7,1,3,1,10.71,0,0,314.681286,3.48961
15,1,7,1,5,0.2,10.42,0,0,314.681286,3.581512
15,1,7,1,5,0.5,10.42,0,0,314.681286,3.581512
15,1,7,1,5,1,10.42,0,0,314.681286,3.581512
15,1,7,5,1,0.2,-1,-1,-1,-1,-1
15,1,7,5,1,0.5,-1,-1,-1,-1,-1
15,1,7,5,1,1,-1,-1,-1,-1,-1
15,1,7,5,3,0.2,-1,-1,-1,-1,-1
15,1,7,5,3,0.5,-1,-1,-1,-1,-1
15,1,7,5,3,1,-1,-1,-1,-1,-1
15,1,7,5,5,0.2,-1,-1,-1,-1,-1
15,1,7,5,5,0.5,-1,-1,-1,-1,-1
15,1,7,5,5,1,-1,-1,-1,-1,-1
15,1,10,0.2,1,0.2,6.55,0,0,1737.403429,28.546254
15,1,10,0.2,1,0.5,6.55,0,0,1737.403429,28.546254
15,1,10,0.2,1,1,6.55,0,0,1737.403429,28.546254
15,1,10,0.2,3,0.2,6.35,0,0,1737.403429,29.44314
15,1,10,0.2,3,0.5,6.35,0,0,1737.403429,29.44314
15,1,10,0.2,3,1,6.35,0,0,1737.403429,29.44314
15,1,10,0.2,5,0.2,6.15,0,0,1737.403429,30.392365
15,1,10,0.2,5,0.5,6.15,0,0,1737.403429,30.392365
15,1,10,0.2,5,1,6.15,0,0,1737.403429,30.392365
15,1,10,0.5,1,0.2,7.01,0,0,752.17049,11.841231
15,1,10,0.5,1,0.5,7.01,0,0,752.17049,11.841231
15,1,10,0.5,1,1,7.01,0,0,752.17049,11.841231
15,1,10,0.5,3,0.2,6.81,0,0,752.17049,12.175156
15,1,10,0.5,3,0.5,6.81,0,0,752.17049,12.175156
15,1,10,0.5,3,1,6.81,0,0,752.17049,12.175156
15,1,10,0.5,5,0.2,6.6,0,0,752.17049,12.542552
15,1,10,0.5,5,0.5,6.6,0,0,752.17049,12.542552
15,1,10,0.5,5,1,6.6,0,0,752.17049,12.542552
15,1,10,1,1,0.2,8.03,0,0,419.898757,7.399235
15,1,10,1,1,0.5,8.03,0,0,419.898757,7.399235
15,1,10,1,1,1,8.03,0,0,419.898757,7.399235
15,1,10,1,3,0.2,7.82,0,0,419.898757,7.555552
15,1,10,1,3,0.5,7.82,0,0,419.898757,7.555552
15,1,10,1,3,1,7.82,0,0,419.898757,7.555552
15,1,10,1,5,0.2,7.61,0,0,419.898757,7.75142
15,1,10,1,5,0.5,7.61,0,0,419.898757,7.75142
15,1,10,1,5,1,7.61,0,0,419.898757,7.75142
15,1,10,5,1,0.2,-1,-1,-1,-1,-1
15,1,10,5,1,0.5,-1,-1,-1,-1,-1
15,1,10,5,1,1,-1,-1,-1,-1,-1
15,1,10,5,3,0.2,-1,-1,-1,-1,-1
15,1,10,5,3,0.5,-1,-1,-1,-1,-1
15,1,10,5,3,1,-1,-1,-1,-1,-1
15,1,10,5,5,0.2,-1,-1,-1,-1,-1
15,1,10,5,5,0.5,-1,-1,-1,-1,-1
15,1,10,5,5,1,-1,-1,-1,-1,-1
15,3,3,0.2,1,0.2,29.83,0.327653,0,1247.600139,9.73605
15,3,3,0.2,1,0.5,35.32,0.327653,2,3040.899497,13.763505
15,3,3,0.2,1,1,31.68,0.324017,2,1305.834025,9.650141
15,3,3,0.2,3,0.2,29.16,0.327653,0,1247.600139,9.959828
15,3,3,0.2,3,0.5,33.48,0.327653,1,1281.771456,9.524766
15,3,3,0.2,3,1,30.66,0.324017,1,1305.834025,11.318051
15,3,3,0.2,5,0.2,28.49,0.327653,0,1247.600139,10.194134
15,3,3,0.2,5,0.5,32.17,0.327653,1,1281.771456,9.312421
15,3,3,0.2,5,1,29.64,0.324017,1,1305.834025,10.203097
15,3,3,0.5,1,0.2,28.69,0.333363,0,513.073429,3.41623
15,3,3,0.5,1,0.5,28.69,0.333363,0,513.073429,3.41623
15,3,3,0.5,1,1,32.71,0.333363,2,517.611186,3.531311
15,3,3,0.5,3,0.2,28.02,0.333363,0,513.073429,3.497803
15,3,3,0.5,3,0.5,28.02,0.333363,0,513.073429,3.497803
15,3,3,0.5,3,1,31.87,0.333363,1,517.611186,3.839595
15,3,3,0.5,5,0.2,27.35,0.333363,0,513.073429,3.582954
15,3,3,0.5,5,0.5,27.35,0.333363,0,513.073429,3.582954
15,3,3,0.5,5,1,29.8,0.333363,1,517.611186,3.639621
15,3,3,1,1,0.2,32.56,0.322304,0,258.340427,1.435259
15,3,3,1,1,0.5,40.12,0.346193,2,280.305018,1.53774
15,3,3,1,1,1,39.73,0.448672,4,263.951625,1.37519
15,3,3,1,3,0.2,31.89,0.322304,0,258.340427,1.464517
15,3,3,1,3,0.5,-1,-1,-1,-1,-1
15,3,3,1,3,1,41.15,0.375306,7,264.341716,1.461931
15,3,3,1,5,0.2,31.2,0.322304,0,258.340427,1.495092
15,3,3,1,5,0.5,37.23,0.346193,1,264.032138,1.277069
15,3,3,1,5,1,36.09,0.347239,3,263.951625,1.262782
15,3,3,5,1,0.2,-1,-1,-1,-1,-1
15,3,3,5,1,0.5,-1,-1,-1,-1,-1
15,3,3,5,1,1,-1,-1,-1,-1,-1
15,3,3,5,3,0.2,-1,-1,-1,-1,-1
15,3,3,5,3,0.5,-1,-1,-1,-1,-1
15,3,3,5,3,1,-1,-1,-1,-1,-1
15,3,3,5,5,0.2,-1,-1,-1,-1,-1
15,3,3,5,5,0.5,-1,-1,-1,-1,-1
15,3,3,5,5,1,-1,-1,-1,-1,-1
15,3,5,0.2,1,0.2,17.08,0.320058,0,2163.756731,26.364989
15,3,5,0.2,1,0.5,17.08,0.320058,0,2163.756731,26.364989
15,3,5,0.2,1,1,17.08,0.320058,0,2163.756731,26.364989
15,3,5,0.2,3,0.2,16.68,0.320058,0,2163.756731,26.997562
15,3,5,0.2,3,0.5,16.68,0.320058,0,2163.756731,26.997562
15,3,5,0.2,3,1,16.68,0.320058,0,2163.756731,26.997562
15,3,5,0.2,5,0.2,16.28,0.320058,0,2163.756731,27.660821
15,3,5,0.2,5,0.5,16.28,0.320058,0,2163.756731,27.660821
15,3,5,0.2,5,1,16.28,0.320058,0,2163.756731,27.660821
15,3,5,0.5,1,0.2,18.01,0.320724,0,870.111848,8.706973
15,3,5,0.5,1,0.5,18.01,0.320724,0,870.111848,8.706973
15,3,5,0.5,1,1,18.01,0.320724,0,870.111848,8.706973
15,3,5,0.5,3,0.2,17.61,0.320724,0,870.111848,8.901641
15,3,5,0.5,3,0.5,17.61,0.320724,0,870.111848,8.901641
15,3,5,0.5,3,1,17.61,0.320724,0,870.111848,8.901641
15,3,5,0.5,5,0.2,17.2,0.320724,0,870.111848,9.106387
15,3,5,0.5,5,0.5,17.2,0.320724,0,870.111848,9.106387
15,3,5,0.5,5,1,17.2,0.320724,0,870.111848,9.106387
15,3,5,1,1,0.2,-1,-1,-1,-1,-1
15,3,5,1,1,0.5,-1,-1,-1,-1,-1
15,3,5,1,1,1,-1,-1,-1,-1,-1
15,3,5,1,3,0.2,-1,-1,-1,-1,-1
15,3,5,1,3,0.5,-1,-1,-1,-1,-1
15,3,5,1,3,1,-1,-1,-1,-1,-1
15,3,5,1,5,0.2,-1,-1,-1,-1,-1
15,3,5,1,5,0.5,-1,-1,-1,-1,-1
15,3,5,1,5,1,-1,-1,-1,-1,-1
15,3,5,5,1,0.2,-1,-1,-1,-1,-1
15,3,5,5,1,0.5,-1,-1,-1,-1,-1
15,3,5,5,1,1,-1,-1,-1,-1,-1
15,3,5,5,3,0.2,-1,-1,-1,-1,-1
15,3,5,5,3,0.5,-1,-1,-1,-1,-1
15,3,5,5,3,1,-1,-1,-1,-1,-1
15,3,5,5,5,0.2,-1,-1,-1,-1,-1
15,3,5,5,5,0.5,-1,-1,-1,-1,-1
15,3,5,5,5,1,-1,-1,-1,-1,-1
15,3,7,0.2,1,0.2,11.86,0.31833,0,3065.467637,46.81087
15,3,7,0.2,1,0.5,11.86,0.31833,0,3065.467637,46.81087
15,3,7,0.2,1,1,11.86,0.31833,0,3065.467637,46.81087
15,3,7,0.2,3,0.2,11.57,0.31833,0,3065.467637,47.983831
15,3,7,0.2,3,0.5,11.57,0.31833,0,3065.467637,47.983831
15,3,7,0.2,3,1,11.57,0.31833,0,3065.467637,47.983831
15,3,7,0.2,5,0.2,11.29,0.31833,0,3065.467637,49.169151
15,3,7,0.2,5,0.5,11.29,0.31833,0,3065.467637,49.169151
15,3,7,0.2,5,1,11.29,0.31833,0,3065.467637,49.169151
15,3,7,0.5,1,0.2,15.48,0.393218,0,1226.513737,13.956733
15,3,7,0.5,1,0.5,15.48,0.393218,0,1226.513737,13.956733
15,3,7,0.5,1,1,-1,-1,-1,-1,-1
15,3,7,0.5,3,0.2,15.19,0.393218,0,1226.513737,14.210269
15,3,7,0.5,3,0.5,15.19,0.393218,0,1226.513737,14.210269
15,3,7,0.5,3,1,16.69,0.393218,1,1222.087304,14.992956
15,3,7,0.5,5,0.2,14.89,0.393218,0,1226.513737,14.473758
15,3,7,0.5,5,0.5,14.89,0.393218,0,1226.513737,14.473758
15,3,7,0.5,5,1,15.81,0.393218,1,1222.087304,14.724521
15,3,7,1,1,0.2,-1,-1,-1,-1,-1
15,3,7,1,1,0.5,-1,-1,-1,-1,-1
15,3,7,1,1,1,-1,-1,-1,-1,-1
15,3,7,1,3,0.2,-1,-1,-1,-1,-1
15,3,7,1,3,0.5,-1,-1,-1,-1,-1
15,3,7,1,3,1,-1,-1,-1,-1,-1
15,3,7,1,5,0.2,-1,-1,-1,-1,-1
15,3,7,1,5,0.5,-1,-1,-1,-1,-1
15,3,7,1,5,1,-1,-1,-1,-1,-1
15,3,7,5,1,0.2,-1,-1,-1,-1,-1
15,3,7,5,1,0.5,-1,-1,-1,-1,-1
15,3,7,5,1,1,-1,-1,-1,-1,-1
15,3,7,5,3,0.2,-1,-1,-1,-1,-1
15,3,7,5,3,0.5,-1,-1,-1,-1,-1
15,3,7,5,3,1,-1,-1,-1,-1,-1
15,3,7,5,5,0.2,-1,-1,-1,-1,-1
15,3,7,5,5,0.5,-1,-1,-1,-1,-1
15,3,7,5,5,1,-1,-1,-1,-1,-1
15,3,10,0.2,1,0.2,9.02,0.348218,0,4330.24734,88.614148
15,3,10,0.2,1,0.5,9.02,0.348218,0,4330.24734,88.614148
15,3,10,0.2,1,1,9.02,0.348218,0,4330.24734,88.614148
15,3,10,0.2,3,0.2,8.82,0.348218,0,4330.24734,90.612111
15,3,10,0.2,3,0.5,8.82,0.348218,0,4330.24734,90.612111
15,3,10,0.2,3,1,8.82,0.348218,0,4330.24734,90.612111
15,3,10,0.2,5,0.2,8.61,0.348218,0,4330.24734,92.782492
15,3,10,0.2,5,0.5,8.61,0.348218,0,4330.24734,92.782492
15,3,10,0.2,5,1,8.61,0.348218,0,4330.24734,92.782492
15,3,10,0.5,1,0.2,-1,-1,-1,-1,-1
15,3,10,0.5,1,0.5,-1,-1,-1,-1,-1
15,3,10,0.5,1,1,-1,-1,-1,-1,-1
15,3,10,0.5,3,0.2,-1,-1,-1,-1,-1
15,3,10,0.5,3,0.5,-1,-1,-1,-1,-1
15,3,10,0.5,3,1,-1,-1,-1,-1,-1
15,3,10,0.5,5,0.2,-1,-1,-1,-1,-1
15,3,10,0.5,5,0.5,-1,-1,-1,-1,-1
15,3,10,0.5,5,1,-1,-1,-1,-1,-1
15,3,10,1,1,0.2,-1,-1,-1,-1,-1
15,3,10,1,1,0.5,-1,-1,-1,-1,-1
15,3,10,1,1,1,-1,-1,-1,-1,-1
15,3,10,1,3,0.2,-1,-1,-1,-1,-1
15,3,10,1,3,0.5,-1,-1,-1,-1,-1
15,3,10,1,3,1,-1,-1,-1,-1,-1
15,3,10,1,5,0.2,-1,-1,-1,-1,-1
15,3,10,1,5,0.5,-1,-1,-1,-1,-1
15,3,10,1,5,1,-1,-1,-1,-1,-1
15,3,10,5,1,0.2,-1,-1,-1,-1,-1
15,3,10,5,1,0.5,-1,-1,-1,-1,-1
15,3,10,5,1,1,-1,-1,-1,-1,-1
15,3,10,5,3,0.2,-1,-1,-1,-1,-1
15,3,10,5,3,0.5,-1,-1,-1,-1,-1
15,3,10,5,3,1,-1,-1,-1,-1,-1
15,3,10,5,5,0.2,-1,-1,-1,-1,-1
15,3,10,5,5,0.5,-1,-1,-1,-1,-1
15,3,10,5,5,1,-1,-1,-1,-1,-1
15,5,3,0.2,1,0.2,-1,-1,-1,-1,-1
15,5,3,0.2,1,0.5,-1,-1,-1,-1,-1
15,5,3,0.2,1,1,-1,-1,-1,-1,-1
15,5,3,0.2,3,0.2,-1,-1,-1,-1,-1
15,5,3,0.2,3,0.5,-1,-1,-1,-1,-1
15,5,3,0.2,3,1,-1,-1,-1,-1,-1
15,5,3,0.2,5,0.2,-1,-1,-1,-1,-1
15,5,3,0.2,5,0.5,74.74,0.233686,8,1530.026996,15.420185
15,5,3,0.2,5,1,-1,-1,-1,-1,-1
15,5,3,0.5,1,0.2,-1,-1,-1,-1,-1
15,5,3,0.5,1,0.5,-1,-1,-1,-1,-1
15,5,3,0.5,1,1,-1,-1,-1,-1,-1
15,5,3,0.5,3,0.2,-1,-1,-1,-1,-1
15,5,3,0.5,3,0.5,-1,-1,-1,-1,-1
15,5,3,0.5,3,1,-1,-1,-1,-1,-1
15,5,3,0.5,5,0.2,-1,-1,-1,-1,-1
15,5,3,0.5,5,0.5,86.67,0.263756,12,540.018076,2.580208
15,5,3,0.5,5,1,76.51,0.250789,10,485.174227,2.182626
15,5,3,1,1,0.2,-1,-1,-1,-1,-1
15,5,3,1,1,0.5,-1,-1,-1,-1,-1
15,5,3,1,1,1,-1,-1,-1,-1,-1
15,5,3,1,3,0.2,-1,-1,-1,-1,-1
15,5,3,1,3,0.5,109.02,0.434283,19,512.892188,0.673133
15,5,3,1,3,1,-1,-1,-1,-1,-1
15,5,3,1,5,0.2,124.84,0.422386,18,249.088978,0.437033
15,5,3,1,5,0.5,112.44,0.42106,19,169.478626,0.49741
15,5,3,1,5,1,-1,-1,-1,-1,-1
15,5,3,5,1,0.2,-1,-1,-1,-1,-1
15,5,3,5,1,0.5,-1,-1,-1,-1,-1
15,5,3,5,1,1,-1,-1,-1,-1,-1
15,5,3,5,3,0.2,-1,-1,-1,-1,-1
15,5,3,5,3,0.5,-1,-1,-1,-1,-1
15,5,3,5,3,1,-1,-1,-1,-1,-1
15,5,3,5,5,0.2,-1,-1,-1,-1,-1
15,5,3,5,5,0.5,-1,-1,-1,-1,-1
15,5,3,5,5,1,-1,-1,-1,-1,-1
15,5,5,0.2,1,0.2,-1,-1,-1,-1,-1
15,5,5,0.2,1,0.5,-1,-1,-1,-1,-1
15,5,5,0.2,1,1,-1,-1,-1,-1,-1
15,5,5,0.2,3,0.2,-1,-1,-1,-1,-1
15,5,5,0.2,3,0.5,-1,-1,-1,-1,-1
15,5,5,0.2,3,1,-1,-1,-1,-1,-1
15,5,5,0.2,5,0.2,-1,-1,-1,-1,-1
15,5,5,0.2,5,0.5,-1,-1,-1,-1,-1
15,5,5,0.2,5,1,52.5,0.255801,7,2560.091829,36.621272
15,5,5,0.5,1,0.2,-1,-1,-1,-1,-1
15,5,5,0.5,1,0.5,-1,-1,-1,-1,-1
15,5,5,0.5,1,1,-1,-1,-1,-1,-1
15,5,5,0.5,3,0.2,-1,-1,-1,-1,-1
15,5,5,0.5,3,0.5,-1,-1,-1,-1,-1
15,5,5,0.5,3,1,-1,-1,-1,-1,-1
15,5,5,0.5,5,0.2,-1,-1,-1,-1,-1
15,5,5,0.5,5,0.5,62.21,0.337301,9,935.352199,5.073742
15,5,5,0.5,5,1,59.54,0.334989,9,841.455202,4.372151
15,5,5,1,1,0.2,-1,-1,-1,-1,-1
15,5,5,1,1,0.5,-1,-1,-1,-1,-1
15,5,5,1,1,1,-1,-1,-1,-1,-1
15,5,5,1,3,0.2,-1,-1,-1,-1,-1
15,5,5,1,3,0.5,-1,-1,-1,-1,-1
15,5,5,1,3,1,-1,-1,-1,-1,-1
15,5,5,1,5,0.2,-1,-1,-1,-1,-1
15,5,5,1,5,0.5,-1,-1,-1,-1,-1
15,5,5,1,5,1,-1,-1,-1,-1,-1
15,5,5,5,1,0.2,-1,-1,-1,-1,-1
15,5,5,5,1,0.5,-1,-1,-1,-1,-1
15,5,5,5,1,1,-1,-1,-1,-1,-1
15,5,5,5,3,0.2,-1,-1,-1,-1,-1
15,5,5,5,3,0.5,-1,-1,-1,-1,-1
15,5,5,5,3,1,-1,-1,-1,-1,-1
15,5,5,5,5,0.2,-1,-1,-1,-1,-1
15,5,5,5,5,0.5,-1,-1,-1,-1,-1
15,5,5,5,5,1,-1,-1,-1,-1,-1
15,5,7,0.2,1,0.2,-1,-1,-1,-1,-1
15,5,7,0.2,1,0.5,-1,-1,-1,-1,-1
15,5,7,0.2,1,1,-1,-1,-1,-1,-1
15,5,7,0.2,3,0.2,-1,-1,-1,-1,-1
15,5,7,0.2,3,0.5,-1,-1,-1,-1,-1
15,5,7,0.2,3,1,-1,-1,-1,-1,-1
15,5,7,0.2,5,0.2,-1,-1,-1,-1,-1
15,5,7,0.2,5,0.5,-1,-1,-1,-1,-1
15,5,7,0.2,5,1,44.11,0.284759,7,3578.933639,82.712573
15,5,7,0.5,1,0.2,79.92,0.489874,15,1396.207404,5.844563
15,5,7,0.5,1,0.5,-1,-1,-1,-1,-1
15,5,7,0.5,1,1,-1,-1,-1,-1,-1
15,5,7,0.5,3,0.2,79.44,0.489874,15,1396.207404,5.859508
15,5,7,0.5,3,0.5,-1,-1,-1,-1,-1
15,5,7,0.5,3,1,-1,-1,-1,-1,-1
15,5,7,0.5,5,0.2,82.72,0.489102,17,1396.825687,5.545415
15,5,7,0.5,5,0.5,-1,-1,-1,-1,-1
15,5,7,0.5,5,1,64.19,0.499413,13,943.376071,3.889003
15,5,7,1,1,0.2,-1,-1,-1,-1,-1
15,5,7,1,1,0.5,-1,-1,-1,-1,-1
15,5,7,1,1,1,-1,-1,-1,-1,-1
15,5,7,1,3,0.2,-1,-1,-1,-1,-1
15,5,7,1,3,0.5,-1,-1,-1,-1,-1
15,5,7,1,3,1,-1,-1,-1,-1,-1
15,5,7,1,5,0.2,-1,-1,-1,-1,-1
15,5,7,1,5,0.5,-1,-1,-1,-1,-1
15,5,7,1,5,1,-1,-1,-1,-1,-1
15,5,7,5,1,0.2,-1,-1,-1,-1,-1
15,5,7,5,1,0.5,-1,-1,-1,-1,-1
15,5,7,5,1,1,-1,-1,-1,-1,-1
15,5,7,5,3,0.2,-1,-1,-1,-1,-1
15,5,7,5,3,0.5,-1,-1,-1,-1,-1
15,5,7,5,3,1,-1,-1,-1,-1,-1
15,5,7,5,5,0.2,-1,-1,-1,-1,-1
15,5,7,5,5,0.5,-1,-1,-1,-1,-1
15,5,7,5,5,1,-1,-1,-1,-1,-1
15,5,10,0.2,1,0.2,-1,-1,-1,-1,-1
15,5,10,0.2,1,0.5,-1,-1,-1,-1,-1
15,5,10,0.2,1,1,-1,-1,-1,-1,-1
15,5,10,0.2,3,0.2,-1,-1,-1,-1,-1
15,5,10,0.2,3,0.5,-1,-1,-1,-1,-1
15,5,10,0.2,3,1,-1,-1,-1,-1,-1
15,5,10,0.2,5,0.2,-1,-1,-1,-1,-1
15,5,10,0.2,5,0.5,-1,-1,-1,-1,-1
15,5,10,0.2,5,1,-1,-1,-1,-1,-1
15,5,10,0.5,1,0.2,-1,-1,-1,-1,-1
15,5,10,0.5,1,0.5,-1,-1,-1,-1,-1
15,5,10,0.5,1,1,-1,-1,-1,-1,-1
15,5,10,0.5,3,0.2,-1,-1,-1,-1,-1
15,5,10,0.5,3,0.5,-1,-1,-1,-1,-1
15,5,10,0.5,3,1,-1,-1,-1,-1,-1
15,5,10,0.5,5,0.2,-1,-1,-1,-1,-1
15,5,10,0.5,5,0.5,-1,-1,-1,-1,-1
15,5,10,0.5,5,1,-1,-1,-1,-1,-1
15,5,10,1,1,0.2,-1,-1,-1,-1,-1
15,5,10,1,1,0.5,-1,-1,-1,-1,-1
15,5,10,1,1,1,-1,-1,-1,-1,-1
15,5,10,1,3,0.2,-1,-1,-1,-1,-1
15,5,10,1,3,0.5,-1,-1,-1,-1,-1
15,5,10,1,3,1,-1,-1,-1,-1,-1
15,5,10,1,5,0.2,-1,-1,-1,-1,-1
15,5,10,1,5,0.5,-1,-1,-1,-1,-1
15,5,10,1,5,1,-1,-1,-1,-1,-1
15,5,10,5,1,0.2,-1,-1,-1,-1,-1
15,5,10,5,1,0.5,-1,-1,-1,-1,-1
15,5,10,5,1,1,-1,-1,-1,-1,-1
15,5,10,5,3,0.2,-1,-1,-1,-1,-1
15,5,10,5,3,0.5,-1,-1,-1,-1,-1
15,5,10,5,3,1,-1,-1,-1,-1,-1
15,5,10,5,5,0.2,-1,-1,-1,-1,-1
15,5,10,5,5,0.5,-1,-1,-1,-1,-1
15,5,10,5,5,1,-1,-1,-1,-1,-1
20,1,3,0.2,1,0.2,20.87,0,0,402.049614,3.053279
20,1,3,0.2,1,0.5,20.87,0,0,402.049614,3.053279
20,1,3,0.2,1,1,20.87,0,0,402.049614,3.053279
20,1,3,0.2,3,0.2,20.21,0,0,402.049614,3.153039
20,1,3,0.2,3,0.5,20.21,0,0,402.049614,3.153039
20,1,3,0.2,3,1,20.21,0,0,402.049614,3.153039
20,1,3,0.2,5,0.2,19.54,0,0,402.049614,3.261208
20,1,3,0.2,5,0.5,19.54,0,0,402.049614,3.261208
20,1,3,0.2,5,1,19.54,0,0,402.049614,3.261208
20,1,3,0.5,1,0.2,21.49,0,0,158.37806,1.086082
20,1,3,0.5,1,0.5,21.49,0,0,158.37806,1.086082
20,1,3,0.5,1,1,21.49,0,0,158.37806,1.086082
20,1,3,0.5,3,0.2,20.83,0,0,158.37806,1.12048
20,1,3,0.5,3,0.5,20.83,0,0,158.37806,1.12048
20,1,3,0.5,3,1,20.83,0,0,158.37806,1.12048
20,1,3,0.5,5,0.2,20.16,0,0,158.37806,1.157616
20,1,3,0.5,5,0.5,20.16,0,0,158.37806,1.157616
20,1,3,0.5,5,1,20.16,0,0,158.37806,1.157616
20,1,3,1,1,0.2,22.34,0,0,96.8048,0.534459
20,1,3,1,1,0.5,22.34,0,0,96.8048,0.534459
20,1,3,1,1,1,22.34,0,0,96.8048,0.534459
20,1,3,1,3,0.2,21.67,0,0,96.8048,0.550713
20,1,3,1,3,0.5,21.67,0,0,96.8048,0.550713
20,1,3,1,3,1,21.67,0,0,96.8048,0.550713
20,1,3,1,5,0.2,21,0,0,96.8048,0.567813
20,1,3,1,5,0.5,21,0,0,96.8048,0.567813
20,1,3,1,5,1,21,0,0,96.8048,0.567813
20,1,3,5,1,0.2,-1,-1,-1,-1,-1
20,1,3,5,1,0.5,-1,-1,-1,-1,-1
20,1,3,5,1,1,-1,-1,-1,-1,-1
20,1,3,5,3,0.2,-1,-1,-1,-1,-1
20,1,3,5,3,0.5,-1,-1,-1,-1,-1
20,1,3,5,3,1,-1,-1,-1,-1,-1
20,1,3,5,5,0.2,-1,-1,-1,-1,-1
20,1,3,5,5,0.5,-1,-1,-1,-1,-1
20,1,3,5,5,1,26.55,0.04313,1,27.883583,0.150436
20,1,5,0.2,1,0.2,12.69,0,0,669.102895,7.786997
20,1,5,0.2,1,0.5,12.69,0,0,669.102895,7.786997
20,1,5,0.2,1,1,12.69,0,0,669.102895,7.786997
20,1,5,0.2,3,0.2,12.29,0,0,669.102895,8.040637
20,1,5,0.2,3,0.5,12.29,0,0,669.102895,8.040637
20,1,5,0.2,3,1,12.29,0,0,669.102895,8.040637
20,1,5,0.2,5,0.2,11.89,0,0,669.102895,8.311298
20,1,5,0.2,5,0.5,11.89,0,0,669.102895,8.311298
20,1,5,0.2,5,1,11.89,0,0,669.102895,8.311298
20,1,5,0.5,1,0.2,13.24,0,0,272.81505,2.919398
20,1,5,0.5,1,0.5,13.24,0,0,272.81505,2.919398
20,1,5,0.5,1,1,13.24,0,0,272.81505,2.919398
20,1,5,0.5,3,0.2,12.84,0,0,272.81505,3.00955
20,1,5,0.5,3,0.5,12.84,0,0,272.81505,3.00955
20,1,5,0.5,3,1,12.84,0,0,272.81505,3.00955
20,1,5,0.5,5,0.2,12.43,0,0,272.81505,3.107061
20,1,5,0.5,5,0.5,12.43,0,0,272.81505,3.107061
20,1,5,0.5,5,1,12.43,0,0,272.81505,3.107061
20,1,5,1,1,0.2,13.95,0,0,181.611933,1.461779
20,1,5,1,1,0.5,13.95,0,0,181.611933,1.461779
20,1,5,1,1,1,13.95,0,0,181.611933,1.461779
20,1,5,1,3,0.2,13.55,0,0,181.611933,1.503147
20,1,5,1,3,0.5,13.55,0,0,181.611933,1.503147
20,1,5,1,3,1,13.55,0,0,181.611933,1.503147
20,1,5,1,5,0.2,13.14,0,0,181.611933,1.547554
20,1,5,1,5,0.5,13.14,0,0,181.611933,1.547554
20,1,5,1,5,1,13.14,0,0,181.611933,1.547554
20,1,5,5,1,0.2,-1,-1,-1,-1,-1
20,1,5,5,1,0.5,-1,-1,-1,-1,-1
20,1,5,5,1,1,-1,-1,-1,-1,-1
20,1,5,5,3,0.2,-1,-1,-1,-1,-1
20,1,5,5,3,0.5,-1,-1,-1,-1,-1
20,1,5,5,3,1,-1,-1,-1,-1,-1
20,1,5,5,5,0.2,-1,-1,-1,-1,-1
20,1,5,5,5,0.5,-1,-1,-1,-1,-1
20,1,5,5,5,1,-1,-1,-1,-1,-1
20,1,7,0.2,1,0.2,9.18,0,0,937.205434,14.507006
20,1,7,0.2,1,0.5,9.18,0,0,937.205434,14.507006
20,1,7,0.2,1,1,9.18,0,0,937.205434,14.507006
20,1,7,0.2,3,0.2,8.89,0,0,937.205434,14.980515
20,1,7,0.2,3,0.5,8.89,0,0,937.205434,14.980515
20,1,7,0.2,3,1,8.89,0,0,937.205434,14.980515
20,1,7,0.2,5,0.2,8.6,0,0,937.205434,15.485111
20,1,7,0.2,5,0.5,8.6,0,0,937.205434,15.485111
20,1,7,0.2,5,1,8.6,0,0,937.205434,15.485111
20,1,7,0.5,1,0.2,9.68,0,0,507.638509,5.797224
20,1,7,0.5,1,0.5,9.68,0,0,507.638509,5.797224
20,1,7,0.5,1,1,9.68,0,0,507.638509,5.797224
20,1,7,0.5,3,0.2,9.39,0,0,507.638509,5.972109
20,1,7,0.5,3,0.5,9.39,0,0,507.638509,5.972109
20,1,7,0.5,3,1,9.39,0,0,507.638509,5.972109
20,1,7,0.5,5,0.2,9.1,0,0,507.638509,6.15578
20,1,7,0.5,5,0.5,9.1,0,0,507.638509,6.15578
20,1,7,0.5,5,1,9.1,0,0,507.638509,6.15578
20,1,7,1,1,0.2,10.36,0,0,181.058446,3.011149
20,1,7,1,1,0.5,10.36,0,0,181.058446,3.011149
20,1,7,1,1,1,10.36,0,0,181.058446,3.011149
20,1,7,1,3,0.2,10.06,0,0,181.058446,3.095728
20,1,7,1,3,0.5,10.06,0,0,181.058446,3.095728
20,1,7,1,3,1,10.06,0,0,181.058446,3.095728
20,1,7,1,5,0.2,9.77,0,0,181.058446,3.182327
20,1,7,1,5,0.5,9.77,0,0,181.058446,3.182327
20,1,7,1,5,1,9.77,0,0,181.058446,3.182327
20,1,7,5,1,0.2,27.68,0.141959,0,84.662952,0.746019
20,1,7,5,1,0.5,27.68,0.141959,0,84.662952,0.746019
20,1,7,5,1,1,27.62,0.141959,1,84.662952,0.757693
20,1,7,5,3,0.2,22.25,0.141959,0,84.662952,0.736207
20,1,7,5,3,0.5,22.25,0.141959,0,84.662952,0.736207
20,1,7,5,3,1,22.25,0.141959,0,84.662952,0.736207
20,1,7,5,5,0.2,15.65,0.141959,0,84.662952,0.850347
20,1,7,5,5,0.5,15.65,0.141959,0,84.662952,0.850347
20,1,7,5,5,1,15.65,0.141959,0,84.662952,0.850347
20,1,10,0.2,1,0.2,6.53,0,0,1315.341202,27.76886
20,1,10,0.2,1,0.5,6.53,0,0,1315.341202,27.76886
20,1,10,0.2,1,1,6.53,0,0,1315.341202,27.76886
20,1,10,0.2,3,0.2,6.33,0,0,1315.341202,28.64398
20,1,10,0.2,3,0.5,6.33,0,0,1315.341202,28.64398
20,1,10,0.2,3,1,6.33,0,0,1315.341202,28.64398
20,1,10,0.2,5,0.2,6.13,0,0,1315.341202,29.570179
20,1,10,0.2,5,0.5,6.13,0,0,1315.341202,29.570179
20,1,10,0.2,5,1,6.13,0,0,1315.341202,29.570179
20,1,10,0.5,1,0.2,6.98,0,0,734.445832,11.593697
20,1,10,0.5,1,0.5,6.98,0,0,734.445832,11.593697
20,1,10,0.5,1,1,6.98,0,0,734.445832,11.593697
20,1,10,0.5,3,0.2,6.77,0,0,734.445832,11.938503
20,1,10,0.5,3,0.5,6.77,0,0,734.445832,11.938503
20,1,10,0.5,3,1,6.77,0,0,734.445832,11.938503
20,1,10,0.5,5,0.2,6.57,0,0,734.445832,12.282342
20,1,10,0.5,5,0.5,6.57,0,0,734.445832,12.282342
20,1,10,0.5,5,1,6.57,0,0,734.445832,12.282342
20,1,10,1,1,0.2,7.72,0.277922,0,601.339617,6.758775
20,1,10,1,1,0.5,7.72,0.277922,0,601.339617,6.758775
20,1,10,1,1,1,7.72,0.277922,0,601.339617,6.758775
20,1,10,1,3,0.2,7.51,0.277922,0,601.339617,6.93443
20,1,10,1,3,0.5,7.51,0.277922,0,601.339617,6.93443
20,1,10,1,3,1,7.51,0.277922,0,601.339617,6.93443
20,1,10,1,5,0.2,7.3,0.277922,0,601.339617,7.122095
20,1,10,1,5,0.5,7.3,0.277922,0,601.339617,7.122095
20,1,10,1,5,1,7.3,0.277922,0,601.339617,7.122095
20,1,10,5,1,0.2,27.23,0.467109,0,131.156286,1.262014
20,1,10,5,1,0.5,27.23,0.467109,0,131.156286,1.262014
20,1,10,5,1,1,27.37,0.467109,1,131.156286,1.292221
20,1,10,5,3,0.2,18.86,0.467109,0,131.156286,1.253041
20,1,10,5,3,0.5,18.86,0.467109,0,131.156286,1.253041
20,1,10,5,3,1,18.86,0.467109,0,131.156286,1.253041
20,1,10,5,5,0.2,18.15,0.467109,0,131.156286,1.271582
20,1,10,5,5,0.5,18.15,0.467109,0,131.156286,1.271582
20,1,10,5,5,1,18.15,0.467109,0,131.156286,1.271582
20,3,3,0.2,1,0.2,29.86,0.327685,0,1245.396844,9.663358
20,3,3,0.2,1,0.5,38.91,0.327685,3,2099.219764,26.993074
20,3,3,0.2,1,1,35.32,0.32462,3,1310.200764,8.366469
20,3,3,0.2,3,0.2,29.19,0.327685,0,1245.396844,9.885237
20,3,3,0.2,3,0.5,32.47,0.327685,1,1288.256855,8.00665
20,3,3,0.2,3,1,33.93,0.32462,2,1310.200764,9.159145
20,3,3,0.2,5,0.2,28.52,0.327685,0,1245.396844,10.117544
20,3,3,0.2,5,0.5,34.16,0.327685,1,1288.256855,9.213832
20,3,3,0.2,5,1,31.31,0.32462,2,1310.200764,9.708968
20,3,3,0.5,1,0.2,28.65,0.333779,0,513.266518,3.409188
20,3,3,0.5,1,0.5,28.65,0.333779,0,513.266518,3.409188
20,3,3,0.5,1,1,34.17,0.333779,4,526.333767,2.955502
20,3,3,0.5,3,0.2,27.98,0.333779,0,513.266518,3.490709
20,3,3,0.5,3,0.5,27.98,0.333779,0,513.266518,3.490709
20,3,3,0.5,3,1,33.25,0.333779,4,526.333767,3.155715
20,3,3,0.5,5,0.2,27.32,0.333779,0,513.266518,3.574512
20,3,3,0.5,5,0.5,27.32,0.333779,0,513.266518,3.574512
20,3,3,0.5,5,1,32.52,0.333779,4,526.333767,3.145718
20,3,3,1,1,0.2,32.49,0.322282,0,258.30275,1.427972
20,3,3,1,1,0.5,40.43,0.347546,3,265.684609,1.533228
20,3,3,1,1,1,40.52,0.345309,4,264.443579,1.503618
20,3,3,1,3,0.2,31.82,0.322282,0,258.30275,1.457141
20,3,3,1,3,0.5,34.5,0.347546,2,265.684609,1.198695
20,3,3,1,3,1,34.28,0.345309,2,264.443579,1.205567
20,3,3,1,5,0.2,31.13,0.322282,0,258.30275,1.487622
20,3,3,1,5,0.5,-1,-1,-1,-1,-1
20,3,3,1,5,1,41.33,0.420332,6,264.443579,1.163231
20,3,3,5,1,0.2,-1,-1,-1,-1,-1
20,3,3,5,1,0.5,-1,-1,-1,-1,-1
20,3,3,5,1,1,-1,-1,-1,-1,-1
20,3,3,5,3,0.2,-1,-1,-1,-1,-1
20,3,3,5,3,0.5,-1,-1,-1,-1,-1
20,3,3,5,3,1,-1,-1,-1,-1,-1
20,3,3,5,5,0.2,-1,-1,-1,-1,-1
20,3,3,5,5,0.5,-1,-1,-1,-1,-1
20,3,3,5,5,1,-1,-1,-1,-1,-1
20,3,5,0.2,1,0.2,16.99,0.320198,0,2168.34648,26.027961
20,3,5,0.2,1,0.5,16.99,0.320198,0,2168.34648,26.027961
20,3,5,0.2,1,1,16.99,0.320198,0,2168.34648,26.027961
20,3,5,0.2,3,0.2,16.59,0.320198,0,2168.34648,26.655836
20,3,5,0.2,3,0.5,16.59,0.320198,0,2168.34648,26.655836
20,3,5,0.2,3,1,16.59,0.320198,0,2168.34648,26.655836
20,3,5,0.2,5,0.2,16.19,0.320198,0,2168.34648,27.314337
20,3,5,0.2,5,0.5,16.19,0.320198,0,2168.34648,27.314337
20,3,5,0.2,5,1,16.19,0.320198,0,2168.34648,27.314337
20,3,5,0.5,1,0.2,17.9,0.321135,0,869.311695,8.657561
20,3,5,0.5,1,0.5,17.9,0.321135,0,869.311695,8.657561
20,3,5,0.5,1,1,17.9,0.321135,0,869.311695,8.657561
20,3,5,0.5,3,0.2,17.5,0.321135,0,869.311695,8.852301
20,3,5,0.5,3,0.5,17.5,0.321135,0,869.311695,8.852301
20,3,5,0.5,3,1,17.5,0.321135,0,869.311695,8.852301
20,3,5,0.5,5,0.2,17.09,0.321135,0,869.311695,9.05713
20,3,5,0.5,5,0.5,17.09,0.321135,0,869.311695,9.05713
20,3,5,0.5,5,1,17.09,0.321135,0,869.311695,9.05713
20,3,5,1,1,0.2,-1,-1,-1,-1,-1
20,3,5,1,1,0.5,-1,-1,-1,-1,-1
20,3,5,1,1,1,-1,-1,-1,-1,-1
20,3,5,1,3,0.2,-1,-1,-1,-1,-1
20,3,5,1,3,0.5,-1,-1,-1,-1,-1
20,3,5,1,3,1,-1,-1,-1,-1,-1
20,3,5,1,5,0.2,-1,-1,-1,-1,-1
20,3,5,1,5,0.5,-1,-1,-1,-1,-1
20,3,5,1,5,1,-1,-1,-1,-1,-1
20,3,5,5,1,0.2,-1,-1,-1,-1,-1
20,3,5,5,1,0.5,-1,-1,-1,-1,-1
20,3,5,5,1,1,-1,-1,-1,-1,-1
20,3,5,5,3,0.2,-1,-1,-1,-1,-1
20,3,5,5,3,0.5,-1,-1,-1,-1,-1
20,3,5,5,3,1,-1,-1,-1,-1,-1
20,3,5,5,5,0.2,-1,-1,-1,-1,-1
20,3,5,5,5,0.5,-1,-1,-1,-1,-1
20,3,5,5,5,1,-1,-1,-1,-1,-1
20,3,7,0.2,1,0.2,11.88,0.318356,0,3063.597563,46.958261
20,3,7,0.2,1,0.5,11.88,0.318356,0,3063.597563,46.958261
20,3,7,0.2,1,1,11.88,0.318356,0,3063.597563,46.958261
20,3,7,0.2,3,0.2,11.59,0.318356,0,3063.597563,48.132889
20,3,7,0.2,3,0.5,11.59,0.318356,0,3063.597563,48.132889
20,3,7,0.2,3,1,11.59,0.318356,0,3063.597563,48.132889
20,3,7,0.2,5,0.2,11.31,0.318356,0,3063.597563,49.319809
20,3,7,0.2,5,0.5,11.31,0.318356,0,3063.597563,49.319809
20,3,7,0.2,5,1,11.31,0.318356,0,3063.597563,49.319809
20,3,7,0.5,1,0.2,15.78,0.407081,0,1229.341245,13.5019
20,3,7,0.5,1,0.5,15.78,0.407081,0,1229.341245,13.5019
20,3,7,0.5,1,1,19.32,0.407081,2,1896.74251,19.608245
20,3,7,0.5,3,0.2,15.49,0.407081,0,1229.341245,13.74198
20,3,7,0.5,3,0.5,15.49,0.407081,0,1229.341245,13.74198
20,3,7,0.5,3,1,15.52,0.407081,1,1198.584275,11.771624
20,3,7,0.5,5,0.2,15.19,0.407081,0,1229.341245,13.990939
20,3,7,0.5,5,0.5,15.19,0.407081,0,1229.341245,13.990939
20,3,7,0.5,5,1,-1,-1,-1,-1,-1
20,3,7,1,1,0.2,-1,-1,-1,-1,-1
20,3,7,1,1,0.5,-1,-1,-1,-1,-1
20,3,7,1,1,1,-1,-1,-1,-1,-1
20,3,7,1,3,0.2,-1,-1,-1,-1,-1
20,3,7,1,3,0.5,-1,-1,-1,-1,-1
20,3,7,1,3,1,-1,-1,-1,-1,-1
20,3,7,1,5,0.2,-1,-1,-1,-1,-1
20,3,7,1,5,0.5,-1,-1,-1,-1,-1
20,3,7,1,5,1,-1,-1,-1,-1,-1
20,3,7,5,1,0.2,-1,-1,-1,-1,-1
20,3,7,5,1,0.5,-1,-1,-1,-1,-1
20,3,7,5,1,1,-1,-1,-1,-1,-1
20,3,7,5,3,0.2,-1,-1,-1,-1,-1
20,3,7,5,3,0.5,-1,-1,-1,-1,-1
20,3,7,5,3,1,-1,-1,-1,-1,-1
20,3,7,5,5,0.2,-1,-1,-1,-1,-1
20,3,7,5,5,0.5,-1,-1,-1,-1,-1
20,3,7,5,5,1,-1,-1,-1,-1,-1
20,3,10,0.2,1,0.2,9,0.348335,0,4329.928975,88.141796
20,3,10,0.2,1,0.5,9,0.348335,0,4329.928975,88.141796
20,3,10,0.2,1,1,9,0.348335,0,4329.928975,88.141796
20,3,10,0.2,3,0.2,8.8,0.348335,0,4329.928975,90.133559
20,3,10,0.2,3,0.5,8.8,0.348335,0,4329.928975,90.133559
20,3,10,0.2,3,1,8.8,0.348335,0,4329.928975,90.133559
20,3,10,0.2,5,0.2,8.59,0.348335,0,4329.928975,92.297293
20,3,10,0.2,5,0.5,8.59,0.348335,0,4329.928975,92.297293
20,3,10,0.2,5,1,8.59,0.348335,0,4329.928975,92.297293
20,3,10,0.5,1,0.2,-1,-1,-1,-1,-1
20,3,10,0.5,1,0.5,-1,-1,-1,-1,-1
20,3,10,0.5,1,1,-1,-1,-1,-1,-1
20,3,10,0.5,3,0.2,-1,-1,-1,-1,-1
20,3,10,0.5,3,0.5,-1,-1,-1,-1,-1
20,3,10,0.5,3,1,-1,-1,-1,-1,-1
20,3,10,0.5,5,0.2,-1,-1,-1,-1,-1
20,3,10,0.5,5,0.5,-1,-1,-1,-1,-1
20,3,10,0.5,5,1,-1,-1,-1,-1,-1
20,3,10,1,1,0.2,-1,-1,-1,-1,-1
20,3,10,1,1,0.5,-1,-1,-1,-1,-1
20,3,10,1,1,1,-1,-1,-1,-1,-1
20,3,10,1,3,0.2,-1,-1,-1,-1,-1
20,3,10,1,3,0.5,-1,-1,-1,-1,-1
20,3,10,1,3,1,-1,-1,-1,-1,-1
20,3,10,1,5,0.2,-1,-1,-1,-1,-1
20,3,10,1,5,0.5,-1,-1,-1,-1,-1
20,3,10,1,5,1,-1,-1,-1,-1,-1
20,3,10,5,1,0.2,-1,-1,-1,-1,-1
20,3,10,5,1,0.5,-1,-1,-1,-1,-1
20,3,10,5,1,1,-1,-1,-1,-1,-1
20,3,10,5,3,0.2,-1,-1,-1,-1,-1
20,3,10,5,3,0.5,-1,-1,-1,-1,-1
20,3,10,5,3,1,-1,-1,-1,-1,-1
20,3,10,5,5,0.2,-1,-1,-1,-1,-1
20,3,10,5,5,0.5,-1,-1,-1,-1,-1
20,3,10,5,5,1,-1,-1,-1,-1,-1
20,5,3,0.2,1,0.2,-1,-1,-1,-1,-1
20,5,3,0.2,1,0.5,-1,-1,-1,-1,-1
20,5,3,0.2,1,1,-1,-1,-1,-1,-1
20,5,3,0.2,3,0.2,-1,-1,-1,-1,-1
20,5,3,0.2,3,0.5,-1,-1,-1,-1,-1
20,5,3,0.2,3,1,-1,-1,-1,-1,-1
20,5,3,0.2,5,0.2,-1,-1,-1,-1,-1
20,5,3,0.2,5,0.5,-1,-1,-1,-1,-1
20,5,3,0.2,5,1,-1,-1,-1,-1,-1
20,5,3,0.5,1,0.2,-1,-1,-1,-1,-1
20,5,3,0.5,1,0.5,-1,-1,-1,-1,-1
20,5,3,0.5,1,1,-1,-1,-1,-1,-1
20,5,3,0.5,3,0.2,-1,-1,-1,-1,-1
20,5,3,0.5,3,0.5,-1,-1,-1,-1,-1
20,5,3,0.5,3,1,-1,-1,-1,-1,-1
20,5,3,0.5,5,0.2,-1,-1,-1,-1,-1
20,5,3,0.5,5,0.5,76.4,0.254452,8,425.995122,1.516631
20,5,3,0.5,5,1,72.8,0.251618,11,669.390495,1.615521
20,5,3,1,1,0.2,-1,-1,-1,-1,-1
20,5,3,1,1,0.5,-1,-1,-1,-1,-1
20,5,3,1,1,1,-1,-1,-1,-1,-1
20,5,3,1,3,0.2,-1,-1,-1,-1,-1
20,5,3,1,3,0.5,-1,-1,-1,-1,-1
20,5,3,1,3,1,-1,-1,-1,-1,-1
20,5,3,1,5,0.2,-1,-1,-1,-1,-1
20,5,3,1,5,0.5,-1,-1,-1,-1,-1
20,5,3,1,5,1,-1,-1,-1,-1,-1
20,5,3,5,1,0.2,-1,-1,-1,-1,-1
20,5,3,5,1,0.5,-1,-1,-1,-1,-1
20,5,3,5,1,1,-1,-1,-1,-1,-1
20,5,3,5,3,0.2,-1,-1,-1,-1,-1
20,5,3,5,3,0.5,-1,-1,-1,-1,-1
20,5,3,5,3,1,-1,-1,-1,-1,-1
20,5,3,5,5,0.2,-1,-1,-1,-1,-1
20,5,3,5,5,0.5,-1,-1,-1,-1,-1
20,5,3,5,5,1,-1,-1,-1,-1,-1
20,5,5,0.2,1,0.2,-1,-1,-1,-1,-1
20,5,5,0.2,1,0.5,-1,-1,-1,-1,-1
20,5,5,0.2,1,1,-1,-1,-1,-1,-1
20,5,5,0.2,3,0.2,-1,-1,-1,-1,-1
20,5,5,0.2,3,0.5,-1,-1,-1,-1,-1
20,5,5,0.2,3,1,47.83,0.250092,6,2468.528475,36.694231
20,5,5,0.2,5,0.2,-1,-1,-1,-1,-1
20,5,5,0.2,5,0.5,-1,-1,-1,-1,-1
20,5,5,0.2,5,1,-1,-1,-1,-1,-1
20,5,5,0.5,1,0.2,-1,-1,-1,-1,-1
20,5,5,0.5,1,0.5,-1,-1,-1,-1,-1
20,5,5,0.5,1,1,-1,-1,-1,-1,-1
20,5,5,0.5,3,0.2,-1,-1,-1,-1,-1
20,5,5,0.5,3,0.5,-1,-1,-1,-1,-1
20,5,5,0.5,3,1,-1,-1,-1,-1,-1
20,5,5,0.5,5,0.2,-1,-1,-1,-1,-1
20,5,5,0.5,5,0.5,-1,-1,-1,-1,-1
20,5,5,0.5,5,1,-1,-1,-1,-1,-1
20,5,5,1,1,0.2,-1,-1,-1,-1,-1
20,5,5,1,1,0.5,-1,-1,-1,-1,-1
20,5,5,1,1,1,-1,-1,-1,-1,-1
20,5,5,1,3,0.2,-1,-1,-1,-1,-1
20,5,5,1,3,0.5,-1,-1,-1,-1,-1
20,5,5,1,3,1,-1,-1,-1,-1,-1
20,5,5,1,5,0.2,-1,-1,-1,-1,-1
20,5,5,1,5,0.5,-1,-1,-1,-1,-1
20,5,5,1,5,1,-1,-1,-1,-1,-1
20,5,5,5,1,0.2,-1,-1,-1,-1,-1
20,5,5,5,1,0.5,-1,-1,-1,-1,-1
20,5,5,5,1,1,-1,-1,-1,-1,-1
20,5,5,5,3,0.2,-1,-1,-1,-1,-1
20,5,5,5,3,0.5,-1,-1,-1,-1,-1
20,5,5,5,3,1,-1,-1,-1,-1,-1
20,5,5,5,5,0.2,-1,-1,-1,-1,-1
20,5,5,5,5,0.5,-1,-1,-1,-1,-1
20,5,5,5,5,1,-1,-1,-1,-1,-1
20,5,7,0.2,1,0.2,-1,-1,-1,-1,-1
20,5,7,0.2,1,0.5,-1,-1,-1,-1,-1
20,5,7,0.2,1,1,-1,-1,-1,-1,-1
20,5,7,0.2,3,0.2,-1,-1,-1,-1,-1
20,5,7,0.2,3,0.5,42.04,0.290459,5,4845.267536,75.726355
20,5,7,0.2,3,1,-1,-1,-1,-1,-1
20,5,7,0.2,5,0.2,-1,-1,-1,-1,-1
20,5,7,0.2,5,0.5,-1,-1,-1,-1,-1
20,5,7,0.2,5,1,-1,-1,-1,-1,-1
20,5,7,0.5,1,0.2,-1,-1,-1,-1,-1
20,5,7,0.5,1,0.5,-1,-1,-1,-1,-1
20,5,7,0.5,1,1,-1,-1,-1,-1,-1
20,5,7,0.5,3,0.2,-1,-1,-1,-1,-1
20,5,7,0.5,3,0.5,-1,-1,-1,-1,-1
20,5,7,0.5,3,1,-1,-1,-1,-1,-1
20,5,7,0.5,5,0.2,-1,-1,-1,-1,-1
20,5,7,0.5,5,0.5,-1,-1,-1,-1,-1
20,5,7,0.5,5,1,-1,-1,-1,-1,-1
20,5,7,1,1,0.2,-1,-1,-1,-1,-1
20,5,7,1,1,0.5,-1,-1,-1,-1,-1
20,5,7,1,1,1,-1,-1,-1,-1,-1
20,5,7,1,3,0.2,-1,-1,-1,-1,-1
20,5,7,1,3,0.5,-1,-1,-1,-1,-1
20,5,7,1,3,1,-1,-1,-1,-1,-1
20,5,7,1,5,0.2,-1,-1,-1,-1,-1
20,5,7,1,5,0.5,-1,-1,-1,-1,-1
20,5,7,1,5,1,-1,-1,-1,-1,-1
20,5,7,5,1,0.2,-1,-1,-1,-1,-1
20,5,7,5,1,0.5,-1,-1,-1,-1,-1
20,5,7,5,1,1,-1,-1,-1,-1,-1
20,5,7,5,3,0.2,-1,-1,-1,-1,-1
20,5,7,5,3,0.5,-1,-1,-1,-1,-1
20,5,7,5,3,1,-1,-1,-1,-1,-1
20,5,7,5,5,0.2,-1,-1,-1,-1,-1
20,5,7,5,5,0.5,-1,-1,-1,-1,-1
20,5,7,5,5,1,-1,-1,-1,-1,-1
20,5,10,0.2,1,0.2,-1,-1,-1,-1,-1
20,5,10,0.2,1,0.5,-1,-1,-1,-1,-1
20,5,10,0.2,1,1,-1,-1,-1,-1,-1
20,5,10,0.2,3,0.2,-1,-1,-1,-1,-1
20,5,10,0.2,3,0.5,-1,-1,-1,-1,-1
20,5,10,0.2,3,1,-1,-1,-1,-1,-1
20,5,10,0.2,5,0.2,-1,-1,-1,-1,-1
20,5,10,0.2,5,0.5,-1,-1,-1,-1,-1
20,5,10,0.2,5,1,-1,-1,-1,-1,-1
20,5,10,0.5,1,0.2,-1,-1,-1,-1,-1
20,5,10,0.5,1,0.5,-1,-1,-1,-1,-1
20,5,10,0.5,1,1,-1,-1,-1,-1,-1
20,5,10,0.5,3,0.2,-1,-1,-1,-1,-1
20,5,10,0.5,3,0.5,-1,-1,-1,-1,-1
20,5,10,0.5,3,1,35.96,0.401758,6,1960.892345,10.704439
20,5,10,0.5,5,0.2,-1,-1,-1,-1,-1
20,5,10,0.5,5,0.5,-1,-1,-1,-1,-1
20,5,10,0.5,5,1,-1,-1,-1,-1,-1
20,5,10,1,1,0.2,-1,-1,-1,-1,-1
20,5,10,1,1,0.5,-1,-1,-1,-1,-1
20,5,10,1,1,1,-1,-1,-1,-1,-1
20,5,10,1,3,0.2,-1,-1,-1,-1,-1
20,5,10,1,3,0.5,-1,-1,-1,-1,-1
20,5,10,1,3,1,-1,-1,-1,-1,-1
20,5,10,1,5,0.2,-1,-1,-1,-1,-1
20,5,10,1,5,0.5,-1,-1,-1,-1,-1
20,5,10,1,5,1,-1,-1,-1,-1,-1
20,5,10,5,1,0.2,-1,-1,-1,-1,-1
20,5,10,5,1,0.5,-1,-1,-1,-1,-1
20,5,10,5,1,1,-1,-1,-1,-1,-1
20,5,10,5,3,0.2,-1,-1,-1,-1,-1
20,5,10,5,3,0.5,-1,-1,-1,-1,-1
20,5,10,5,3,1,-1,-1,-1,-1,-1
20,5,10,5,5,0.2,-1,-1,-1,-1,-1
20,5,10,5,5,0.5,-1,-1,-1,-1,-1
20,5,10,5,5,1,-1,-1,-1,-1,-1
