5,1,3,0.2,1,0.2,23.17,0.327954,0,1111.863674,7.866598
5,1,3,0.2,1,0.5,23.17,0.327954,0,1111.863674,7.866598
5,1,3,0.2,1,1,23.17,0.327954,0,1111.863674,7.866598
5,1,3,0.2,3,0.2,22.5,0.327954,0,1111.863674,8.100952
5,1,3,0.2,3,0.5,22.5,0.327954,0,1111.863674,8.100952
5,1,3,0.2,3,1,22.5,0.327954,0,1111.863674,8.100952
5,1,3,0.2,5,0.2,21.83,0.327954,0,1111.863674,8.349698
5,1,3,0.2,5,0.5,21.83,0.327954,0,1111.863674,8.349698
5,1,3,0.2,5,1,21.83,0.327954,0,1111.863674,8.349698
5,1,3,0.5,1,0.2,23.39,0.356273,0,453.712463,3.22294
5,1,3,0.5,1,0.5,23.39,0.356273,0,453.712463,3.22294
5,1,3,0.5,1,1,23.39,0.356273,0,453.712463,3.22294
5,1,3,0.5,3,0.2,22.73,0.356273,0,453.712463,3.316551
5,1,3,0.5,3,0.5,22.73,0.356273,0,453.712463,3.316551
5,1,3,0.5,3,1,22.73,0.356273,0,453.712463,3.316551
5,1,3,0.5,5,0.2,22.06,0.356273,0,453.712463,3.417277
5,1,3,0.5,5,0.5,22.06,0.356273,0,453.712463,3.417277
5,1,3,0.5,5,1,22.06,0.356273,0,453.712463,3.417277
5,1,3,1,1,0.2,-1,-1,-1,-1,-1
5,1,3,1,1,0.5,-1,-1,-1,-1,-1
5,1,3,1,1,1,-1,-1,-1,-1,-1
5,1,3,1,3,0.2,-1,-1,-1,-1,-1
5,1,3,1,3,0.5,-1,-1,-1,-1,-1
5,1,3,1,3,1,-1,-1,-1,-1,-1
5,1,3,1,5,0.2,-1,-1,-1,-1,-1
5,1,3,1,5,0.5,-1,-1,-1,-1,-1
5,1,3,1,5,1,-1,-1,-1,-1,-1
5,1,3,5,1,0.2,-1,-1,-1,-1,-1
5,1,3,5,1,0.5,-1,-1,-1,-1,-1
5,1,3,5,1,1,-1,-1,-1,-1,-1
5,1,3,5,3,0.2,-1,-1,-1,-1,-1
5,1,3,5,3,0.5,-1,-1,-1,-1,-1
5,1,3,5,3,1,-1,-1,-1,-1,-1
5,1,3,5,5,0.2,-1,-1,-1,-1,-1
5,1,3,5,5,0.5,-1,-1,-1,-1,-1
5,1,3,5,5,1,-1,-1,-1,-1,-1
5,1,5,0.2,1,0.2,14.11,0.301843,0,1854.227493,21.06595
5,1,5,0.2,1,0.5,14.11,0.301843,0,1854.227493,21.06595
5,1,5,0.2,1,1,14.11,0.301843,0,1854.227493,21.06595
5,1,5,0.2,3,0.2,13.71,0.301843,0,1854.227493,21.68101
5,1,5,0.2,3,0.5,13.71,0.301843,0,1854.227493,21.68101
5,1,5,0.2,3,1,13.71,0.301843,0,1854.227493,21.68101
5,1,5,0.2,5,0.2,13.31,0.301843,0,1854.227493,22.333045
5,1,5,0.2,5,0.5,13.31,0.301843,0,1854.227493,22.333045
5,1,5,0.2,5,1,13.31,0.301843,0,1854.227493,22.333045
5,1,5,0.5,1,0.2,14.31,0.451386,0,756.633418,8.939588
5,1,5,0.5,1,0.5,14.31,0.451386,0,756.633418,8.939588
5,1,5,0.5,1,1,14.31,0.451386,0,756.633418,8.939588
5,1,5,0.5,3,0.2,13.91,0.451386,0,756.633418,9.19624
5,1,5,0.5,3,0.5,13.91,0.451386,0,756.633418,9.19624
5,1,5,0.5,3,1,13.91,0.451386,0,756.633418,9.19624
5,1,5,0.5,5,0.2,13.51,0.451386,0,756.633418,9.467332
5,1,5,0.5,5,0.5,13.51,0.451386,0,756.633418,9.467332
5,1,5,0.5,5,1,13.51,0.451386,0,756.633418,9.467332
5,1,5,1,1,0.2,-1,-1,-1,-1,-1
5,1,5,1,1,0.5,-1,-1,-1,-1,-1
5,1,5,1,1,1,-1,-1,-1,-1,-1
5,1,5,1,3,0.2,-1,-1,-1,-1,-1
5,1,5,1,3,0.5,-1,-1,-1,-1,-1
5,1,5,1,3,1,-1,-1,-1,-1,-1
5,1,5,1,5,0.2,-1,-1,-1,-1,-1
5,1,5,1,5,0.5,-1,-1,-1,-1,-1
5,1,5,1,5,1,-1,-1,-1,-1,-1
5,1,5,5,1,0.2,-1,-1,-1,-1,-1
5,1,5,5,1,0.5,-1,-1,-1,-1,-1
5,1,5,5,1,1,-1,-1,-1,-1,-1
5,1,5,5,3,0.2,-1,-1,-1,-1,-1
5,1,5,5,3,0.5,-1,-1,-1,-1,-1
5,1,5,5,3,1,-1,-1,-1,-1,-1
5,1,5,5,5,0.2,-1,-1,-1,-1,-1
5,1,5,5,5,0.5,-1,-1,-1,-1,-1
5,1,5,5,5,1,-1,-1,-1,-1,-1
5,1,7,0.2,1,0.2,10.02,0.352732,0,2595.918484,37.373326
5,1,7,0.2,1,0.5,10.02,0.352732,0,2595.918484,37.373326
5,1,7,0.2,1,1,10.02,0.352732,0,2595.918484,37.373326
5,1,7,0.2,3,0.2,9.74,0.352732,0,2595.918484,38.448722
5,1,7,0.2,3,0.5,9.74,0.352732,0,2595.918484,38.448722
5,1,7,0.2,3,1,9.74,0.352732,0,2595.918484,38.448722
5,1,7,0.2,5,0.2,9.45,0.352732,0,2595.918484,39.629433
5,1,7,0.2,5,0.5,9.45,0.352732,0,2595.918484,39.629433
5,1,7,0.2,5,1,9.45,0.352732,0,2595.918484,39.629433
5,1,7,0.5,1,0.2,-1,-1,-1,-1,-1
5,1,7,0.5,1,0.5,-1,-1,-1,-1,-1
5,1,7,0.5,1,1,-1,-1,-1,-1,-1
5,1,7,0.5,3,0.2,-1,-1,-1,-1,-1
5,1,7,0.5,3,0.5,-1,-1,-1,-1,-1
5,1,7,0.5,3,1,-1,-1,-1,-1,-1
5,1,7,0.5,5,0.2,-1,-1,-1,-1,-1
5,1,7,0.5,5,0.5,-1,-1,-1,-1,-1
5,1,7,0.5,5,1,-1,-1,-1,-1,-1
5,1,7,1,1,0.2,-1,-1,-1,-1,-1
5,1,7,1,1,0.5,-1,-1,-1,-1,-1
5,1,7,1,1,1,-1,-1,-1,-1,-1
5,1,7,1,3,0.2,-1,-1,-1,-1,-1
5,1,7,1,3,0.5,-1,-1,-1,-1,-1
5,1,7,1,3,1,-1,-1,-1,-1,-1
5,1,7,1,5,0.2,-1,-1,-1,-1,-1
5,1,7,1,5,0.5,-1,-1,-1,-1,-1
5,1,7,1,5,1,-1,-1,-1,-1,-1
5,1,7,5,1,0.2,-1,-1,-1,-1,-1
5,1,7,5,1,0.5,-1,-1,-1,-1,-1
5,1,7,5,1,1,-1,-1,-1,-1,-1
5,1,7,5,3,0.2,-1,-1,-1,-1,-1
5,1,7,5,3,0.5,-1,-1,-1,-1,-1
5,1,7,5,3,1,-1,-1,-1,-1,-1
5,1,7,5,5,0.2,-1,-1,-1,-1,-1
5,1,7,5,5,0.5,-1,-1,-1,-1,-1
5,1,7,5,5,1,-1,-1,-1,-1,-1
5,1,10,0.2,1,0.2,7.07,0.408566,0,3697.156107,79.555729
5,1,10,0.2,1,0.5,7.07,0.408566,0,3697.156107,79.555729
5,1,10,0.2,1,1,7.07,0.408566,0,3697.156107,79.555729
5,1,10,0.2,3,0.2,6.87,0.408566,0,3697.156107,81.873214
5,1,10,0.2,3,0.5,6.87,0.408566,0,3697.156107,81.873214
5,1,10,0.2,3,1,6.87,0.408566,0,3697.156107,81.873214
5,1,10,0.2,5,0.2,6.67,0.408566,0,3697.156107,84.326347
5,1,10,0.2,5,0.5,6.67,0.408566,0,3697.156107,84.326347
5,1,10,0.2,5,1,6.67,0.408566,0,3697.156107,84.326347
5,1,10,0.5,1,0.2,-1,-1,-1,-1,-1
5,1,10,0.5,1,0.5,-1,-1,-1,-1,-1
5,1,10,0.5,1,1,-1,-1,-1,-1,-1
5,1,10,0.5,3,0.2,-1,-1,-1,-1,-1
5,1,10,0.5,3,0.5,-1,-1,-1,-1,-1
5,1,10,0.5,3,1,-1,-1,-1,-1,-1
5,1,10,0.5,5,0.2,-1,-1,-1,-1,-1
5,1,10,0.5,5,0.5,-1,-1,-1,-1,-1
5,1,10,0.5,5,1,-1,-1,-1,-1,-1
5,1,10,1,1,0.2,-1,-1,-1,-1,-1
5,1,10,1,1,0.5,-1,-1,-1,-1,-1
5,1,10,1,1,1,-1,-1,-1,-1,-1
5,1,10,1,3,0.2,-1,-1,-1,-1,-1
5,1,10,1,3,0.5,-1,-1,-1,-1,-1
5,1,10,1,3,1,-1,-1,-1,-1,-1
5,1,10,1,5,0.2,-1,-1,-1,-1,-1
5,1,10,1,5,0.5,-1,-1,-1,-1,-1
5,1,10,1,5,1,-1,-1,-1,-1,-1
5,1,10,5,1,0.2,-1,-1,-1,-1,-1
5,1,10,5,1,0.5,-1,-1,-1,-1,-1
5,1,10,5,1,1,-1,-1,-1,-1,-1
5,1,10,5,3,0.2,-1,-1,-1,-1,-1
5,1,10,5,3,0.5,-1,-1,-1,-1,-1
5,1,10,5,3,1,-1,-1,-1,-1,-1
5,1,10,5,5,0.2,-1,-1,-1,-1,-1
5,1,10,5,5,0.5,-1,-1,-1,-1,-1
5,1,10,5,5,1,-1,-1,-1,-1,-1
5,3,3,0.2,1,0.2,50.72,0.158588,4,2256.905465,110.789302
5,3,3,0.2,1,0.5,47.65,0.158351,4,1537.3007,77.666255
5,3,3,0.2,1,1,44.41,0.158712,4,1537.280725,38.231337
5,3,3,0.2,3,0.2,50.46,0.041413,4,2256.905465,121.846268
5,3,3,0.2,3,0.5,47.44,0.041413,4,1537.3007,92.713876
5,3,3,0.2,3,1,44.28,0.041413,4,1537.280725,46.489011
5,3,3,0.2,5,0.2,53.55,0.041413,4,1537.3007,124.109024
5,3,3,0.2,5,0.5,51.28,0.041413,4,1537.3007,95.881576
5,3,3,0.2,5,1,39.76,0.041413,4,1537.280725,40.939767
5,3,3,0.5,1,0.2,47.22,0.28789,3,605.558758,8.667258
5,3,3,0.5,1,0.5,44.57,0.2953,4,603.862596,7.878583
5,3,3,0.5,1,1,40.54,0.294705,4,661.271542,5.651609
5,3,3,0.5,3,0.2,44.49,0.200176,3,737.838087,8.213681
5,3,3,0.5,3,0.5,42.76,0.125777,3,578.470529,7.398776
5,3,3,0.5,3,1,40.56,0.125777,3,661.271542,5.656106
5,3,3,0.5,5,0.2,51.76,0.125777,4,602.144993,13.42545
5,3,3,0.5,5,0.5,50.07,0.125777,4,1072.968689,9.208914
5,3,3,0.5,5,1,45.32,0.125777,4,737.729561,5.327902
5,3,3,1,1,0.2,90.47,0.459655,6,300.351055,2.298782
5,3,3,1,1,0.5,-1,-1,-1,-1,-1
5,3,3,1,1,1,-1,-1,-1,-1,-1
5,3,3,1,3,0.2,55.12,0.372142,3,292.842865,2.862016
5,3,3,1,3,0.5,45.99,0.372142,3,252.272048,1.921689
5,3,3,1,3,1,41.89,0.372142,4,248.484042,1.705395
5,3,3,1,5,0.2,52.35,0.372142,3,287.52458,2.614533
5,3,3,1,5,0.5,44.76,0.372142,3,282.371812,1.835024
5,3,3,1,5,1,42.76,0.372142,5,280.049167,1.637132
5,3,3,5,1,0.2,-1,-1,-1,-1,-1
5,3,3,5,1,0.5,-1,-1,-1,-1,-1
5,3,3,5,1,1,-1,-1,-1,-1,-1
5,3,3,5,3,0.2,-1,-1,-1,-1,-1
5,3,3,5,3,0.5,-1,-1,-1,-1,-1
5,3,3,5,3,1,-1,-1,-1,-1,-1
5,3,3,5,5,0.2,-1,-1,-1,-1,-1
5,3,3,5,5,0.5,-1,-1,-1,-1,-1
5,3,3,5,5,1,-1,-1,-1,-1,-1
5,3,5,0.2,1,0.2,36.14,0.218406,4,2563.296365,332.937143
5,3,5,0.2,1,0.5,34.09,0.217001,4,2847.326754,242.90137
5,3,5,0.2,1,1,32.11,0.218101,4,2560.639358,169.846475
5,3,5,0.2,3,0.2,35.45,0.060563,4,2563.296365,352.701382
5,3,5,0.2,3,0.5,33.81,0.060563,4,2562.262894,251.834112
5,3,5,0.2,3,1,31.81,0.060563,4,2560.639358,209.056457
5,3,5,0.2,5,0.2,34.97,0.060563,4,2563.296365,335.676171
5,3,5,0.2,5,0.5,33.67,0.061374,4,3368.056816,263.891207
5,3,5,0.2,5,1,31.7,0.060563,4,2562.973427,186.421599
5,3,5,0.5,1,0.2,40.61,0.469853,3,1075.213783,29.96669
5,3,5,0.5,1,0.5,34.53,0.469075,3,979.457106,11.863896
5,3,5,0.5,1,1,29.31,0.454079,4,1166.924629,11.93169
5,3,5,0.5,3,0.2,34.24,0.270326,3,1006.47178,37.108552
5,3,5,0.5,3,0.5,32.24,0.270326,3,1007.13005,26.313181
5,3,5,0.5,3,1,29.05,0.270326,3,1008.657322,16.489709
5,3,5,0.5,5,0.2,33.33,0.270326,3,1006.306982,39.500314
5,3,5,0.5,5,0.5,31.05,0.270326,3,990.519255,24.550298
5,3,5,0.5,5,1,27.62,0.270326,3,951.9105,11.82072
5,3,5,1,1,0.2,-1,-1,-1,-1,-1
5,3,5,1,1,0.5,-1,-1,-1,-1,-1
5,3,5,1,1,1,-1,-1,-1,-1,-1
5,3,5,1,3,0.2,-1,-1,-1,-1,-1
5,3,5,1,3,0.5,-1,-1,-1,-1,-1
5,3,5,1,3,1,-1,-1,-1,-1,-1
5,3,5,1,5,0.2,-1,-1,-1,-1,-1
5,3,5,1,5,0.5,-1,-1,-1,-1,-1
5,3,5,1,5,1,-1,-1,-1,-1,-1
5,3,5,5,1,0.2,-1,-1,-1,-1,-1
5,3,5,5,1,0.5,-1,-1,-1,-1,-1
5,3,5,5,1,1,-1,-1,-1,-1,-1
5,3,5,5,3,0.2,-1,-1,-1,-1,-1
5,3,5,5,3,0.5,-1,-1,-1,-1,-1
5,3,5,5,3,1,-1,-1,-1,-1,-1
5,3,5,5,5,0.2,-1,-1,-1,-1,-1
5,3,5,5,5,0.5,-1,-1,-1,-1,-1
5,3,5,5,5,1,-1,-1,-1,-1,-1
5,3,7,0.2,1,0.2,25.23,0.270809,3,3590.200898,478.297714
5,3,7,0.2,1,0.5,24.55,0.263562,3,3603.161386,372.34781
5,3,7,0.2,1,1,23.64,0.268251,3,3819.398805,337.679725
5,3,7,0.2,3,0.2,24.06,0.184786,3,4535.091253,470.65283
5,3,7,0.2,3,0.5,23.28,0.114314,3,3586.827094,409.026462
5,3,7,0.2,3,1,22.33,0.114314,3,3819.398805,368.9879
5,3,7,0.2,5,0.2,28.4,0.114314,4,3589.545034,500.611668
5,3,7,0.2,5,0.5,27.5,0.114314,4,3588.226469,506.437944
5,3,7,0.2,5,1,26.22,0.114314,4,5123.167614,430.025427
5,3,7,0.5,1,0.2,-1,-1,-1,-1,-1
5,3,7,0.5,1,0.5,-1,-1,-1,-1,-1
5,3,7,0.5,1,1,-1,-1,-1,-1,-1
5,3,7,0.5,3,0.2,-1,-1,-1,-1,-1
5,3,7,0.5,3,0.5,-1,-1,-1,-1,-1
5,3,7,0.5,3,1,-1,-1,-1,-1,-1
5,3,7,0.5,5,0.2,-1,-1,-1,-1,-1
5,3,7,0.5,5,0.5,-1,-1,-1,-1,-1
5,3,7,0.5,5,1,-1,-1,-1,-1,-1
5,3,7,1,1,0.2,-1,-1,-1,-1,-1
5,3,7,1,1,0.5,-1,-1,-1,-1,-1
5,3,7,1,1,1,-1,-1,-1,-1,-1
5,3,7,1,3,0.2,-1,-1,-1,-1,-1
5,3,7,1,3,0.5,-1,-1,-1,-1,-1
5,3,7,1,3,1,-1,-1,-1,-1,-1
5,3,7,1,5,0.2,-1,-1,-1,-1,-1
5,3,7,1,5,0.5,-1,-1,-1,-1,-1
5,3,7,1,5,1,-1,-1,-1,-1,-1
5,3,7,5,1,0.2,-1,-1,-1,-1,-1
5,3,7,5,1,0.5,-1,-1,-1,-1,-1
5,3,7,5,1,1,-1,-1,-1,-1,-1
5,3,7,5,3,0.2,-1,-1,-1,-1,-1
5,3,7,5,3,0.5,-1,-1,-1,-1,-1
5,3,7,5,3,1,-1,-1,-1,-1,-1
5,3,7,5,5,0.2,-1,-1,-1,-1,-1
5,3,7,5,5,0.5,-1,-1,-1,-1,-1
5,3,7,5,5,1,-1,-1,-1,-1,-1
5,3,10,0.2,1,0.2,22.04,0.317428,3,5129.732728,627.936823
5,3,10,0.2,1,0.5,20.71,0.312186,3,5164.671251,527.915828
5,3,10,0.2,1,1,19.3,0.305914,3,5124.897076,481.790278
5,3,10,0.2,3,0.2,20.93,0.191131,3,5130.26369,925.007155
5,3,10,0.2,3,0.5,20.19,0.191131,3,5164.671251,833.811367
5,3,10,0.2,3,1,18.89,0.191131,3,5129.215346,796.915006
5,3,10,0.2,5,0.2,20.52,0.191131,3,5129.732728,847.106262
5,3,10,0.2,5,0.5,19.7,0.191131,3,5164.671251,770.418679
5,3,10,0.2,5,1,18.17,0.191131,3,6117.665784,680.261578
5,3,10,0.5,1,0.2,-1,-1,-1,-1,-1
5,3,10,0.5,1,0.5,-1,-1,-1,-1,-1
5,3,10,0.5,1,1,-1,-1,-1,-1,-1
5,3,10,0.5,3,0.2,-1,-1,-1,-1,-1
5,3,10,0.5,3,0.5,-1,-1,-1,-1,-1
5,3,10,0.5,3,1,-1,-1,-1,-1,-1
5,3,10,0.5,5,0.2,-1,-1,-1,-1,-1
5,3,10,0.5,5,0.5,-1,-1,-1,-1,-1
5,3,10,0.5,5,1,-1,-1,-1,-1,-1
5,3,10,1,1,0.2,-1,-1,-1,-1,-1
5,3,10,1,1,0.5,-1,-1,-1,-1,-1
5,3,10,1,1,1,-1,-1,-1,-1,-1
5,3,10,1,3,0.2,-1,-1,-1,-1,-1
5,3,10,1,3,0.5,-1,-1,-1,-1,-1
5,3,10,1,3,1,-1,-1,-1,-1,-1
5,3,10,1,5,0.2,-1,-1,-1,-1,-1
5,3,10,1,5,0.5,-1,-1,-1,-1,-1
5,3,10,1,5,1,-1,-1,-1,-1,-1
5,3,10,5,1,0.2,-1,-1,-1,-1,-1
5,3,10,5,1,0.5,-1,-1,-1,-1,-1
5,3,10,5,1,1,-1,-1,-1,-1,-1
5,3,10,5,3,0.2,-1,-1,-1,-1,-1
5,3,10,5,3,0.5,-1,-1,-1,-1,-1
5,3,10,5,3,1,-1,-1,-1,-1,-1
5,3,10,5,5,0.2,-1,-1,-1,-1,-1
5,3,10,5,5,0.5,-1,-1,-1,-1,-1
5,3,10,5,5,1,-1,-1,-1,-1,-1
5,5,3,0.2,1,0.2,45.74,0.098528,3,2588.094851,133.544113
5,5,3,0.2,1,0.5,43.82,0.098257,3,2461.657206,102.554755
5,5,3,0.2,1,1,-1,-1,-1,-1,-1
5,5,3,0.2,3,0.2,46.59,0.082612,3,2588.094851,140.048385
5,5,3,0.2,3,0.5,44.19,0.079305,3,2888.352705,111.205
5,5,3,0.2,3,1,-1,-1,-1,-1,-1
5,5,3,0.2,5,0.2,92.45,0.235092,5,2994.794912,141.980916
5,5,3,0.2,5,0.5,82.23,0.233587,7,2629.176366,112.679435
5,5,3,0.2,5,1,-1,-1,-1,-1,-1
5,5,3,0.5,1,0.2,54.22,0.201639,3,861.127789,15.955453
5,5,3,0.5,1,0.5,-1,-1,-1,-1,-1
5,5,3,0.5,1,1,-1,-1,-1,-1,-1
5,5,3,0.5,3,0.2,52.16,0.207048,3,807.289721,16.741989
5,5,3,0.5,3,0.5,-1,-1,-1,-1,-1
5,5,3,0.5,3,1,-1,-1,-1,-1,-1
5,5,3,0.5,5,0.2,95.66,0.242251,5,814.748502,20.926737
5,5,3,0.5,5,0.5,-1,-1,-1,-1,-1
5,5,3,0.5,5,1,-1,-1,-1,-1,-1
5,5,3,1,1,0.2,108.49,0.454567,14,376.469647,1.871339
5,5,3,1,1,0.5,103.54,0.454938,18,376.469647,1.773678
5,5,3,1,1,1,76.6,0.455869,14,376.469647,1.203154
5,5,3,1,3,0.2,96.25,0.454567,11,383.551369,1.978686
5,5,3,1,3,0.5,-1,-1,-1,-1,-1
5,5,3,1,3,1,78.16,0.472077,15,405.334932,1.517646
5,5,3,1,5,0.2,93.03,0.454567,11,384.015859,2.517486
5,5,3,1,5,0.5,91.3,0.454938,13,383.108408,2.461521
5,5,3,1,5,1,-1,-1,-1,-1,-1
5,5,3,5,1,0.2,-1,-1,-1,-1,-1
5,5,3,5,1,0.5,-1,-1,-1,-1,-1
5,5,3,5,1,1,-1,-1,-1,-1,-1
5,5,3,5,3,0.2,-1,-1,-1,-1,-1
5,5,3,5,3,0.5,-1,-1,-1,-1,-1
5,5,3,5,3,1,-1,-1,-1,-1,-1
5,5,3,5,5,0.2,-1,-1,-1,-1,-1
5,5,3,5,5,0.5,-1,-1,-1,-1,-1
5,5,3,5,5,1,-1,-1,-1,-1,-1
5,5,5,0.2,1,0.2,31.87,0.127387,3,4554.586584,290.761848
5,5,5,0.2,1,0.5,30.64,0.127181,3,4697.580137,238.208788
5,5,5,0.2,1,1,28.68,0.127137,3,4670.222788,182.001967
5,5,5,0.2,3,0.2,32.56,0.133922,3,4677.80768,348.367127
5,5,5,0.2,3,0.5,31.14,0.129429,3,4643.163938,264.737497
5,5,5,0.2,3,1,28.85,0.133174,3,4471.062979,182.836171
5,5,5,0.2,5,0.2,61.76,0.234036,5,4610.167375,322.340248
5,5,5,0.2,5,0.5,57.97,0.234375,5,4696.016754,249.255147
5,5,5,0.2,5,1,52.25,0.229633,5,4345.816152,186.687791
5,5,5,0.5,1,0.2,43.72,0.367073,4,1387.300135,22.944584
5,5,5,0.5,1,0.5,39.74,0.351059,5,1314.684638,26.238411
5,5,5,0.5,1,1,37.76,0.351059,5,1327.096414,17.400558
5,5,5,0.5,3,0.2,42.73,0.384701,5,1387.300135,20.292334
5,5,5,0.5,3,0.5,36.86,0.351059,4,1271.642256,23.185198
5,5,5,0.5,3,1,36.34,0.351059,4,1327.096414,16.545906
5,5,5,0.5,5,0.2,73.03,0.351059,6,1387.300135,38.052689
5,5,5,0.5,5,0.5,35.77,0.351059,4,1346.04269,30.001886
5,5,5,0.5,5,1,41.86,0.3622,7,1327.096414,14.444097
5,5,5,1,1,0.2,-1,-1,-1,-1,-1
5,5,5,1,1,0.5,-1,-1,-1,-1,-1
5,5,5,1,1,1,-1,-1,-1,-1,-1
5,5,5,1,3,0.2,-1,-1,-1,-1,-1
5,5,5,1,3,0.5,-1,-1,-1,-1,-1
5,5,5,1,3,1,-1,-1,-1,-1,-1
5,5,5,1,5,0.2,-1,-1,-1,-1,-1
5,5,5,1,5,0.5,-1,-1,-1,-1,-1
5,5,5,1,5,1,-1,-1,-1,-1,-1
5,5,5,5,1,0.2,-1,-1,-1,-1,-1
5,5,5,5,1,0.5,-1,-1,-1,-1,-1
5,5,5,5,1,1,-1,-1,-1,-1,-1
5,5,5,5,3,0.2,-1,-1,-1,-1,-1
5,5,5,5,3,0.5,-1,-1,-1,-1,-1
5,5,5,5,3,1,-1,-1,-1,-1,-1
5,5,5,5,5,0.2,-1,-1,-1,-1,-1
5,5,5,5,5,0.5,-1,-1,-1,-1,-1
5,5,5,5,5,1,-1,-1,-1,-1,-1
5,5,7,0.2,1,0.2,27.74,0.178942,3,6631.870129,512.314784
5,5,7,0.2,1,0.5,26.8,0.178756,3,6255.042211,434.572947
5,5,7,0.2,1,1,25,0.178325,3,6091.090115,354.257002
5,5,7,0.2,3,0.2,26.94,0.187474,3,6564.448378,523.529584
5,5,7,0.2,3,0.5,25.9,0.184176,3,6255.042211,487.614588
5,5,7,0.2,3,1,24.34,0.192068,3,7061.621266,367.26474
5,5,7,0.2,5,0.2,49.63,0.242607,5,6583.237177,507.620042
5,5,7,0.2,5,0.5,47.68,0.233572,5,6853.441056,486.24417
5,5,7,0.2,5,1,43.32,0.24391,5,6393.257695,347.273363
5,5,7,0.5,1,0.2,-1,-1,-1,-1,-1
5,5,7,0.5,1,0.5,-1,-1,-1,-1,-1
5,5,7,0.5,1,1,-1,-1,-1,-1,-1
5,5,7,0.5,3,0.2,-1,-1,-1,-1,-1
5,5,7,0.5,3,0.5,-1,-1,-1,-1,-1
5,5,7,0.5,3,1,-1,-1,-1,-1,-1
5,5,7,0.5,5,0.2,-1,-1,-1,-1,-1
5,5,7,0.5,5,0.5,-1,-1,-1,-1,-1
5,5,7,0.5,5,1,-1,-1,-1,-1,-1
5,5,7,1,1,0.2,-1,-1,-1,-1,-1
5,5,7,1,1,0.5,-1,-1,-1,-1,-1
5,5,7,1,1,1,-1,-1,-1,-1,-1
5,5,7,1,3,0.2,-1,-1,-1,-1,-1
5,5,7,1,3,0.5,-1,-1,-1,-1,-1
5,5,7,1,3,1,-1,-1,-1,-1,-1
5,5,7,1,5,0.2,-1,-1,-1,-1,-1
5,5,7,1,5,0.5,-1,-1,-1,-1,-1
5,5,7,1,5,1,-1,-1,-1,-1,-1
5,5,7,5,1,0.2,-1,-1,-1,-1,-1
5,5,7,5,1,0.5,-1,-1,-1,-1,-1
5,5,7,5,1,1,-1,-1,-1,-1,-1
5,5,7,5,3,0.2,-1,-1,-1,-1,-1
5,5,7,5,3,0.5,-1,-1,-1,-1,-1
5,5,7,5,3,1,-1,-1,-1,-1,-1
5,5,7,5,5,0.2,-1,-1,-1,-1,-1
5,5,7,5,5,0.5,-1,-1,-1,-1,-1
5,5,7,5,5,1,-1,-1,-1,-1,-1
5,5,10,0.2,1,0.2,24.55,0.286268,3,9346.475097,775.014597
5,5,10,0.2,1,0.5,23.85,0.287677,3,8881.629763,740.657502
5,5,10,0.2,1,1,22.5,0.28708,3,8881.629763,678.330585
5,5,10,0.2,3,0.2,23.87,0.288817,3,9198.235814,830.205013
5,5,10,0.2,3,0.5,23.16,0.282596,3,8881.629763,717.252532
5,5,10,0.2,3,1,21.87,0.27755,3,8881.629763,689.488627
5,5,10,0.2,5,0.2,40.53,0.26489,5,9198.235814,828.174592
5,5,10,0.2,5,0.5,38.88,0.26489,5,9920.830196,828.696736
5,5,10,0.2,5,1,37.12,0.26489,5,9766.857503,680.877585
5,5,10,0.5,1,0.2,-1,-1,-1,-1,-1
5,5,10,0.5,1,0.5,-1,-1,-1,-1,-1
5,5,10,0.5,1,1,-1,-1,-1,-1,-1
5,5,10,0.5,3,0.2,-1,-1,-1,-1,-1
5,5,10,0.5,3,0.5,-1,-1,-1,-1,-1
5,5,10,0.5,3,1,-1,-1,-1,-1,-1
5,5,10,0.5,5,0.2,-1,-1,-1,-1,-1
5,5,10,0.5,5,0.5,-1,-1,-1,-1,-1
5,5,10,0.5,5,1,-1,-1,-1,-1,-1
5,5,10,1,1,0.2,-1,-1,-1,-1,-1
5,5,10,1,1,0.5,-1,-1,-1,-1,-1
5,5,10,1,1,1,-1,-1,-1,-1,-1
5,5,10,1,3,0.2,-1,-1,-1,-1,-1
5,5,10,1,3,0.5,-1,-1,-1,-1,-1
5,5,10,1,3,1,-1,-1,-1,-1,-1
5,5,10,1,5,0.2,-1,-1,-1,-1,-1
5,5,10,1,5,0.5,-1,-1,-1,-1,-1
5,5,10,1,5,1,-1,-1,-1,-1,-1
5,5,10,5,1,0.2,-1,-1,-1,-1,-1
5,5,10,5,1,0.5,-1,-1,-1,-1,-1
5,5,10,5,1,1,-1,-1,-1,-1,-1
5,5,10,5,3,0.2,-1,-1,-1,-1,-1
5,5,10,5,3,0.5,-1,-1,-1,-1,-1
5,5,10,5,3,1,-1,-1,-1,-1,-1
5,5,10,5,5,0.2,-1,-1,-1,-1,-1
5,5,10,5,5,0.5,-1,-1,-1,-1,-1
5,5,10,5,5,1,-1,-1,-1,-1,-1
10,1,3,0.2,1,0.2,22.68,0.293192,0,1272.179547,6.673715
10,1,3,0.2,1,0.5,22.68,0.293192,0,1272.179547,6.673715
10,1,3,0.2,1,1,22.68,0.293192,0,1272.179547,6.673715
10,1,3,0.2,3,0.2,22.01,0.293192,0,1272.179547,6.876959
10,1,3,0.2,3,0.5,22.01,0.293192,0,1272.179547,6.876959
10,1,3,0.2,3,1,22.01,0.293192,0,1272.179547,6.876959
10,1,3,0.2,5,0.2,21.34,0.293192,0,1272.179547,7.092973
10,1,3,0.2,5,0.5,21.34,0.293192,0,1272.179547,7.092973
10,1,3,0.2,5,1,21.34,0.293192,0,1272.179547,7.092973
10,1,3,0.5,1,0.2,23.07,0.310297,0,412.268812,2.384181
10,1,3,0.5,1,0.5,23.07,0.310297,0,412.268812,2.384181
10,1,3,0.5,1,1,23.07,0.310297,0,412.268812,2.384181
10,1,3,0.5,3,0.2,22.4,0.310297,0,412.268812,2.455507
10,1,3,0.5,3,0.5,22.4,0.310297,0,412.268812,2.455507
10,1,3,0.5,3,1,22.4,0.310297,0,412.268812,2.455507
10,1,3,0.5,5,0.2,21.73,0.310297,0,412.268812,2.531177
10,1,3,0.5,5,0.5,21.73,0.310297,0,412.268812,2.531177
10,1,3,0.5,5,1,21.73,0.310297,0,412.268812,2.531177
10,1,3,1,1,0.2,24,0.471184,0,199.95747,1.203604
10,1,3,1,1,0.5,24,0.471184,0,199.95747,1.203604
10,1,3,1,1,1,24,0.471184,0,199.95747,1.203604
10,1,3,1,3,0.2,23.33,0.471184,0,199.95747,1.23793
10,1,3,1,3,0.5,23.33,0.471184,0,199.95747,1.23793
10,1,3,1,3,1,23.33,0.471184,0,199.95747,1.23793
10,1,3,1,5,0.2,22.66,0.471184,0,199.95747,1.274054
10,1,3,1,5,0.5,22.66,0.471184,0,199.95747,1.274054
10,1,3,1,5,1,22.66,0.471184,0,199.95747,1.274054
10,1,3,5,1,0.2,-1,-1,-1,-1,-1
10,1,3,5,1,0.5,-1,-1,-1,-1,-1
10,1,3,5,1,1,-1,-1,-1,-1,-1
10,1,3,5,3,0.2,-1,-1,-1,-1,-1
10,1,3,5,3,0.5,-1,-1,-1,-1,-1
10,1,3,5,3,1,-1,-1,-1,-1,-1
10,1,3,5,5,0.2,-1,-1,-1,-1,-1
10,1,3,5,5,0.5,-1,-1,-1,-1,-1
10,1,3,5,5,1,-1,-1,-1,-1,-1
10,1,5,0.2,1,0.2,13.65,0.308006,0,1672.081219,15.69103
10,1,5,0.2,1,0.5,13.65,0.308006,0,1672.081219,15.69103
10,1,5,0.2,1,1,13.65,0.308006,0,1672.081219,15.69103
10,1,5,0.2,3,0.2,13.25,0.308006,0,1672.081219,16.165076
10,1,5,0.2,3,0.5,13.25,0.308006,0,1672.081219,16.165076
10,1,5,0.2,3,1,13.25,0.308006,0,1672.081219,16.165076
10,1,5,0.2,5,0.2,12.85,0.308006,0,1672.081219,16.668636
10,1,5,0.2,5,0.5,12.85,0.308006,0,1672.081219,16.668636
10,1,5,0.2,5,1,12.85,0.308006,0,1672.081219,16.668636
10,1,5,0.5,1,0.2,14.2,0.457064,0,679.887343,6.928197
10,1,5,0.5,1,0.5,14.2,0.457064,0,679.887343,6.928197
10,1,5,0.5,1,1,14.2,0.457064,0,679.887343,6.928197
10,1,5,0.5,3,0.2,13.8,0.457064,0,679.887343,7.128441
10,1,5,0.5,3,0.5,13.8,0.457064,0,679.887343,7.128441
10,1,5,0.5,3,1,13.8,0.457064,0,679.887343,7.128441
10,1,5,0.5,5,0.2,13.4,0.457064,0,679.887343,7.339734
10,1,5,0.5,5,0.5,13.4,0.457064,0,679.887343,7.339734
10,1,5,0.5,5,1,13.4,0.457064,0,679.887343,7.339734
10,1,5,1,1,0.2,-1,-1,-1,-1,-1
10,1,5,1,1,0.5,-1,-1,-1,-1,-1
10,1,5,1,1,1,-1,-1,-1,-1,-1
10,1,5,1,3,0.2,-1,-1,-1,-1,-1
10,1,5,1,3,0.5,-1,-1,-1,-1,-1
10,1,5,1,3,1,-1,-1,-1,-1,-1
10,1,5,1,5,0.2,-1,-1,-1,-1,-1
10,1,5,1,5,0.5,-1,-1,-1,-1,-1
10,1,5,1,5,1,-1,-1,-1,-1,-1
10,1,5,5,1,0.2,-1,-1,-1,-1,-1
10,1,5,5,1,0.5,-1,-1,-1,-1,-1
10,1,5,5,1,1,-1,-1,-1,-1,-1
10,1,5,5,3,0.2,-1,-1,-1,-1,-1
10,1,5,5,3,0.5,-1,-1,-1,-1,-1
10,1,5,5,3,1,-1,-1,-1,-1,-1
10,1,5,5,5,0.2,-1,-1,-1,-1,-1
10,1,5,5,5,0.5,-1,-1,-1,-1,-1
10,1,5,5,5,1,-1,-1,-1,-1,-1
10,1,7,0.2,1,0.2,9.84,0.2976,0,2408.97432,31.763743
10,1,7,0.2,1,0.5,9.84,0.2976,0,2408.97432,31.763743
10,1,7,0.2,1,1,9.84,0.2976,0,2408.97432,31.763743
10,1,7,0.2,3,0.2,9.55,0.2976,0,2408.97432,32.729164
10,1,7,0.2,3,0.5,9.55,0.2976,0,2408.97432,32.729164
10,1,7,0.2,3,1,9.55,0.2976,0,2408.97432,32.729164
10,1,7,0.2,5,0.2,9.27,0.2976,0,2408.97432,33.718203
10,1,7,0.2,5,0.5,9.27,0.2976,0,2408.97432,33.718203
10,1,7,0.2,5,1,9.27,0.2976,0,2408.97432,33.718203
10,1,7,0.5,1,0.2,10.46,0.495081,0,927.354977,12.553237
10,1,7,0.5,1,0.5,10.46,0.495081,0,927.354977,12.553237
10,1,7,0.5,1,1,10.46,0.495081,0,927.354977,12.553237
10,1,7,0.5,3,0.2,10.17,0.495081,0,927.354977,12.906943
10,1,7,0.5,3,0.5,10.17,0.495081,0,927.354977,12.906943
10,1,7,0.5,3,1,10.17,0.495081,0,927.354977,12.906943
10,1,7,0.5,5,0.2,9.88,0.495081,0,927.354977,13.278439
10,1,7,0.5,5,0.5,9.88,0.495081,0,927.354977,13.278439
10,1,7,0.5,5,1,9.88,0.495081,0,927.354977,13.278439
10,1,7,1,1,0.2,-1,-1,-1,-1,-1
10,1,7,1,1,0.5,-1,-1,-1,-1,-1
10,1,7,1,1,1,-1,-1,-1,-1,-1
10,1,7,1,3,0.2,-1,-1,-1,-1,-1
10,1,7,1,3,0.5,-1,-1,-1,-1,-1
10,1,7,1,3,1,-1,-1,-1,-1,-1
10,1,7,1,5,0.2,-1,-1,-1,-1,-1
10,1,7,1,5,0.5,-1,-1,-1,-1,-1
10,1,7,1,5,1,-1,-1,-1,-1,-1
10,1,7,5,1,0.2,-1,-1,-1,-1,-1
10,1,7,5,1,0.5,-1,-1,-1,-1,-1
10,1,7,5,1,1,-1,-1,-1,-1,-1
10,1,7,5,3,0.2,-1,-1,-1,-1,-1
10,1,7,5,3,0.5,-1,-1,-1,-1,-1
10,1,7,5,3,1,-1,-1,-1,-1,-1
10,1,7,5,5,0.2,-1,-1,-1,-1,-1
10,1,7,5,5,0.5,-1,-1,-1,-1,-1
10,1,7,5,5,1,-1,-1,-1,-1,-1
10,1,10,0.2,1,0.2,7,0.381408,0,3461.289991,62.075541
10,1,10,0.2,1,0.5,7,0.381408,0,3461.289991,62.075541
10,1,10,0.2,1,1,7,0.381408,0,3461.289991,62.075541
10,1,10,0.2,3,0.2,6.8,0.381408,0,3461.289991,63.901376
10,1,10,0.2,3,0.5,6.8,0.381408,0,3461.289991,63.901376
10,1,10,0.2,3,1,6.8,0.381408,0,3461.289991,63.901376
10,1,10,0.2,5,0.2,6.59,0.381408,0,3461.289991,65.932673
10,1,10,0.2,5,0.5,6.59,0.381408,0,3461.289991,65.932673
10,1,10,0.2,5,1,6.59,0.381408,0,3461.289991,65.932673
10,1,10,0.5,1,0.2,-1,-1,-1,-1,-1
10,1,10,0.5,1,0.5,-1,-1,-1,-1,-1
10,1,10,0.5,1,1,-1,-1,-1,-1,-1
10,1,10,0.5,3,0.2,-1,-1,-1,-1,-1
10,1,10,0.5,3,0.5,-1,-1,-1,-1,-1
10,1,10,0.5,3,1,-1,-1,-1,-1,-1
10,1,10,0.5,5,0.2,-1,-1,-1,-1,-1
10,1,10,0.5,5,0.5,-1,-1,-1,-1,-1
10,1,10,0.5,5,1,-1,-1,-1,-1,-1
10,1,10,1,1,0.2,9.89,0.448684,0,681.954059,11.593417
10,1,10,1,1,0.5,9.89,0.448684,0,681.954059,11.593417
10,1,10,1,1,1,9.89,0.448684,0,681.954059,11.593417
10,1,10,1,3,0.2,8.23,0.448684,0,681.954059,10.300801
10,1,10,1,3,0.5,8.23,0.448684,0,681.954059,10.300801
10,1,10,1,3,1,8.23,0.448684,0,681.954059,10.300801
10,1,10,1,5,0.2,7.97,0.448684,0,681.954059,10.555545
10,1,10,1,5,0.5,7.97,0.448684,0,681.954059,10.555545
10,1,10,1,5,1,7.97,0.448684,0,681.954059,10.555545
10,1,10,5,1,0.2,26.66,0.454164,0,133.856152,1.151472
10,1,10,5,1,0.5,26.66,0.454164,0,133.856152,1.151472
10,1,10,5,1,1,26.9,0.454164,1,141.664117,1.25802
10,1,10,5,3,0.2,18.27,0.454164,0,133.856152,1.100731
10,1,10,5,3,0.5,18.27,0.454164,0,133.856152,1.100731
10,1,10,5,3,1,18.27,0.454164,0,133.856152,1.100731
10,1,10,5,5,0.2,17.55,0.454164,0,133.856152,1.113109
10,1,10,5,5,0.5,17.55,0.454164,0,133.856152,1.113109
10,1,10,5,5,1,17.55,0.454164,0,133.856152,1.113109
10,3,3,0.2,1,0.2,42.42,0.091821,3,1926.217123,56.777271
10,3,3,0.2,1,0.5,40.59,0.091969,3,1769.861643,40.951992
10,3,3,0.2,1,1,37.98,0.091832,3,1960.598492,25.082989
10,3,3,0.2,3,0.2,38.37,0.058269,2,1528.745239,65.106159
10,3,3,0.2,3,0.5,37.32,0.057486,2,1499.576271,49.30864
10,3,3,0.2,3,1,35.71,0.057915,2,1498.141161,27.889668
10,3,3,0.2,5,0.2,37.15,0.047564,2,1537.813187,74.740171
10,3,3,0.2,5,0.5,36.28,0.047564,2,1853.245188,60.406239
10,3,3,0.2,5,1,35.03,0.047564,2,1801.584743,42.355863
10,3,3,0.5,1,0.2,43.36,0.288564,2,597.337873,5.558197
10,3,3,0.5,1,0.5,42.62,0.28932,2,598.454106,4.771933
10,3,3,0.5,1,1,38.95,0.287631,3,595.594997,4.316365
10,3,3,0.5,3,0.2,40.36,0.172869,2,601.418968,6.367403
10,3,3,0.5,3,0.5,39.58,0.172869,2,603.995677,5.615776
10,3,3,0.5,3,1,38.18,0.172869,2,600.429163,4.383497
10,3,3,0.5,5,0.2,38.12,0.172869,2,593.183781,4.757365
10,3,3,0.5,5,0.5,37.83,0.172869,2,826.293968,4.652769
10,3,3,0.5,5,1,36.3,0.172869,2,601.404392,3.918548
10,3,3,1,1,0.2,55.19,0.445635,3,298.847111,1.616237
10,3,3,1,1,0.5,50.86,0.445635,4,297.520246,1.269625
10,3,3,1,1,1,49.25,0.445635,5,297.520246,1.025276
10,3,3,1,3,0.2,48.07,0.445635,2,297.520246,1.711147
10,3,3,1,3,0.5,46.57,0.445635,3,297.520246,1.621318
10,3,3,1,3,1,48.51,0.445635,5,297.520246,1.074514
10,3,3,1,5,0.2,52.88,0.445635,2,315.468958,2.073717
10,3,3,1,5,0.5,46.24,0.445635,3,297.520246,1.303579
10,3,3,1,5,1,-1,-1,-1,-1,-1
10,3,3,5,1,0.2,-1,-1,-1,-1,-1
10,3,3,5,1,0.5,-1,-1,-1,-1,-1
10,3,3,5,1,1,-1,-1,-1,-1,-1
10,3,3,5,3,0.2,-1,-1,-1,-1,-1
10,3,3,5,3,0.5,-1,-1,-1,-1,-1
10,3,3,5,3,1,-1,-1,-1,-1,-1
10,3,3,5,5,0.2,-1,-1,-1,-1,-1
10,3,3,5,5,0.5,-1,-1,-1,-1,-1
10,3,3,5,5,1,-1,-1,-1,-1,-1
10,3,5,0.2,1,0.2,28.34,0.198849,3,2502.295365,161.482384
10,3,5,0.2,1,0.5,27.21,0.196987,3,2521.299833,139.976027
10,3,5,0.2,1,1,26.15,0.19721,3,2502.295365,110.939889
10,3,5,0.2,3,0.2,25.73,0.105865,2,2748.71688,189.078581
10,3,5,0.2,3,0.5,25.21,0.105284,2,2907.637771,154.260278
10,3,5,0.2,3,1,24.54,0.105846,2,2556.414134,120.034848
10,3,5,0.2,5,0.2,24.85,0.097694,2,3678.7536,188.789613
10,3,5,0.2,5,0.5,24.33,0.097694,2,3496.164378,190.244621
10,3,5,0.2,5,1,23.65,0.097694,2,2558.687446,148.359349
10,3,5,0.5,1,0.2,34.03,0.396433,3,1224.933728,24.043685
10,3,5,0.5,1,0.5,32.33,0.394389,3,1304.443611,18.427622
10,3,5,0.5,1,1,27.7,0.400272,3,1000.592507,11.446562
10,3,5,0.5,3,0.2,27.92,0.339931,2,989.554152,12.661081
10,3,5,0.5,3,0.5,27.23,0.339931,2,989.554152,12.00191
10,3,5,0.5,3,1,27.02,0.373435,3,989.554152,9.86328
10,3,5,0.5,5,0.2,26.19,0.339931,2,989.554152,13.230139
10,3,5,0.5,5,0.5,25.48,0.339931,2,989.554152,12.144634
10,3,5,0.5,5,1,25.26,0.339931,2,995.560288,9.359384
10,3,5,1,1,0.2,-1,-1,-1,-1,-1
10,3,5,1,1,0.5,-1,-1,-1,-1,-1
10,3,5,1,1,1,-1,-1,-1,-1,-1
10,3,5,1,3,0.2,-1,-1,-1,-1,-1
10,3,5,1,3,0.5,-1,-1,-1,-1,-1
10,3,5,1,3,1,23.19,0.484111,1,446.140997,3.051339
10,3,5,1,5,0.2,25.82,0.326361,1,479.522076,4.356707
10,3,5,1,5,0.5,24.79,0.326361,1,479.522076,3.835054
10,3,5,1,5,1,22.08,0.326361,1,391.272048,3.136092
10,3,5,5,1,0.2,-1,-1,-1,-1,-1
10,3,5,5,1,0.5,-1,-1,-1,-1,-1
10,3,5,5,1,1,-1,-1,-1,-1,-1
10,3,5,5,3,0.2,-1,-1,-1,-1,-1
10,3,5,5,3,0.5,-1,-1,-1,-1,-1
10,3,5,5,3,1,-1,-1,-1,-1,-1
10,3,5,5,5,0.2,-1,-1,-1,-1,-1
10,3,5,5,5,0.5,-1,-1,-1,-1,-1
10,3,5,5,5,1,-1,-1,-1,-1,-1
10,3,7,0.2,1,0.2,24.17,0.208449,3,4816.506458,321.314655
10,3,7,0.2,1,0.5,23.51,0.210166,3,6131.687788,290.335911
10,3,7,0.2,1,1,22.28,0.210626,3,6046.789585,253.490126
10,3,7,0.2,3,0.2,20.25,0.164398,2,4816.506458,331.19631
10,3,7,0.2,3,0.5,19.8,0.164398,2,6131.687788,321.803181
10,3,7,0.2,3,1,19.22,0.164398,2,6046.789585,306.227676
10,3,7,0.2,5,0.2,19.76,0.164398,2,4897.896508,321.860981
10,3,7,0.2,5,0.5,19.39,0.164398,2,6131.687788,292.336937
10,3,7,0.2,5,1,18.91,0.164398,2,6046.789585,264.245074
10,3,7,0.5,1,0.2,-1,-1,-1,-1,-1
10,3,7,0.5,1,0.5,-1,-1,-1,-1,-1
10,3,7,0.5,1,1,-1,-1,-1,-1,-1
10,3,7,0.5,3,0.2,-1,-1,-1,-1,-1
10,3,7,0.5,3,0.5,-1,-1,-1,-1,-1
10,3,7,0.5,3,1,-1,-1,-1,-1,-1
10,3,7,0.5,5,0.2,-1,-1,-1,-1,-1
10,3,7,0.5,5,0.5,-1,-1,-1,-1,-1
10,3,7,0.5,5,1,-1,-1,-1,-1,-1
10,3,7,1,1,0.2,-1,-1,-1,-1,-1
10,3,7,1,1,0.5,-1,-1,-1,-1,-1
10,3,7,1,1,1,-1,-1,-1,-1,-1
10,3,7,1,3,0.2,-1,-1,-1,-1,-1
10,3,7,1,3,0.5,-1,-1,-1,-1,-1
10,3,7,1,3,1,-1,-1,-1,-1,-1
10,3,7,1,5,0.2,-1,-1,-1,-1,-1
10,3,7,1,5,0.5,-1,-1,-1,-1,-1
10,3,7,1,5,1,-1,-1,-1,-1,-1
10,3,7,5,1,0.2,-1,-1,-1,-1,-1
10,3,7,5,1,0.5,-1,-1,-1,-1,-1
10,3,7,5,1,1,-1,-1,-1,-1,-1
10,3,7,5,3,0.2,-1,-1,-1,-1,-1
10,3,7,5,3,0.5,-1,-1,-1,-1,-1
10,3,7,5,3,1,-1,-1,-1,-1,-1
10,3,7,5,5,0.2,-1,-1,-1,-1,-1
10,3,7,5,5,0.5,-1,-1,-1,-1,-1
10,3,7,5,5,1,-1,-1,-1,-1,-1
10,3,10,0.2,1,0.2,17.48,0.36224,2,6913.678601,434.277097
10,3,10,0.2,1,0.5,17.33,0.370395,2,5548.811281,395.972847
10,3,10,0.2,1,1,16.99,0.369366,2,5126.760204,363.871842
10,3,10,0.2,3,0.2,16.67,0.296626,2,7595.249339,526.103215
10,3,10,0.2,3,0.5,16.37,0.284313,2,5548.811281,505.654649
10,3,10,0.2,3,1,16.07,0.292952,2,5831.87148,440.971685
10,3,10,0.2,5,0.2,15.71,0.259884,2,6913.678601,519.759213
10,3,10,0.2,5,0.5,15.51,0.259884,2,5548.811281,507.660476
10,3,10,0.2,5,1,15.14,0.259884,2,5124.839548,467.3245
10,3,10,0.5,1,0.2,-1,-1,-1,-1,-1
10,3,10,0.5,1,0.5,-1,-1,-1,-1,-1
10,3,10,0.5,1,1,-1,-1,-1,-1,-1
10,3,10,0.5,3,0.2,-1,-1,-1,-1,-1
10,3,10,0.5,3,0.5,-1,-1,-1,-1,-1
10,3,10,0.5,3,1,-1,-1,-1,-1,-1
10,3,10,0.5,5,0.2,14.17,0.297003,1,2447.639555,70.79859
10,3,10,0.5,5,0.5,13.54,0.297003,1,2729.926555,53.62062
10,3,10,0.5,5,1,12.88,0.297003,1,1935.008243,39.994786
10,3,10,1,1,0.2,-1,-1,-1,-1,-1
10,3,10,1,1,0.5,-1,-1,-1,-1,-1
10,3,10,1,1,1,-1,-1,-1,-1,-1
10,3,10,1,3,0.2,-1,-1,-1,-1,-1
10,3,10,1,3,0.5,-1,-1,-1,-1,-1
10,3,10,1,3,1,-1,-1,-1,-1,-1
10,3,10,1,5,0.2,-1,-1,-1,-1,-1
10,3,10,1,5,0.5,-1,-1,-1,-1,-1
10,3,10,1,5,1,-1,-1,-1,-1,-1
10,3,10,5,1,0.2,-1,-1,-1,-1,-1
10,3,10,5,1,0.5,-1,-1,-1,-1,-1
10,3,10,5,1,1,-1,-1,-1,-1,-1
10,3,10,5,3,0.2,-1,-1,-1,-1,-1
10,3,10,5,3,0.5,-1,-1,-1,-1,-1
10,3,10,5,3,1,-1,-1,-1,-1,-1
10,3,10,5,5,0.2,-1,-1,-1,-1,-1
10,3,10,5,5,0.5,-1,-1,-1,-1,-1
10,3,10,5,5,1,-1,-1,-1,-1,-1
10,5,3,0.2,1,0.2,47.58,0.141422,3,1547.612555,57.863896
10,5,3,0.2,1,0.5,43.91,0.140691,3,1497.238214,26.227655
10,5,3,0.2,1,1,-1,-1,-1,-1,-1
10,5,3,0.2,3,0.2,50.32,0.119844,2,1547.612555,49.837576
10,5,3,0.2,3,0.5,48.81,0.11982,2,1497.238214,30.913037
10,5,3,0.2,3,1,40.47,0.117229,3,1487.403558,24.257776
10,5,3,0.2,5,0.2,101.11,0.235354,3,2389.02162,39.629088
10,5,3,0.2,5,0.5,46.67,0.118399,2,1497.238214,40.483345
10,5,3,0.2,5,1,39.51,0.118413,2,1487.403558,20.510724
10,5,3,0.5,1,0.2,49.08,0.154223,3,801.701138,5.271661
10,5,3,0.5,1,0.5,45.63,0.154281,3,595.235327,3.144919
10,5,3,0.5,1,1,-1,-1,-1,-1,-1
10,5,3,0.5,3,0.2,50.29,0.160915,2,801.701138,4.809196
10,5,3,0.5,3,0.5,48.7,0.160176,2,595.235327,3.558462
10,5,3,0.5,3,1,41.15,0.15302,4,633.929973,4.301671
10,5,3,0.5,5,0.2,-1,-1,-1,-1,-1
10,5,3,0.5,5,0.5,46.87,0.10881,2,596.519525,4.244719
10,5,3,0.5,5,1,39.76,0.10881,2,633.929973,2.997899
10,5,3,1,1,0.2,58.86,0.297047,2,298.919999,1.512363
10,5,3,1,1,0.5,-1,-1,-1,-1,-1
10,5,3,1,1,1,-1,-1,-1,-1,-1
10,5,3,1,3,0.2,74.78,0.42065,8,298.919999,1.009201
10,5,3,1,3,0.5,64.02,0.389313,8,296.191411,0.990943
10,5,3,1,3,1,40.81,0.271677,3,266.570594,1.24889
10,5,3,1,5,0.2,56.92,0.276615,1,298.919999,1.360726
10,5,3,1,5,0.5,43.94,0.245691,1,275.046227,1.337212
10,5,3,1,5,1,47.2,0.245691,2,266.570594,1.242585
10,5,3,5,1,0.2,-1,-1,-1,-1,-1
10,5,3,5,1,0.5,-1,-1,-1,-1,-1
10,5,3,5,1,1,-1,-1,-1,-1,-1
10,5,3,5,3,0.2,-1,-1,-1,-1,-1
10,5,3,5,3,0.5,-1,-1,-1,-1,-1
10,5,3,5,3,1,-1,-1,-1,-1,-1
10,5,3,5,5,0.2,-1,-1,-1,-1,-1
10,5,3,5,5,0.5,-1,-1,-1,-1,-1
10,5,3,5,5,1,-1,-1,-1,-1,-1
10,5,5,0.2,1,0.2,33.89,0.13304,3,2450.249566,182.426839
10,5,5,0.2,1,0.5,30.1,0.131627,3,2450.249566,93.963668
10,5,5,0.2,1,1,29.17,0.146686,3,3018.504177,54.136936
10,5,5,0.2,3,0.2,34.02,0.118703,2,2450.249566,178.053517
10,5,5,0.2,3,0.5,31.32,0.118652,2,2450.249566,97.829437
10,5,5,0.2,3,1,32.05,0.144637,2,2563.683621,99.945313
10,5,5,0.2,5,0.2,65.74,0.235727,3,4853.10183,122.041554
10,5,5,0.2,5,0.5,49.11,0.234759,3,4910.679818,66.453982
10,5,5,0.2,5,1,50.19,0.247043,6,3930.70879,76.389299
10,5,5,0.5,1,0.2,35.98,0.237814,3,1414.751187,16.056861
10,5,5,0.5,1,0.5,31.85,0.239609,3,1384.223248,9.981651
10,5,5,0.5,1,1,29.35,0.23869,3,947.294495,8.038359
10,5,5,0.5,3,0.2,-1,-1,-1,-1,-1
10,5,5,0.5,3,0.5,33.09,0.260842,2,1384.223248,7.005524
10,5,5,0.5,3,1,32.49,0.262555,2,947.294495,5.874162
10,5,5,0.5,5,0.2,51.67,0.233162,2,1724.124826,10.883292
10,5,5,0.5,5,0.5,49.81,0.234582,3,1003.335815,9.409095
10,5,5,0.5,5,1,31.27,0.208001,2,972.532601,7.190038
10,5,5,1,1,0.2,-1,-1,-1,-1,-1
10,5,5,1,1,0.5,-1,-1,-1,-1,-1
10,5,5,1,1,1,-1,-1,-1,-1,-1
10,5,5,1,3,0.2,-1,-1,-1,-1,-1
10,5,5,1,3,0.5,-1,-1,-1,-1,-1
10,5,5,1,3,1,-1,-1,-1,-1,-1
10,5,5,1,5,0.2,33.02,0.286666,1,497.062564,3.968325
10,5,5,1,5,0.5,30.55,0.286181,1,423.168517,2.892468
10,5,5,1,5,1,28.16,0.285524,2,446.913074,3.200368
10,5,5,5,1,0.2,-1,-1,-1,-1,-1
10,5,5,5,1,0.5,-1,-1,-1,-1,-1
10,5,5,5,1,1,-1,-1,-1,-1,-1
10,5,5,5,3,0.2,-1,-1,-1,-1,-1
10,5,5,5,3,0.5,-1,-1,-1,-1,-1
10,5,5,5,3,1,-1,-1,-1,-1,-1
10,5,5,5,5,0.2,-1,-1,-1,-1,-1
10,5,5,5,5,0.5,-1,-1,-1,-1,-1
10,5,5,5,5,1,-1,-1,-1,-1,-1
10,5,7,0.2,1,0.2,26.19,0.144527,3,3579.567931,264.939782
10,5,7,0.2,1,0.5,24.41,0.140567,3,5027.368144,225.564862
10,5,7,0.2,1,1,22.62,0.14108,3,4911.246796,149.473194
10,5,7,0.2,3,0.2,24.93,0.149821,2,3579.567931,229.452589
10,5,7,0.2,3,0.5,24.04,0.149104,2,5027.368144,223.92137
10,5,7,0.2,3,1,23.53,0.149801,2,4911.246796,167.792084
10,5,7,0.2,5,0.2,47.47,0.23388,3,6926.120965,212.696646
10,5,7,0.2,5,0.5,47.08,0.234246,3,5746.34891,192.456241
10,5,7,0.2,5,1,35.84,0.234098,3,6172.532176,117.935617
10,5,7,0.5,1,0.2,-1,-1,-1,-1,-1
10,5,7,0.5,1,0.5,28.24,0.312513,2,1266.97237,14.226991
10,5,7,0.5,1,1,25.02,0.311209,3,1967.178564,14.600043
10,5,7,0.5,3,0.2,-1,-1,-1,-1,-1
10,5,7,0.5,3,0.5,-1,-1,-1,-1,-1
10,5,7,0.5,3,1,-1,-1,-1,-1,-1
10,5,7,0.5,5,0.2,33.02,0.375305,1,1439.520792,19.37924
10,5,7,0.5,5,0.5,27.12,0.372228,3,1148.387968,9.477088
10,5,7,0.5,5,1,27.55,0.382413,4,1148.387968,9.0676
10,5,7,1,1,0.2,-1,-1,-1,-1,-1
10,5,7,1,1,0.5,-1,-1,-1,-1,-1
10,5,7,1,1,1,-1,-1,-1,-1,-1
10,5,7,1,3,0.2,-1,-1,-1,-1,-1
10,5,7,1,3,0.5,-1,-1,-1,-1,-1
10,5,7,1,3,1,-1,-1,-1,-1,-1
10,5,7,1,5,0.2,-1,-1,-1,-1,-1
10,5,7,1,5,0.5,24.69,0.464347,1,651.243955,5.026233
10,5,7,1,5,1,23.38,0.467788,2,543.216224,5.274787
10,5,7,5,1,0.2,-1,-1,-1,-1,-1
10,5,7,5,1,0.5,-1,-1,-1,-1,-1
10,5,7,5,1,1,-1,-1,-1,-1,-1
10,5,7,5,3,0.2,-1,-1,-1,-1,-1
10,5,7,5,3,0.5,-1,-1,-1,-1,-1
10,5,7,5,3,1,-1,-1,-1,-1,-1
10,5,7,5,5,0.2,-1,-1,-1,-1,-1
10,5,7,5,5,0.5,-1,-1,-1,-1,-1
10,5,7,5,5,1,-1,-1,-1,-1,-1
10,5,10,0.2,1,0.2,21.67,0.194185,3,6310.463039,573.472683
10,5,10,0.2,1,0.5,20.35,0.193707,3,6145.243497,488.134597
10,5,10,0.2,1,1,18.89,0.193087,3,5112.165974,373.076595
10,5,10,0.2,3,0.2,19.74,0.203891,2,6310.463039,566.194311
10,5,10,0.2,3,0.5,18.8,0.207104,2,5065.693601,355.256727
10,5,10,0.2,3,1,18.41,0.202458,2,5065.693601,307.979077
10,5,10,0.2,5,0.2,-1,-1,-1,-1,-1
10,5,10,0.2,5,0.5,-1,-1,-1,-1,-1
10,5,10,0.2,5,1,-1,-1,-1,-1,-1
10,5,10,0.5,1,0.2,-1,-1,-1,-1,-1
10,5,10,0.5,1,0.5,-1,-1,-1,-1,-1
10,5,10,0.5,1,1,-1,-1,-1,-1,-1
10,5,10,0.5,3,0.2,-1,-1,-1,-1,-1
10,5,10,0.5,3,0.5,-1,-1,-1,-1,-1
10,5,10,0.5,3,1,-1,-1,-1,-1,-1
10,5,10,0.5,5,0.2,-1,-1,-1,-1,-1
10,5,10,0.5,5,0.5,-1,-1,-1,-1,-1
10,5,10,0.5,5,1,15.51,0.284323,1,2378.623332,27.728875
10,5,10,1,1,0.2,-1,-1,-1,-1,-1
10,5,10,1,1,0.5,-1,-1,-1,-1,-1
10,5,10,1,1,1,-1,-1,-1,-1,-1
10,5,10,1,3,0.2,-1,-1,-1,-1,-1
10,5,10,1,3,0.5,-1,-1,-1,-1,-1
10,5,10,1,3,1,-1,-1,-1,-1,-1
10,5,10,1,5,0.2,-1,-1,-1,-1,-1
10,5,10,1,5,0.5,-1,-1,-1,-1,-1
10,5,10,1,5,1,-1,-1,-1,-1,-1
10,5,10,5,1,0.2,-1,-1,-1,-1,-1
10,5,10,5,1,0.5,-1,-1,-1,-1,-1
10,5,10,5,1,1,-1,-1,-1,-1,-1
10,5,10,5,3,0.2,-1,-1,-1,-1,-1
10,5,10,5,3,0.5,-1,-1,-1,-1,-1
10,5,10,5,3,1,-1,-1,-1,-1,-1
10,5,10,5,5,0.2,-1,-1,-1,-1,-1
10,5,10,5,5,0.5,-1,-1,-1,-1,-1
10,5,10,5,5,1,-1,-1,-1,-1,-1
15,1,3,0.2,1,0.2,23.11,0.292962,0,1488.749457,7.306835
15,1,3,0.2,1,0.5,23.11,0.292962,0,1488.749457,7.306835
15,1,3,0.2,1,1,23.11,0.292962,0,1488.749457,7.306835
15,1,3,0.2,3,0.2,22.44,0.292962,0,1488.749457,7.525096
15,1,3,0.2,3,0.5,22.44,0.292962,0,1488.749457,7.525096
15,1,3,0.2,3,1,22.44,0.292962,0,1488.749457,7.525096
15,1,3,0.2,5,0.2,21.77,0.292962,0,1488.749457,7.756797
15,1,3,0.2,5,0.5,21.77,0.292962,0,1488.749457,7.756797
15,1,3,0.2,5,1,21.77,0.292962,0,1488.749457,7.756797
15,1,3,0.5,1,0.2,23.36,0.30345,0,470.371778,2.340065
15,1,3,0.5,1,0.5,23.36,0.30345,0,470.371778,2.340065
15,1,3,0.5,1,1,23.36,0.30345,0,470.371778,2.340065
15,1,3,0.5,3,0.2,22.7,0.30345,0,470.371778,2.408114
15,1,3,0.5,3,0.5,22.7,0.30345,0,470.371778,2.408114
15,1,3,0.5,3,1,22.7,0.30345,0,470.371778,2.408114
15,1,3,0.5,5,0.2,22.03,0.30345,0,470.371778,2.481311
15,1,3,0.5,5,0.5,22.03,0.30345,0,470.371778,2.481311
15,1,3,0.5,5,1,22.03,0.30345,0,470.371778,2.481311
15,1,3,1,1,0.2,25.25,0.116464,0,213.171136,1.195006
15,1,3,1,1,0.5,25.25,0.116464,0,213.171136,1.195006
15,1,3,1,1,1,25.25,0.116464,0,213.171136,1.195006
15,1,3,1,3,0.2,24.58,0.116464,0,213.171136,1.227371
15,1,3,1,3,0.5,24.58,0.116464,0,213.171136,1.227371
15,1,3,1,3,1,24.58,0.116464,0,213.171136,1.227371
15,1,3,1,5,0.2,23.91,0.116464,0,213.171136,1.261347
15,1,3,1,5,0.5,23.91,0.116464,0,213.171136,1.261347
15,1,3,1,5,1,23.91,0.116464,0,213.171136,1.261347
15,1,3,5,1,0.2,44.69,0.419294,0,39.087253,0.162836
15,1,3,5,1,0.5,44.59,0.419294,1,39.087253,0.164483
15,1,3,5,1,1,-1,-1,-1,-1,-1
15,1,3,5,3,0.2,33.18,0.419294,0,39.087253,0.161549
15,1,3,5,3,0.5,33.18,0.419294,0,39.087253,0.161549
15,1,3,5,3,1,-1,-1,-1,-1,-1
15,1,3,5,5,0.2,31.38,0.419294,0,39.087253,0.16368
15,1,3,5,5,0.5,31.38,0.419294,0,39.087253,0.16368
15,1,3,5,5,1,-1,-1,-1,-1,-1
15,1,5,0.2,1,0.2,13.93,0.29641,0,2834.539206,20.025277
15,1,5,0.2,1,0.5,13.93,0.29641,0,2834.539206,20.025277
15,1,5,0.2,1,1,13.93,0.29641,0,2834.539206,20.025277
15,1,5,0.2,3,0.2,13.53,0.29641,0,2834.539206,20.617738
15,1,5,0.2,3,0.5,13.53,0.29641,0,2834.539206,20.617738
15,1,5,0.2,3,1,13.53,0.29641,0,2834.539206,20.617738
15,1,5,0.2,5,0.2,13.13,0.29641,0,2834.539206,21.246303
15,1,5,0.2,5,0.5,13.13,0.29641,0,2834.539206,21.246303
15,1,5,0.2,5,1,13.13,0.29641,0,2834.539206,21.246303
15,1,5,0.5,1,0.2,14.62,0,0,740.605079,6.391459
15,1,5,0.5,1,0.5,14.62,0,0,740.605079,6.391459
15,1,5,0.5,1,1,14.62,0,0,740.605079,6.391459
15,1,5,0.5,3,0.2,14.22,0,0,740.605079,6.570686
15,1,5,0.5,3,0.5,14.22,0,0,740.605079,6.570686
15,1,5,0.5,3,1,14.22,0,0,740.605079,6.570686
15,1,5,0.5,5,0.2,13.82,0,0,740.605079,6.759424
15,1,5,0.5,5,0.5,13.82,0,0,740.605079,6.759424
15,1,5,0.5,5,1,13.82,0,0,740.605079,6.759424
15,1,5,1,1,0.2,15.97,0.469952,0,331.400042,2.898224
15,1,5,1,1,0.5,15.97,0.469952,0,331.400042,2.898224
15,1,5,1,1,1,15.97,0.469952,0,331.400042,2.898224
15,1,5,1,3,0.2,15.56,0.469952,0,331.400042,2.972121
15,1,5,1,3,0.5,15.56,0.469952,0,331.400042,2.972121
15,1,5,1,3,1,15.56,0.469952,0,331.400042,2.972121
15,1,5,1,5,0.2,15.15,0.469952,0,331.400042,3.050076
15,1,5,1,5,0.5,15.15,0.469952,0,331.400042,3.050076
15,1,5,1,5,1,15.15,0.469952,0,331.400042,3.050076
15,1,5,5,1,0.2,-1,-1,-1,-1,-1
15,1,5,5,1,0.5,-1,-1,-1,-1,-1
15,1,5,5,1,1,-1,-1,-1,-1,-1
15,1,5,5,3,0.2,-1,-1,-1,-1,-1
15,1,5,5,3,0.5,-1,-1,-1,-1,-1
15,1,5,5,3,1,-1,-1,-1,-1,-1
15,1,5,5,5,0.2,-1,-1,-1,-1,-1
15,1,5,5,5,0.5,-1,-1,-1,-1,-1
15,1,5,5,5,1,-1,-1,-1,-1,-1
15,1,7,0.2,1,0.2,9.98,0.308725,0,2715.794951,31.13145
15,1,7,0.2,1,0.5,9.98,0.308725,0,2715.794951,31.13145
15,1,7,0.2,1,1,9.98,0.308725,0,2715.794951,31.13145
15,1,7,0.2,3,0.2,9.7,0.308725,0,2715.794951,32.030876
15,1,7,0.2,3,0.5,9.7,0.308725,0,2715.794951,32.030876
15,1,7,0.2,3,1,9.7,0.308725,0,2715.794951,32.030876
15,1,7,0.2,5,0.2,9.41,0.308725,0,2715.794951,33.018407
15,1,7,0.2,5,0.5,9.41,0.308725,0,2715.794951,33.018407
15,1,7,0.2,5,1,9.41,0.308725,0,2715.794951,33.018407
15,1,7,0.5,1,0.2,10.95,0.166204,0,958.170971,12.130517
15,1,7,0.5,1,0.5,10.95,0.166204,0,958.170971,12.130517
15,1,7,0.5,1,1,10.95,0.166204,0,958.170971,12.130517
15,1,7,0.5,3,0.2,10.67,0.166204,0,958.170971,12.445514
15,1,7,0.5,3,0.5,10.67,0.166204,0,958.170971,12.445514
15,1,7,0.5,3,1,10.67,0.166204,0,958.170971,12.445514
15,1,7,0.5,5,0.2,10.38,0.166204,0,958.170971,12.787236
15,1,7,0.5,5,0.5,10.38,0.166204,0,958.170971,12.787236
15,1,7,0.5,5,1,10.38,0.166204,0,958.170971,12.787236
15,1,7,1,1,0.2,12.34,0.087416,0,444.5373,4.823403
15,1,7,1,1,0.5,12.34,0.087416,0,444.5373,4.823403
15,1,7,1,1,1,12.34,0.087416,0,444.5373,4.823403
15,1,7,1,3,0.2,11.97,0.087416,0,444.5373,4.807258
15,1,7,1,3,0.5,11.97,0.087416,0,444.5373,4.807258
15,1,7,1,3,1,11.97,0.087416,0,444.5373,4.807258
15,1,7,1,5,0.2,11.64,0.087416,0,444.5373,4.9268
15,1,7,1,5,0.5,11.64,0.087416,0,444.5373,4.9268
15,1,7,1,5,1,11.64,0.087416,0,444.5373,4.9268
15,1,7,5,1,0.2,32.46,0.457125,0,89.397886,0.494409
15,1,7,5,1,0.5,32.46,0.457125,0,89.397886,0.494409
15,1,7,5,1,1,32.96,0.457125,1,89.397886,0.513894
15,1,7,5,3,0.2,23.84,0.457125,0,89.397886,0.516277
15,1,7,5,3,0.5,23.84,0.457125,0,89.397886,0.516277
15,1,7,5,3,1,23.84,0.457125,0,89.397886,0.516277
15,1,7,5,5,0.2,22.31,0.457125,0,89.397886,0.533052
15,1,7,5,5,0.5,22.31,0.457125,0,89.397886,0.533052
15,1,7,5,5,1,22.31,0.457125,0,89.397886,0.533052
15,1,10,0.2,1,0.2,7.1,0.338979,0,3740.557192,61.829808
15,1,10,0.2,1,0.5,7.1,0.338979,0,3740.557192,61.829808
15,1,10,0.2,1,1,7.1,0.338979,0,3740.557192,61.829808
15,1,10,0.2,3,0.2,6.9,0.338979,0,3740.557192,63.621841
15,1,10,0.2,3,0.5,6.9,0.338979,0,3740.557192,63.621841
15,1,10,0.2,3,1,6.9,0.338979,0,3740.557192,63.621841
15,1,10,0.2,5,0.2,6.7,0.338979,0,3740.557192,65.515982
15,1,10,0.2,5,0.5,6.7,0.338979,0,3740.557192,65.515982
15,1,10,0.2,5,1,6.7,0.338979,0,3740.557192,65.515982
15,1,10,0.5,1,0.2,7.99,0.436966,0,1347.293189,22.978047
15,1,10,0.5,1,0.5,7.99,0.436966,0,1347.293189,22.978047
15,1,10,0.5,1,1,7.99,0.436966,0,1347.293189,22.978047
15,1,10,0.5,3,0.2,7.79,0.436966,0,1347.293189,23.550135
15,1,10,0.5,3,0.5,7.79,0.436966,0,1347.293189,23.550135
15,1,10,0.5,3,1,7.79,0.436966,0,1347.293189,23.550135
15,1,10,0.5,5,0.2,7.58,0.436966,0,1347.293189,24.182462
15,1,10,0.5,5,0.5,7.58,0.436966,0,1347.293189,24.182462
15,1,10,0.5,5,1,7.58,0.436966,0,1347.293189,24.182462
15,1,10,1,1,0.2,10.52,0.090945,0,635.041158,9.584295
15,1,10,1,1,0.5,10.52,0.090945,0,635.041158,9.584295
15,1,10,1,1,1,10.52,0.090945,0,635.041158,9.584295
15,1,10,1,3,0.2,8.85,0.090945,0,635.041158,8.528666
15,1,10,1,3,0.5,8.85,0.090945,0,635.041158,8.528666
15,1,10,1,3,1,8.85,0.090945,0,635.041158,8.528666
15,1,10,1,5,0.2,8.57,0.090945,0,635.041158,8.709624
15,1,10,1,5,0.5,8.57,0.090945,0,635.041158,8.709624
15,1,10,1,5,1,8.57,0.090945,0,635.041158,8.709624
15,1,10,5,1,0.2,30.97,0.288776,0,127.764609,0.895213
15,1,10,5,1,0.5,30.97,0.288776,0,127.764609,0.895213
15,1,10,5,1,1,30.68,0.288776,1,127.764609,0.90326
15,1,10,5,3,0.2,23.78,0.288776,0,127.764609,0.899862
15,1,10,5,3,0.5,23.78,0.288776,0,127.764609,0.899862
15,1,10,5,3,1,23.78,0.288776,0,127.764609,0.899862
15,1,10,5,5,0.2,19.02,0.288776,0,127.764609,0.976495
15,1,10,5,5,0.5,19.02,0.288776,0,127.764609,0.976495
15,1,10,5,5,1,19.02,0.288776,0,127.764609,0.976495
15,3,3,0.2,1,0.2,35.49,0.065981,1,1529.839971,30.724574
15,3,3,0.2,1,0.5,35.18,0.063851,1,1529.839971,27.146257
15,3,3,0.2,1,1,34.7,0.065183,1,1529.839971,22.381754
15,3,3,0.2,3,0.2,37.77,0.051666,1,1529.839971,51.227543
15,3,3,0.2,3,0.5,37.78,0.051666,2,1529.839971,48.547657
15,3,3,0.2,3,1,36.63,0.051666,2,1529.839971,34.467855
15,3,3,0.2,5,0.2,36.1,0.051666,1,1529.839971,57.175487
15,3,3,0.2,5,0.5,35.85,0.051666,2,1529.839971,47.688135
15,3,3,0.2,5,1,34.77,0.051666,2,1529.839971,36.172999
15,3,3,0.5,1,0.2,38.33,0.193328,2,592.444364,5.598619
15,3,3,0.5,1,0.5,37.35,0.193328,2,697.875122,4.513312
15,3,3,0.5,1,1,35.65,0.193328,2,649.187063,3.401052
15,3,3,0.5,3,0.2,34.18,0.193328,1,592.444364,3.751539
15,3,3,0.5,3,0.5,33.95,0.193328,1,697.875122,3.778488
15,3,3,0.5,3,1,33.29,0.193328,1,592.444364,2.999565
15,3,3,0.5,5,0.2,32.44,0.193328,1,592.444364,3.733204
15,3,3,0.5,5,0.5,32.22,0.193328,1,697.875122,3.762785
15,3,3,0.5,5,1,31.47,0.193328,1,592.444364,3.037984
15,3,3,1,1,0.2,43.39,0.492992,1,275.103807,1.100486
15,3,3,1,1,0.5,39.43,0.489202,2,275.103807,1.281482
15,3,3,1,1,1,38.08,0.489311,2,279.470591,1.328173
15,3,3,1,3,0.2,37.67,0.468446,1,275.103807,1.340695
15,3,3,1,3,0.5,37.17,0.468446,1,275.103807,1.365579
15,3,3,1,3,1,35.94,0.468446,2,279.470591,1.402326
15,3,3,1,5,0.2,35.69,0.468446,1,275.103807,1.500989
15,3,3,1,5,0.5,35.34,0.468446,1,275.103807,1.523567
15,3,3,1,5,1,35.51,0.468446,2,279.470591,1.572529
15,3,3,5,1,0.2,-1,-1,-1,-1,-1
15,3,3,5,1,0.5,-1,-1,-1,-1,-1
15,3,3,5,1,1,-1,-1,-1,-1,-1
15,3,3,5,3,0.2,-1,-1,-1,-1,-1
15,3,3,5,3,0.5,-1,-1,-1,-1,-1
15,3,3,5,3,1,-1,-1,-1,-1,-1
15,3,3,5,5,0.2,-1,-1,-1,-1,-1
15,3,3,5,5,0.5,-1,-1,-1,-1,-1
15,3,3,5,5,1,-1,-1,-1,-1,-1
15,3,5,0.2,1,0.2,27.06,0.108357,2,3087.714947,172.932089
15,3,5,0.2,1,0.5,24.73,0.108357,2,3807.757557,103.118169
15,3,5,0.2,1,1,23.4,0.108357,2,2834.539205,88.883654
15,3,5,0.2,3,0.2,23.39,0.108357,1,3087.714947,164.30952
15,3,5,0.2,3,0.5,21.53,0.108357,1,2834.539205,82.37105
15,3,5,0.2,3,1,21.04,0.108357,1,2834.539205,80.195574
15,3,5,0.2,5,0.2,22.31,0.108357,1,3087.714947,170.453371
15,3,5,0.2,5,0.5,20.45,0.108357,1,2834.539205,84.742745
15,3,5,0.2,5,1,19.95,0.108357,1,2834.539205,82.521299
15,3,5,0.5,1,0.2,26.53,0.444382,1,905.716881,6.198844
15,3,5,0.5,1,0.5,26.5,0.445389,1,905.716881,6.155412
15,3,5,0.5,1,1,25,0.443878,2,905.716881,6.831704
15,3,5,0.5,3,0.2,23.16,0.364319,1,905.716881,7.079491
15,3,5,0.5,3,0.5,23.12,0.364319,1,905.716881,7.032572
15,3,5,0.5,3,1,23.06,0.364319,1,905.716881,6.975508
15,3,5,0.5,5,0.2,21.44,0.364319,1,905.716881,7.226399
15,3,5,0.5,5,0.5,21.4,0.364319,1,905.716881,7.167898
15,3,5,0.5,5,1,21.35,0.364319,1,905.716881,7.102532
15,3,5,1,1,0.2,-1,-1,-1,-1,-1
15,3,5,1,1,0.5,-1,-1,-1,-1,-1
15,3,5,1,1,1,-1,-1,-1,-1,-1
15,3,5,1,3,0.2,-1,-1,-1,-1,-1
15,3,5,1,3,0.5,-1,-1,-1,-1,-1
15,3,5,1,3,1,-1,-1,-1,-1,-1
15,3,5,1,5,0.2,-1,-1,-1,-1,-1
15,3,5,1,5,0.5,-1,-1,-1,-1,-1
15,3,5,1,5,1,-1,-1,-1,-1,-1
15,3,5,5,1,0.2,-1,-1,-1,-1,-1
15,3,5,5,1,0.5,-1,-1,-1,-1,-1
15,3,5,5,1,1,-1,-1,-1,-1,-1
15,3,5,5,3,0.2,-1,-1,-1,-1,-1
15,3,5,5,3,0.5,-1,-1,-1,-1,-1
15,3,5,5,3,1,-1,-1,-1,-1,-1
15,3,5,5,5,0.2,-1,-1,-1,-1,-1
15,3,5,5,5,0.5,-1,-1,-1,-1,-1
15,3,5,5,5,1,-1,-1,-1,-1,-1
15,3,7,0.2,1,0.2,21.73,0.159512,2,4088.176138,311.113857
15,3,7,0.2,1,0.5,19.52,0.159512,2,3544.535337,207.565693
15,3,7,0.2,1,1,18.8,0.159512,2,4887.693676,202.477921
15,3,7,0.2,3,0.2,18.25,0.159512,1,3585.972512,261.906131
15,3,7,0.2,3,0.5,16.36,0.159512,1,3502.336428,144.178476
15,3,7,0.2,3,1,16.18,0.159512,1,3502.336428,128.058326
15,3,7,0.2,5,0.2,17.49,0.159512,1,3585.972512,270.775928
15,3,7,0.2,5,0.5,15.6,0.159512,1,3502.336428,148.373385
15,3,7,0.2,5,1,15.44,0.159512,1,3502.336428,131.289606
15,3,7,0.5,1,0.2,-1,-1,-1,-1,-1
15,3,7,0.5,1,0.5,-1,-1,-1,-1,-1
15,3,7,0.5,1,1,-1,-1,-1,-1,-1
15,3,7,0.5,3,0.2,-1,-1,-1,-1,-1
15,3,7,0.5,3,0.5,-1,-1,-1,-1,-1
15,3,7,0.5,3,1,-1,-1,-1,-1,-1
15,3,7,0.5,5,0.2,-1,-1,-1,-1,-1
15,3,7,0.5,5,0.5,-1,-1,-1,-1,-1
15,3,7,0.5,5,1,-1,-1,-1,-1,-1
15,3,7,1,1,0.2,-1,-1,-1,-1,-1
15,3,7,1,1,0.5,-1,-1,-1,-1,-1
15,3,7,1,1,1,-1,-1,-1,-1,-1
15,3,7,1,3,0.2,-1,-1,-1,-1,-1
15,3,7,1,3,0.5,-1,-1,-1,-1,-1
15,3,7,1,3,1,-1,-1,-1,-1,-1
15,3,7,1,5,0.2,-1,-1,-1,-1,-1
15,3,7,1,5,0.5,-1,-1,-1,-1,-1
15,3,7,1,5,1,-1,-1,-1,-1,-1
15,3,7,5,1,0.2,-1,-1,-1,-1,-1
15,3,7,5,1,0.5,-1,-1,-1,-1,-1
15,3,7,5,1,1,-1,-1,-1,-1,-1
15,3,7,5,3,0.2,-1,-1,-1,-1,-1
15,3,7,5,3,0.5,-1,-1,-1,-1,-1
15,3,7,5,3,1,-1,-1,-1,-1,-1
15,3,7,5,5,0.2,-1,-1,-1,-1,-1
15,3,7,5,5,0.5,-1,-1,-1,-1,-1
15,3,7,5,5,1,-1,-1,-1,-1,-1
15,3,10,0.2,1,0.2,17.36,0.28831,2,5127.919322,537.627113
15,3,10,0.2,1,0.5,15.72,0.28831,2,5997.655731,376.576374
15,3,10,0.2,1,1,15.21,0.28831,2,5062.354996,327.214021
15,3,10,0.2,3,0.2,13.95,0.28831,1,5127.919322,478.468785
15,3,10,0.2,3,0.5,12.51,0.28831,1,5997.655731,239.718859
15,3,10,0.2,3,1,12.37,0.28831,1,5062.354996,219.109082
15,3,10,0.2,5,0.2,13.47,0.28831,1,5127.919322,493.462642
15,3,10,0.2,5,0.5,12.03,0.28831,1,5997.655731,246.924628
15,3,10,0.2,5,1,11.89,0.28831,1,5062.354996,225.609563
15,3,10,0.5,1,0.2,-1,-1,-1,-1,-1
15,3,10,0.5,1,0.5,-1,-1,-1,-1,-1
15,3,10,0.5,1,1,-1,-1,-1,-1,-1
15,3,10,0.5,3,0.2,-1,-1,-1,-1,-1
15,3,10,0.5,3,0.5,-1,-1,-1,-1,-1
15,3,10,0.5,3,1,-1,-1,-1,-1,-1
15,3,10,0.5,5,0.2,-1,-1,-1,-1,-1
15,3,10,0.5,5,0.5,-1,-1,-1,-1,-1
15,3,10,0.5,5,1,-1,-1,-1,-1,-1
15,3,10,1,1,0.2,-1,-1,-1,-1,-1
15,3,10,1,1,0.5,-1,-1,-1,-1,-1
15,3,10,1,1,1,-1,-1,-1,-1,-1
15,3,10,1,3,0.2,-1,-1,-1,-1,-1
15,3,10,1,3,0.5,-1,-1,-1,-1,-1
15,3,10,1,3,1,-1,-1,-1,-1,-1
15,3,10,1,5,0.2,-1,-1,-1,-1,-1
15,3,10,1,5,0.5,-1,-1,-1,-1,-1
15,3,10,1,5,1,-1,-1,-1,-1,-1
15,3,10,5,1,0.2,-1,-1,-1,-1,-1
15,3,10,5,1,0.5,-1,-1,-1,-1,-1
15,3,10,5,1,1,-1,-1,-1,-1,-1
15,3,10,5,3,0.2,-1,-1,-1,-1,-1
15,3,10,5,3,0.5,-1,-1,-1,-1,-1
15,3,10,5,3,1,-1,-1,-1,-1,-1
15,3,10,5,5,0.2,-1,-1,-1,-1,-1
15,3,10,5,5,0.5,-1,-1,-1,-1,-1
15,3,10,5,5,1,-1,-1,-1,-1,-1
15,5,3,0.2,1,0.2,81.36,0.212086,4,2861.103015,32.989639
15,5,3,0.2,1,0.5,-1,-1,-1,-1,-1
15,5,3,0.2,1,1,-1,-1,-1,-1,-1
15,5,3,0.2,3,0.2,90.64,0.212021,7,2965.322685,64.870825
15,5,3,0.2,3,0.5,73.2,0.213016,5,2803.900217,34.158598
15,5,3,0.2,3,1,70.37,0.168428,5,2952.121817,56.013621
15,5,3,0.2,5,0.2,-1,-1,-1,-1,-1
15,5,3,0.2,5,0.5,81.65,0.212708,7,2551.289723,54.476003
15,5,3,0.2,5,1,66.53,0.159655,3,2573.561839,20.124089
15,5,3,0.5,1,0.2,80.4,0.21187,4,1172.831349,6.198089
15,5,3,0.5,1,0.5,-1,-1,-1,-1,-1
15,5,3,0.5,1,1,-1,-1,-1,-1,-1
15,5,3,0.5,3,0.2,80.45,0.211886,4,787.920162,5.399372
15,5,3,0.5,3,0.5,73.29,0.21262,5,688.033718,4.931522
15,5,3,0.5,3,1,71.67,0.207019,5,846.437098,6.077368
15,5,3,0.5,5,0.2,-1,-1,-1,-1,-1
15,5,3,0.5,5,0.5,79.16,0.248611,6,590.992363,3.044248
15,5,3,0.5,5,1,73.25,0.206662,5,1148.50845,5.279754
15,5,3,1,1,0.2,-1,-1,-1,-1,-1
15,5,3,1,1,0.5,-1,-1,-1,-1,-1
15,5,3,1,1,1,66.89,0.187543,2,311.194517,1.20128
15,5,3,1,3,0.2,-1,-1,-1,-1,-1
15,5,3,1,3,0.5,85.74,0.206987,6,536.709303,1.679952
15,5,3,1,3,1,66.47,0.187543,2,276.149984,1.17072
15,5,3,1,5,0.2,-1,-1,-1,-1,-1
15,5,3,1,5,0.5,90.93,0.256358,7,380.282144,1.726305
15,5,3,1,5,1,67.8,0.187543,2,286.053813,1.187735
15,5,3,5,1,0.2,-1,-1,-1,-1,-1
15,5,3,5,1,0.5,-1,-1,-1,-1,-1
15,5,3,5,1,1,-1,-1,-1,-1,-1
15,5,3,5,3,0.2,-1,-1,-1,-1,-1
15,5,3,5,3,0.5,-1,-1,-1,-1,-1
15,5,3,5,3,1,-1,-1,-1,-1,-1
15,5,3,5,5,0.2,-1,-1,-1,-1,-1
15,5,3,5,5,0.5,-1,-1,-1,-1,-1
15,5,3,5,5,1,-1,-1,-1,-1,-1
15,5,5,0.2,1,0.2,56.14,0.2122,4,4443.119739,127.362614
15,5,5,0.2,1,0.5,50.97,0.212208,5,4900.254911,74.050845
15,5,5,0.2,1,1,-1,-1,-1,-1,-1
15,5,5,0.2,3,0.2,56.63,0.212691,4,4471.159724,127.147499
15,5,5,0.2,3,0.5,51.42,0.2137,5,4293.672089,72.746415
15,5,5,0.2,3,1,48.9,0.214467,5,4886.684102,108.699842
15,5,5,0.2,5,0.2,-1,-1,-1,-1,-1
15,5,5,0.2,5,0.5,56.31,0.258892,5,3442.756451,63.025063
15,5,5,0.2,5,1,47.04,0.212697,4,4808.424773,62.300336
15,5,5,0.5,1,0.2,59.15,0.252756,5,1823.003185,27.425308
15,5,5,0.5,1,0.5,-1,-1,-1,-1,-1
15,5,5,0.5,1,1,-1,-1,-1,-1,-1
15,5,5,0.5,3,0.2,71.96,0.252756,9,1772.38115,53.529695
15,5,5,0.5,3,0.5,-1,-1,-1,-1,-1
15,5,5,0.5,3,1,-1,-1,-1,-1,-1
15,5,5,0.5,5,0.2,-1,-1,-1,-1,-1
15,5,5,0.5,5,0.5,-1,-1,-1,-1,-1
15,5,5,0.5,5,1,56.2,0.261737,6,1238.720289,12.018266
15,5,5,1,1,0.2,-1,-1,-1,-1,-1
15,5,5,1,1,0.5,-1,-1,-1,-1,-1
15,5,5,1,1,1,-1,-1,-1,-1,-1
15,5,5,1,3,0.2,-1,-1,-1,-1,-1
15,5,5,1,3,0.5,-1,-1,-1,-1,-1
15,5,5,1,3,1,-1,-1,-1,-1,-1
15,5,5,1,5,0.2,-1,-1,-1,-1,-1
15,5,5,1,5,0.5,-1,-1,-1,-1,-1
15,5,5,1,5,1,-1,-1,-1,-1,-1
15,5,5,5,1,0.2,-1,-1,-1,-1,-1
15,5,5,5,1,0.5,-1,-1,-1,-1,-1
15,5,5,5,1,1,-1,-1,-1,-1,-1
15,5,5,5,3,0.2,-1,-1,-1,-1,-1
15,5,5,5,3,0.5,-1,-1,-1,-1,-1
15,5,5,5,3,1,-1,-1,-1,-1,-1
15,5,5,5,5,0.2,-1,-1,-1,-1,-1
15,5,5,5,5,0.5,-1,-1,-1,-1,-1
15,5,5,5,5,1,-1,-1,-1,-1,-1
15,5,7,0.2,1,0.2,49.14,0.209918,6,6503.355517,314.186651
15,5,7,0.2,1,0.5,38.42,0.207723,4,5791.115023,132.630304
15,5,7,0.2,1,1,39.7,0.211604,5,6205.823361,162.992338
15,5,7,0.2,3,0.2,43.57,0.211441,4,5711.272777,220.350645
15,5,7,0.2,3,0.5,38.82,0.209095,4,5601.223944,126.573954
15,5,7,0.2,3,1,39.67,0.210994,5,6324.901024,157.554222
15,5,7,0.2,5,0.2,-1,-1,-1,-1,-1
15,5,7,0.2,5,0.5,-1,-1,-1,-1,-1
15,5,7,0.2,5,1,46.54,0.265197,7,6434.595504,208.830689
15,5,7,0.5,1,0.2,-1,-1,-1,-1,-1
15,5,7,0.5,1,0.5,-1,-1,-1,-1,-1
15,5,7,0.5,1,1,-1,-1,-1,-1,-1
15,5,7,0.5,3,0.2,-1,-1,-1,-1,-1
15,5,7,0.5,3,0.5,-1,-1,-1,-1,-1
15,5,7,0.5,3,1,43.69,0.253023,5,2337.376037,14.379371
15,5,7,0.5,5,0.2,-1,-1,-1,-1,-1
15,5,7,0.5,5,0.5,-1,-1,-1,-1,-1
15,5,7,0.5,5,1,55.97,0.253023,9,2564.480706,88.338949
15,5,7,1,1,0.2,-1,-1,-1,-1,-1
15,5,7,1,1,0.5,-1,-1,-1,-1,-1
15,5,7,1,1,1,-1,-1,-1,-1,-1
15,5,7,1,3,0.2,-1,-1,-1,-1,-1
15,5,7,1,3,0.5,-1,-1,-1,-1,-1
15,5,7,1,3,1,-1,-1,-1,-1,-1
15,5,7,1,5,0.2,-1,-1,-1,-1,-1
15,5,7,1,5,0.5,-1,-1,-1,-1,-1
15,5,7,1,5,1,-1,-1,-1,-1,-1
15,5,7,5,1,0.2,-1,-1,-1,-1,-1
15,5,7,5,1,0.5,-1,-1,-1,-1,-1
15,5,7,5,1,1,-1,-1,-1,-1,-1
15,5,7,5,3,0.2,-1,-1,-1,-1,-1
15,5,7,5,3,0.5,-1,-1,-1,-1,-1
15,5,7,5,3,1,-1,-1,-1,-1,-1
15,5,7,5,5,0.2,-1,-1,-1,-1,-1
15,5,7,5,5,0.5,-1,-1,-1,-1,-1
15,5,7,5,5,1,-1,-1,-1,-1,-1
15,5,10,0.2,1,0.2,50.85,0.206951,10,9014.541972,637.859105
15,5,10,0.2,1,0.5,31.24,0.207242,4,8976.67702,261.156662
15,5,10,0.2,1,1,32.7,0.217033,5,7804.416631,293.522575
15,5,10,0.2,3,0.2,38.39,0.215621,6,9507.052416,461.329227
15,5,10,0.2,3,0.5,30.57,0.21606,4,9667.170275,260.094623
15,5,10,0.2,3,1,29.37,0.214006,4,8817.50036,222.663861
15,5,10,0.2,5,0.2,-1,-1,-1,-1,-1
15,5,10,0.2,5,0.5,-1,-1,-1,-1,-1
15,5,10,0.2,5,1,-1,-1,-1,-1,-1
15,5,10,0.5,1,0.2,-1,-1,-1,-1,-1
15,5,10,0.5,1,0.5,-1,-1,-1,-1,-1
15,5,10,0.5,1,1,-1,-1,-1,-1,-1
15,5,10,0.5,3,0.2,-1,-1,-1,-1,-1
15,5,10,0.5,3,0.5,-1,-1,-1,-1,-1
15,5,10,0.5,3,1,-1,-1,-1,-1,-1
15,5,10,0.5,5,0.2,-1,-1,-1,-1,-1
15,5,10,0.5,5,0.5,-1,-1,-1,-1,-1
15,5,10,0.5,5,1,25.78,0.417864,3,3892.783878,28.045948
15,5,10,1,1,0.2,-1,-1,-1,-1,-1
15,5,10,1,1,0.5,-1,-1,-1,-1,-1
15,5,10,1,1,1,-1,-1,-1,-1,-1
15,5,10,1,3,0.2,-1,-1,-1,-1,-1
15,5,10,1,3,0.5,-1,-1,-1,-1,-1
15,5,10,1,3,1,-1,-1,-1,-1,-1
15,5,10,1,5,0.2,-1,-1,-1,-1,-1
15,5,10,1,5,0.5,-1,-1,-1,-1,-1
15,5,10,1,5,1,-1,-1,-1,-1,-1
15,5,10,5,1,0.2,-1,-1,-1,-1,-1
15,5,10,5,1,0.5,-1,-1,-1,-1,-1
15,5,10,5,1,1,-1,-1,-1,-1,-1
15,5,10,5,3,0.2,-1,-1,-1,-1,-1
15,5,10,5,3,0.5,-1,-1,-1,-1,-1
15,5,10,5,3,1,-1,-1,-1,-1,-1
15,5,10,5,5,0.2,-1,-1,-1,-1,-1
15,5,10,5,5,0.5,-1,-1,-1,-1,-1
15,5,10,5,5,1,-1,-1,-1,-1,-1
20,1,3,0.2,1,0.2,22.62,0.293048,0,1271.33782,8.422109
20,1,3,0.2,1,0.5,22.62,0.293048,0,1271.33782,8.422109
20,1,3,0.2,1,1,22.62,0.293048,0,1271.33782,8.422109
20,1,3,0.2,3,0.2,21.95,0.293048,0,1271.33782,8.679302
20,1,3,0.2,3,0.5,21.95,0.293048,0,1271.33782,8.679302
20,1,3,0.2,3,1,21.95,0.293048,0,1271.33782,8.679302
20,1,3,0.2,5,0.2,21.28,0.293048,0,1271.33782,8.952698
20,1,3,0.2,5,0.5,21.28,0.293048,0,1271.33782,8.952698
20,1,3,0.2,5,1,21.28,0.293048,0,1271.33782,8.952698
20,1,3,0.5,1,0.2,23.12,0.31957,0,481.36092,2.975675
20,1,3,0.5,1,0.5,23.12,0.31957,0,481.36092,2.975675
20,1,3,0.5,1,1,23.12,0.31957,0,481.36092,2.975675
20,1,3,0.5,3,0.2,22.45,0.31957,0,481.36092,3.064503
20,1,3,0.5,3,0.5,22.45,0.31957,0,481.36092,3.064503
20,1,3,0.5,3,1,22.45,0.31957,0,481.36092,3.064503
20,1,3,0.5,5,0.2,21.78,0.31957,0,481.36092,3.158742
20,1,3,0.5,5,0.5,21.78,0.31957,0,481.36092,3.158742
20,1,3,0.5,5,1,21.78,0.31957,0,481.36092,3.158742
20,1,3,1,1,0.2,24.09,0.419914,0,211.149028,1.261897
20,1,3,1,1,0.5,24.09,0.419914,0,211.149028,1.261897
20,1,3,1,1,1,24.09,0.419914,0,211.149028,1.261897
20,1,3,1,3,0.2,23.42,0.419914,0,211.149028,1.297767
20,1,3,1,3,0.5,23.42,0.419914,0,211.149028,1.297767
20,1,3,1,3,1,23.42,0.419914,0,211.149028,1.297767
20,1,3,1,5,0.2,22.75,0.419914,0,211.149028,1.335525
20,1,3,1,5,0.5,22.75,0.419914,0,211.149028,1.335525
20,1,3,1,5,1,22.75,0.419914,0,211.149028,1.335525
20,1,3,5,1,0.2,-1,-1,-1,-1,-1
20,1,3,5,1,0.5,-1,-1,-1,-1,-1
20,1,3,5,1,1,-1,-1,-1,-1,-1
20,1,3,5,3,0.2,-1,-1,-1,-1,-1
20,1,3,5,3,0.5,-1,-1,-1,-1,-1
20,1,3,5,3,1,-1,-1,-1,-1,-1
20,1,3,5,5,0.2,-1,-1,-1,-1,-1
20,1,3,5,5,0.5,-1,-1,-1,-1,-1
20,1,3,5,5,1,-1,-1,-1,-1,-1
20,1,5,0.2,1,0.2,13.7,0.293123,0,2121.583999,22.537189
20,1,5,0.2,1,0.5,13.7,0.293123,0,2121.583999,22.537189
20,1,5,0.2,1,1,13.7,0.293123,0,2121.583999,22.537189
20,1,5,0.2,3,0.2,13.3,0.293123,0,2121.583999,23.215506
20,1,5,0.2,3,0.5,13.3,0.293123,0,2121.583999,23.215506
20,1,5,0.2,3,1,13.3,0.293123,0,2121.583999,23.215506
20,1,5,0.2,5,0.2,12.9,0.293123,0,2121.583999,23.9359
20,1,5,0.2,5,0.5,12.9,0.293123,0,2121.583999,23.9359
20,1,5,0.2,5,1,12.9,0.293123,0,2121.583999,23.9359
20,1,5,0.5,1,0.2,14.3,0.382853,0,689.999356,7.292599
20,1,5,0.5,1,0.5,14.3,0.382853,0,689.999356,7.292599
20,1,5,0.5,1,1,14.3,0.382853,0,689.999356,7.292599
20,1,5,0.5,3,0.2,13.9,0.382853,0,689.999356,7.501897
20,1,5,0.5,3,0.5,13.9,0.382853,0,689.999356,7.501897
20,1,5,0.5,3,1,13.9,0.382853,0,689.999356,7.501897
20,1,5,0.5,5,0.2,13.5,0.382853,0,689.999356,7.722703
20,1,5,0.5,5,0.5,13.5,0.382853,0,689.999356,7.722703
20,1,5,0.5,5,1,13.5,0.382853,0,689.999356,7.722703
20,1,5,1,1,0.2,-1,-1,-1,-1,-1
20,1,5,1,1,0.5,-1,-1,-1,-1,-1
20,1,5,1,1,1,-1,-1,-1,-1,-1
20,1,5,1,3,0.2,-1,-1,-1,-1,-1
20,1,5,1,3,0.5,-1,-1,-1,-1,-1
20,1,5,1,3,1,-1,-1,-1,-1,-1
20,1,5,1,5,0.2,-1,-1,-1,-1,-1
20,1,5,1,5,0.5,-1,-1,-1,-1,-1
20,1,5,1,5,1,-1,-1,-1,-1,-1
20,1,5,5,1,0.2,-1,-1,-1,-1,-1
20,1,5,5,1,0.5,-1,-1,-1,-1,-1
20,1,5,5,1,1,-1,-1,-1,-1,-1
20,1,5,5,3,0.2,-1,-1,-1,-1,-1
20,1,5,5,3,0.5,-1,-1,-1,-1,-1
20,1,5,5,3,1,-1,-1,-1,-1,-1
20,1,5,5,5,0.2,-1,-1,-1,-1,-1
20,1,5,5,5,0.5,-1,-1,-1,-1,-1
20,1,5,5,5,1,-1,-1,-1,-1,-1
20,1,7,0.2,1,0.2,9.87,0.317572,0,2759.027404,38.392309
20,1,7,0.2,1,0.5,9.87,0.317572,0,2759.027404,38.392309
20,1,7,0.2,1,1,9.87,0.317572,0,2759.027404,38.392309
20,1,7,0.2,3,0.2,9.59,0.317572,0,2759.027404,39.514279
20,1,7,0.2,3,0.5,9.59,0.317572,0,2759.027404,39.514279
20,1,7,0.2,3,1,9.59,0.317572,0,2759.027404,39.514279
20,1,7,0.2,5,0.2,9.3,0.317572,0,2759.027404,40.747106
20,1,7,0.2,5,0.5,9.3,0.317572,0,2759.027404,40.747106
20,1,7,0.2,5,1,9.3,0.317572,0,2759.027404,40.747106
20,1,7,0.5,1,0.2,10.46,0.478164,0,994.514914,12.522147
20,1,7,0.5,1,0.5,10.46,0.478164,0,994.514914,12.522147
20,1,7,0.5,1,1,10.46,0.478164,0,994.514914,12.522147
20,1,7,0.5,3,0.2,10.17,0.478164,0,994.514914,12.875042
20,1,7,0.5,3,0.5,10.17,0.478164,0,994.514914,12.875042
20,1,7,0.5,3,1,10.17,0.478164,0,994.514914,12.875042
20,1,7,0.5,5,0.2,9.88,0.478164,0,994.514914,13.245906
20,1,7,0.5,5,0.5,9.88,0.478164,0,994.514914,13.245906
20,1,7,0.5,5,1,9.88,0.478164,0,994.514914,13.245906
20,1,7,1,1,0.2,-1,-1,-1,-1,-1
20,1,7,1,1,0.5,-1,-1,-1,-1,-1
20,1,7,1,1,1,-1,-1,-1,-1,-1
20,1,7,1,3,0.2,-1,-1,-1,-1,-1
20,1,7,1,3,0.5,-1,-1,-1,-1,-1
20,1,7,1,3,1,-1,-1,-1,-1,-1
20,1,7,1,5,0.2,-1,-1,-1,-1,-1
20,1,7,1,5,0.5,-1,-1,-1,-1,-1
20,1,7,1,5,1,-1,-1,-1,-1,-1
20,1,7,5,1,0.2,-1,-1,-1,-1,-1
20,1,7,5,1,0.5,-1,-1,-1,-1,-1
20,1,7,5,1,1,-1,-1,-1,-1,-1
20,1,7,5,3,0.2,-1,-1,-1,-1,-1
20,1,7,5,3,0.5,-1,-1,-1,-1,-1
20,1,7,5,3,1,-1,-1,-1,-1,-1
20,1,7,5,5,0.2,-1,-1,-1,-1,-1
20,1,7,5,5,0.5,-1,-1,-1,-1,-1
20,1,7,5,5,1,-1,-1,-1,-1,-1
20,1,10,0.2,1,0.2,7.04,0.320042,0,3861.74848,77.446828
20,1,10,0.2,1,0.5,7.04,0.320042,0,3861.74848,77.446828
20,1,10,0.2,1,1,7.04,0.320042,0,3861.74848,77.446828
20,1,10,0.2,3,0.2,6.84,0.320042,0,3861.74848,79.7119
20,1,10,0.2,3,0.5,6.84,0.320042,0,3861.74848,79.7119
20,1,10,0.2,3,1,6.84,0.320042,0,3861.74848,79.7119
20,1,10,0.2,5,0.2,6.64,0.320042,0,3861.74848,82.108526
20,1,10,0.2,5,0.5,6.64,0.320042,0,3861.74848,82.108526
20,1,10,0.2,5,1,6.64,0.320042,0,3861.74848,82.108526
20,1,10,0.5,1,0.2,-1,-1,-1,-1,-1
20,1,10,0.5,1,0.5,-1,-1,-1,-1,-1
20,1,10,0.5,1,1,-1,-1,-1,-1,-1
20,1,10,0.5,3,0.2,-1,-1,-1,-1,-1
20,1,10,0.5,3,0.5,-1,-1,-1,-1,-1
20,1,10,0.5,3,1,-1,-1,-1,-1,-1
20,1,10,0.5,5,0.2,-1,-1,-1,-1,-1
20,1,10,0.5,5,0.5,-1,-1,-1,-1,-1
20,1,10,0.5,5,1,-1,-1,-1,-1,-1
20,1,10,1,1,0.2,-1,-1,-1,-1,-1
20,1,10,1,1,0.5,-1,-1,-1,-1,-1
20,1,10,1,1,1,-1,-1,-1,-1,-1
20,1,10,1,3,0.2,-1,-1,-1,-1,-1
20,1,10,1,3,0.5,-1,-1,-1,-1,-1
20,1,10,1,3,1,-1,-1,-1,-1,-1
20,1,10,1,5,0.2,-1,-1,-1,-1,-1
20,1,10,1,5,0.5,-1,-1,-1,-1,-1
20,1,10,1,5,1,-1,-1,-1,-1,-1
20,1,10,5,1,0.2,-1,-1,-1,-1,-1
20,1,10,5,1,0.5,-1,-1,-1,-1,-1
20,1,10,5,1,1,-1,-1,-1,-1,-1
20,1,10,5,3,0.2,-1,-1,-1,-1,-1
20,1,10,5,3,0.5,-1,-1,-1,-1,-1
20,1,10,5,3,1,-1,-1,-1,-1,-1
20,1,10,5,5,0.2,-1,-1,-1,-1,-1
20,1,10,5,5,0.5,-1,-1,-1,-1,-1
20,1,10,5,5,1,-1,-1,-1,-1,-1
20,3,3,0.2,1,0.2,35.02,0.0661,1,1497.58128,32.034028
20,3,3,0.2,1,0.5,34.71,0.065383,1,1497.58128,27.15134
20,3,3,0.2,1,1,34.22,0.063674,1,1497.58128,20.544134
20,3,3,0.2,3,0.2,37.33,0.050809,1,1500.978504,53.655644
20,3,3,0.2,3,0.5,37.3,0.048954,2,1507.023745,48.154844
20,3,3,0.2,3,1,36.13,0.048954,2,1497.58128,32.809083
20,3,3,0.2,5,0.2,35.65,0.048954,1,1505.723849,55.329543
20,3,3,0.2,5,0.5,35.38,0.048954,2,1500.273872,48.681054
20,3,3,0.2,5,1,34.27,0.048954,2,1503.83134,32.298019
20,3,3,0.5,1,0.2,38.11,0.196572,2,589.991838,5.984771
20,3,3,0.5,1,0.5,37.11,0.196572,2,589.991838,4.843419
20,3,3,0.5,1,1,35.4,0.196572,2,650.913704,3.804059
20,3,3,0.5,3,0.2,33.96,0.196572,1,589.991838,4.172729
20,3,3,0.5,3,0.5,33.7,0.196572,1,589.991838,4.133381
20,3,3,0.5,3,1,33.03,0.196572,1,588.013977,3.421879
20,3,3,0.5,5,0.2,32.22,0.196572,1,589.991838,4.17653
20,3,3,0.5,5,0.5,31.98,0.196572,1,589.991838,4.139456
20,3,3,0.5,5,1,31.23,0.196572,1,588.013977,3.48634
20,3,3,1,1,0.2,-1,-1,-1,-1,-1
20,3,3,1,1,0.5,-1,-1,-1,-1,-1
20,3,3,1,1,1,-1,-1,-1,-1,-1
20,3,3,1,3,0.2,-1,-1,-1,-1,-1
20,3,3,1,3,0.5,-1,-1,-1,-1,-1
20,3,3,1,3,1,-1,-1,-1,-1,-1
20,3,3,1,5,0.2,-1,-1,-1,-1,-1
20,3,3,1,5,0.5,-1,-1,-1,-1,-1
20,3,3,1,5,1,-1,-1,-1,-1,-1
20,3,3,5,1,0.2,-1,-1,-1,-1,-1
20,3,3,5,1,0.5,-1,-1,-1,-1,-1
20,3,3,5,1,1,-1,-1,-1,-1,-1
20,3,3,5,3,0.2,-1,-1,-1,-1,-1
20,3,3,5,3,0.5,-1,-1,-1,-1,-1
20,3,3,5,3,1,-1,-1,-1,-1,-1
20,3,3,5,5,0.2,-1,-1,-1,-1,-1
20,3,3,5,5,0.5,-1,-1,-1,-1,-1
20,3,3,5,5,1,-1,-1,-1,-1,-1
20,3,5,0.2,1,0.2,27.2,0.106104,2,3135.846082,190.59988
20,3,5,0.2,1,0.5,24.28,0.106104,2,3406.597071,103.766105
20,3,5,0.2,1,1,23.11,0.106104,2,2689.186206,81.490496
20,3,5,0.2,3,0.2,23.53,0.106104,1,3135.846082,183.709037
20,3,5,0.2,3,0.5,21.07,0.106104,1,2499.457451,83.428896
20,3,5,0.2,3,1,20.74,0.106104,1,2689.186206,72.128506
20,3,5,0.2,5,0.2,22.43,0.106104,1,3135.846082,190.885323
20,3,5,0.2,5,0.5,19.99,0.106104,1,2499.457451,85.905532
20,3,5,0.2,5,1,19.66,0.106104,1,2689.186206,74.051686
20,3,5,0.5,1,0.2,24.86,0.457525,1,988.706217,6.474722
20,3,5,0.5,1,0.5,24.66,0.457525,1,988.706217,6.590124
20,3,5,0.5,1,1,24.43,0.457525,1,988.706217,6.758886
20,3,5,0.5,3,0.2,22.84,0.457525,1,988.706217,6.889479
20,3,5,0.5,3,0.5,22.68,0.457525,1,988.706217,6.989894
20,3,5,0.5,3,1,22.44,0.457525,1,988.706217,7.178899
20,3,5,0.5,5,0.2,21.74,0.457525,1,988.706217,6.819179
20,3,5,0.5,5,0.5,21.57,0.457525,1,988.706217,6.921861
20,3,5,0.5,5,1,21.33,0.457525,1,988.706217,7.125573
20,3,5,1,1,0.2,-1,-1,-1,-1,-1
20,3,5,1,1,0.5,-1,-1,-1,-1,-1
20,3,5,1,1,1,-1,-1,-1,-1,-1
20,3,5,1,3,0.2,-1,-1,-1,-1,-1
20,3,5,1,3,0.5,-1,-1,-1,-1,-1
20,3,5,1,3,1,-1,-1,-1,-1,-1
20,3,5,1,5,0.2,-1,-1,-1,-1,-1
20,3,5,1,5,0.5,-1,-1,-1,-1,-1
20,3,5,1,5,1,-1,-1,-1,-1,-1
20,3,5,5,1,0.2,-1,-1,-1,-1,-1
20,3,5,5,1,0.5,-1,-1,-1,-1,-1
20,3,5,5,1,1,-1,-1,-1,-1,-1
20,3,5,5,3,0.2,-1,-1,-1,-1,-1
20,3,5,5,3,0.5,-1,-1,-1,-1,-1
20,3,5,5,3,1,-1,-1,-1,-1,-1
20,3,5,5,5,0.2,-1,-1,-1,-1,-1
20,3,5,5,5,0.5,-1,-1,-1,-1,-1
20,3,5,5,5,1,-1,-1,-1,-1,-1
20,3,7,0.2,1,0.2,21.3,0.170824,2,3585.523984,352.912497
20,3,7,0.2,1,0.5,19.43,0.170824,2,4059.685518,227.692607
20,3,7,0.2,1,1,18.6,0.170824,2,4519.141804,200.673224
20,3,7,0.2,3,0.2,17.79,0.170824,1,3585.523984,321.71959
20,3,7,0.2,3,0.5,16.21,0.170824,1,3539.455547,148.428492
20,3,7,0.2,3,1,15.96,0.170824,1,3539.455547,128.262293
20,3,7,0.2,5,0.2,17.03,0.170824,1,3585.523984,333.41307
20,3,7,0.2,5,0.5,15.47,0.170824,1,3539.455547,152.672172
20,3,7,0.2,5,1,15.21,0.170824,1,3539.455547,131.618436
20,3,7,0.5,1,0.2,-1,-1,-1,-1,-1
20,3,7,0.5,1,0.5,-1,-1,-1,-1,-1
20,3,7,0.5,1,1,-1,-1,-1,-1,-1
20,3,7,0.5,3,0.2,-1,-1,-1,-1,-1
20,3,7,0.5,3,0.5,-1,-1,-1,-1,-1
20,3,7,0.5,3,1,-1,-1,-1,-1,-1
20,3,7,0.5,5,0.2,-1,-1,-1,-1,-1
20,3,7,0.5,5,0.5,-1,-1,-1,-1,-1
20,3,7,0.5,5,1,-1,-1,-1,-1,-1
20,3,7,1,1,0.2,-1,-1,-1,-1,-1
20,3,7,1,1,0.5,-1,-1,-1,-1,-1
20,3,7,1,1,1,-1,-1,-1,-1,-1
20,3,7,1,3,0.2,-1,-1,-1,-1,-1
20,3,7,1,3,0.5,-1,-1,-1,-1,-1
20,3,7,1,3,1,-1,-1,-1,-1,-1
20,3,7,1,5,0.2,-1,-1,-1,-1,-1
20,3,7,1,5,0.5,-1,-1,-1,-1,-1
20,3,7,1,5,1,-1,-1,-1,-1,-1
20,3,7,5,1,0.2,-1,-1,-1,-1,-1
20,3,7,5,1,0.5,-1,-1,-1,-1,-1
20,3,7,5,1,1,-1,-1,-1,-1,-1
20,3,7,5,3,0.2,-1,-1,-1,-1,-1
20,3,7,5,3,0.5,-1,-1,-1,-1,-1
20,3,7,5,3,1,-1,-1,-1,-1,-1
20,3,7,5,5,0.2,-1,-1,-1,-1,-1
20,3,7,5,5,0.5,-1,-1,-1,-1,-1
20,3,7,5,5,1,-1,-1,-1,-1,-1
20,3,10,0.2,1,0.2,17.34,0.290223,2,5427.492569,595.034528
20,3,10,0.2,1,0.5,15.67,0.290223,2,5058.001616,377.17741
20,3,10,0.2,1,1,15.13,0.290223,2,5191.670355,298.266031
20,3,10,0.2,3,0.2,13.93,0.290223,1,5427.492569,492.509219
20,3,10,0.2,3,0.5,12.46,0.290223,1,5058.001616,253.530679
20,3,10,0.2,3,1,12.3,0.290223,1,5191.670355,226.112804
20,3,10,0.2,5,0.2,13.46,0.290223,1,5427.492569,507.576699
20,3,10,0.2,5,0.5,11.99,0.290223,1,5058.001616,261.086287
20,3,10,0.2,5,1,11.82,0.290223,1,5191.670355,232.886558
20,3,10,0.5,1,0.2,-1,-1,-1,-1,-1
20,3,10,0.5,1,0.5,-1,-1,-1,-1,-1
20,3,10,0.5,1,1,-1,-1,-1,-1,-1
20,3,10,0.5,3,0.2,-1,-1,-1,-1,-1
20,3,10,0.5,3,0.5,-1,-1,-1,-1,-1
20,3,10,0.5,3,1,-1,-1,-1,-1,-1
20,3,10,0.5,5,0.2,-1,-1,-1,-1,-1
20,3,10,0.5,5,0.5,-1,-1,-1,-1,-1
20,3,10,0.5,5,1,-1,-1,-1,-1,-1
20,3,10,1,1,0.2,-1,-1,-1,-1,-1
20,3,10,1,1,0.5,-1,-1,-1,-1,-1
20,3,10,1,1,1,-1,-1,-1,-1,-1
20,3,10,1,3,0.2,-1,-1,-1,-1,-1
20,3,10,1,3,0.5,-1,-1,-1,-1,-1
20,3,10,1,3,1,-1,-1,-1,-1,-1
20,3,10,1,5,0.2,-1,-1,-1,-1,-1
20,3,10,1,5,0.5,-1,-1,-1,-1,-1
20,3,10,1,5,1,-1,-1,-1,-1,-1
20,3,10,5,1,0.2,-1,-1,-1,-1,-1
20,3,10,5,1,0.5,-1,-1,-1,-1,-1
20,3,10,5,1,1,-1,-1,-1,-1,-1
20,3,10,5,3,0.2,-1,-1,-1,-1,-1
20,3,10,5,3,0.5,-1,-1,-1,-1,-1
20,3,10,5,3,1,-1,-1,-1,-1,-1
20,3,10,5,5,0.2,-1,-1,-1,-1,-1
20,3,10,5,5,0.5,-1,-1,-1,-1,-1
20,3,10,5,5,1,-1,-1,-1,-1,-1
20,5,3,0.2,1,0.2,87.02,0.212093,6,2666.45725,53.865751
20,5,3,0.2,1,0.5,69.49,0.214766,4,1917.616253,18.75758
20,5,3,0.2,1,1,-1,-1,-1,-1,-1
20,5,3,0.2,3,0.2,81,0.211925,4,2315.139886,30.777796
20,5,3,0.2,3,0.5,75.67,0.214122,6,2358.532598,47.79087
20,5,3,0.2,3,1,66.82,0.163872,4,2750.460272,36.531802
20,5,3,0.2,5,0.2,-1,-1,-1,-1,-1
20,5,3,0.2,5,0.5,71.9,0.212438,4,1493.515455,17.161491
20,5,3,0.2,5,1,66.17,0.162,3,2879.713397,18.706414
20,5,3,0.5,1,0.2,80.05,0.211236,4,595.471139,5.925703
20,5,3,0.5,1,0.5,-1,-1,-1,-1,-1
20,5,3,0.5,1,1,-1,-1,-1,-1,-1
20,5,3,0.5,3,0.2,80.12,0.209659,4,1022.684189,6.011917
20,5,3,0.5,3,0.5,73.04,0.212244,5,775.335172,5.313796
20,5,3,0.5,3,1,71.22,0.207283,5,765.962197,6.255255
20,5,3,0.5,5,0.2,-1,-1,-1,-1,-1
20,5,3,0.5,5,0.5,78.87,0.23814,6,591.184467,3.905874
20,5,3,0.5,5,1,73.21,0.211827,5,1148.210539,3.994692
20,5,3,1,1,0.2,86.77,0.349264,4,500.410187,1.870329
20,5,3,1,1,0.5,-1,-1,-1,-1,-1
20,5,3,1,1,1,64.95,0.347247,2,369.454483,1.211776
20,5,3,1,3,0.2,84.33,0.349264,3,535.901133,1.605189
20,5,3,1,3,0.5,77.67,0.349264,5,554.8083,1.468871
20,5,3,1,3,1,82.15,0.347247,7,534.18401,3.485771
20,5,3,1,5,0.2,-1,-1,-1,-1,-1
20,5,3,1,5,0.5,81.26,0.349264,6,366.924161,2.824791
20,5,3,1,5,1,76.54,0.347247,5,316.317637,1.956427
20,5,3,5,1,0.2,-1,-1,-1,-1,-1
20,5,3,5,1,0.5,-1,-1,-1,-1,-1
20,5,3,5,1,1,-1,-1,-1,-1,-1
20,5,3,5,3,0.2,-1,-1,-1,-1,-1
20,5,3,5,3,0.5,-1,-1,-1,-1,-1
20,5,3,5,3,1,-1,-1,-1,-1,-1
20,5,3,5,5,0.2,-1,-1,-1,-1,-1
20,5,3,5,5,0.5,-1,-1,-1,-1,-1
20,5,3,5,5,1,-1,-1,-1,-1,-1
20,5,5,0.2,1,0.2,53.09,0.212109,4,4866.722462,96.184462
20,5,5,0.2,1,0.5,59.36,0.211215,8,4860.328244,183.004501
20,5,5,0.2,1,1,-1,-1,-1,-1,-1
20,5,5,0.2,3,0.2,53.25,0.214195,4,4442.82796,105.449839
20,5,5,0.2,3,0.5,51.52,0.214205,5,4766.906301,100.047075
20,5,5,0.2,3,1,48.52,0.213349,5,4207.94837,125.013523
20,5,5,0.2,5,0.2,-1,-1,-1,-1,-1
20,5,5,0.2,5,0.5,56.22,0.260483,5,3832.96418,78.174388
20,5,5,0.2,5,1,46.63,0.212915,4,4656.88187,82.22749
20,5,5,0.5,1,0.2,55.65,0.250212,4,1753.061182,15.858629
20,5,5,0.5,1,0.5,-1,-1,-1,-1,-1
20,5,5,0.5,1,1,51.64,0.250212,5,1190.505917,15.70758
20,5,5,0.5,3,0.2,54.42,0.250212,4,1908.803403,14.787921
20,5,5,0.5,3,0.5,49.4,0.250212,4,1004.410248,7.569144
20,5,5,0.5,3,1,50.69,0.250212,5,1780.915566,13.35231
20,5,5,0.5,5,0.2,-1,-1,-1,-1,-1
20,5,5,0.5,5,0.5,-1,-1,-1,-1,-1
20,5,5,0.5,5,1,54.16,0.250212,6,1690.549478,23.798721
20,5,5,1,1,0.2,-1,-1,-1,-1,-1
20,5,5,1,1,0.5,-1,-1,-1,-1,-1
20,5,5,1,1,1,-1,-1,-1,-1,-1
20,5,5,1,3,0.2,-1,-1,-1,-1,-1
20,5,5,1,3,0.5,-1,-1,-1,-1,-1
20,5,5,1,3,1,-1,-1,-1,-1,-1
20,5,5,1,5,0.2,-1,-1,-1,-1,-1
20,5,5,1,5,0.5,-1,-1,-1,-1,-1
20,5,5,1,5,1,-1,-1,-1,-1,-1
20,5,5,5,1,0.2,-1,-1,-1,-1,-1
20,5,5,5,1,0.5,-1,-1,-1,-1,-1
20,5,5,5,1,1,-1,-1,-1,-1,-1
20,5,5,5,3,0.2,-1,-1,-1,-1,-1
20,5,5,5,3,0.5,-1,-1,-1,-1,-1
20,5,5,5,3,1,-1,-1,-1,-1,-1
20,5,5,5,5,0.2,-1,-1,-1,-1,-1
20,5,5,5,5,0.5,-1,-1,-1,-1,-1
20,5,5,5,5,1,-1,-1,-1,-1,-1
20,5,7,0.2,1,0.2,43.81,0.208747,5,6245.252278,224.709258
20,5,7,0.2,1,0.5,38.28,0.209014,4,5804.594825,144.544755
20,5,7,0.2,1,1,36.34,0.209787,4,5700.276254,114.143431
20,5,7,0.2,3,0.2,41.35,0.209677,4,6906.30387,186.317212
20,5,7,0.2,3,0.5,38.44,0.210809,4,6040.199579,155.715041
20,5,7,0.2,3,1,36.25,0.210196,4,6259.478809,115.033691
20,5,7,0.2,5,0.2,-1,-1,-1,-1,-1
20,5,7,0.2,5,0.5,-1,-1,-1,-1,-1
20,5,7,0.2,5,1,43.31,0.265978,6,6082.514693,166.137949
20,5,7,0.5,1,0.2,45.51,0.441813,4,2562.086935,34.406904
20,5,7,0.5,1,0.5,42.78,0.441813,4,2550.936424,20.100591
20,5,7,0.5,1,1,43.52,0.441813,5,2565.879566,29.046285
20,5,7,0.5,3,0.2,46.74,0.441813,5,2523.431243,50.951703
20,5,7,0.5,3,0.5,39.86,0.441813,3,2422.849952,18.838754
20,5,7,0.5,3,1,39.43,0.441813,4,1527.879895,17.545018
20,5,7,0.5,5,0.2,-1,-1,-1,-1,-1
20,5,7,0.5,5,0.5,-1,-1,-1,-1,-1
20,5,7,0.5,5,1,-1,-1,-1,-1,-1
20,5,7,1,1,0.2,-1,-1,-1,-1,-1
20,5,7,1,1,0.5,-1,-1,-1,-1,-1
20,5,7,1,1,1,-1,-1,-1,-1,-1
20,5,7,1,3,0.2,-1,-1,-1,-1,-1
20,5,7,1,3,0.5,-1,-1,-1,-1,-1
20,5,7,1,3,1,-1,-1,-1,-1,-1
20,5,7,1,5,0.2,-1,-1,-1,-1,-1
20,5,7,1,5,0.5,-1,-1,-1,-1,-1
20,5,7,1,5,1,-1,-1,-1,-1,-1
20,5,7,5,1,0.2,-1,-1,-1,-1,-1
20,5,7,5,1,0.5,-1,-1,-1,-1,-1
20,5,7,5,1,1,-1,-1,-1,-1,-1
20,5,7,5,3,0.2,-1,-1,-1,-1,-1
20,5,7,5,3,0.5,-1,-1,-1,-1,-1
20,5,7,5,3,1,-1,-1,-1,-1,-1
20,5,7,5,5,0.2,-1,-1,-1,-1,-1
20,5,7,5,5,0.5,-1,-1,-1,-1,-1
20,5,7,5,5,1,-1,-1,-1,-1,-1
20,5,10,0.2,1,0.2,35.8,0.211174,5,9046.065593,390.035808
20,5,10,0.2,1,0.5,31.04,0.207581,4,8979.07654,255.226007
20,5,10,0.2,1,1,32.9,0.216764,5,9489.549012,316.454535
20,5,10,0.2,3,0.2,32.41,0.213064,4,9113.177618,304.212319
20,5,10,0.2,3,0.5,30.54,0.216061,4,9176.615803,268.265346
20,5,10,0.2,3,1,29.39,0.211826,4,9489.549012,227.118695
20,5,10,0.2,5,0.2,-1,-1,-1,-1,-1
20,5,10,0.2,5,0.5,-1,-1,-1,-1,-1
20,5,10,0.2,5,1,26.52,0.215262,3,9489.549012,195.873712
20,5,10,0.5,1,0.2,-1,-1,-1,-1,-1
20,5,10,0.5,1,0.5,-1,-1,-1,-1,-1
20,5,10,0.5,1,1,-1,-1,-1,-1,-1
20,5,10,0.5,3,0.2,-1,-1,-1,-1,-1
20,5,10,0.5,3,0.5,-1,-1,-1,-1,-1
20,5,10,0.5,3,1,-1,-1,-1,-1,-1
20,5,10,0.5,5,0.2,-1,-1,-1,-1,-1
20,5,10,0.5,5,0.5,-1,-1,-1,-1,-1
20,5,10,0.5,5,1,-1,-1,-1,-1,-1
20,5,10,1,1,0.2,-1,-1,-1,-1,-1
20,5,10,1,1,0.5,-1,-1,-1,-1,-1
20,5,10,1,1,1,-1,-1,-1,-1,-1
20,5,10,1,3,0.2,-1,-1,-1,-1,-1
20,5,10,1,3,0.5,-1,-1,-1,-1,-1
20,5,10,1,3,1,-1,-1,-1,-1,-1
20,5,10,1,5,0.2,-1,-1,-1,-1,-1
20,5,10,1,5,0.5,-1,-1,-1,-1,-1
20,5,10,1,5,1,-1,-1,-1,-1,-1
20,5,10,5,1,0.2,-1,-1,-1,-1,-1
20,5,10,5,1,0.5,-1,-1,-1,-1,-1
20,5,10,5,1,1,-1,-1,-1,-1,-1
20,5,10,5,3,0.2,-1,-1,-1,-1,-1
20,5,10,5,3,0.5,-1,-1,-1,-1,-1
20,5,10,5,3,1,-1,-1,-1,-1,-1
20,5,10,5,5,0.2,-1,-1,-1,-1,-1
20,5,10,5,5,0.5,-1,-1,-1,-1,-1
20,5,10,5,5,1,-1,-1,-1,-1,-1
